{
"type": "FeatureCollection",
"name": "saugstellen",
"features": [
{ "type": "Feature", "properties": { "osm_type": "node", "osm_id": 2463357817, "category": "suction", "type_de": "Saugstelle", "all_tags": { "emergency": "suction_point", "water_source": "pond" }, "name": null, "ref": null, "operator": null, "access": null, "description": null, "note": null, "check_date": null, "fire_hydrant_type": null, "fire_hydrant_diameter": null, "fire_hydrant_pressure": null, "fire_hydrant_couplings": null, "fire_hydrant_position": null, "water_source": "pond", "water_tank_volume": null, "capacity": null, "diameter": null, "pressure": null, "source": null, "lon": 9.6628151, "lat": 53.4481245 }, "geometry": { "type": "Point", "coordinates": [ 9.6628151, 53.4481245 ] } },
{ "type": "Feature", "properties": { "osm_type": "node", "osm_id": 2508070842, "category": "suction", "type_de": "Saugstelle", "all_tags": { "emergency": "suction_point", "fire_hydrant:position": "green", "water_source": "pond" }, "name": null, "ref": null, "operator": null, "access": null, "description": null, "note": null, "check_date": null, "fire_hydrant_type": null, "fire_hydrant_diameter": null, "fire_hydrant_pressure": null, "fire_hydrant_couplings": null, "fire_hydrant_position": "green", "water_source": "pond", "water_tank_volume": null, "capacity": null, "diameter": null, "pressure": null, "source": null, "lon": 9.7366987, "lat": 53.4520481 }, "geometry": { "type": "Point", "coordinates": [ 9.7366987, 53.4520481 ] } },
{ "type": "Feature", "properties": { "osm_type": "node", "osm_id": 2950016692, "category": "suction", "type_de": "Saugstelle", "all_tags": { "emergency": "suction_point" }, "name": null, "ref": null, "operator": null, "access": null, "description": null, "note": null, "check_date": null, "fire_hydrant_type": null, "fire_hydrant_diameter": null, "fire_hydrant_pressure": null, "fire_hydrant_couplings": null, "fire_hydrant_position": null, "water_source": null, "water_tank_volume": null, "capacity": null, "diameter": null, "pressure": null, "source": null, "lon": 9.6031618, "lat": 53.529005 }, "geometry": { "type": "Point", "coordinates": [ 9.6031618, 53.529005 ] } },
{ "type": "Feature", "properties": { "osm_type": "node", "osm_id": 3328432052, "category": "suction", "type_de": "Saugstelle", "all_tags": { "emergency": "suction_point" }, "name": null, "ref": null, "operator": null, "access": null, "description": null, "note": null, "check_date": null, "fire_hydrant_type": null, "fire_hydrant_diameter": null, "fire_hydrant_pressure": null, "fire_hydrant_couplings": null, "fire_hydrant_position": null, "water_source": null, "water_tank_volume": null, "capacity": null, "diameter": null, "pressure": null, "source": null, "lon": 9.6735403, "lat": 53.4867163 }, "geometry": { "type": "Point", "coordinates": [ 9.6735403, 53.4867163 ] } },
{ "type": "Feature", "properties": { "osm_type": "node", "osm_id": 3424856186, "category": "suction", "type_de": "Saugstelle", "all_tags": { "emergency": "suction_point", "water_source": "pond" }, "name": null, "ref": null, "operator": null, "access": null, "description": null, "note": null, "check_date": null, "fire_hydrant_type": null, "fire_hydrant_diameter": null, "fire_hydrant_pressure": null, "fire_hydrant_couplings": null, "fire_hydrant_position": null, "water_source": "pond", "water_tank_volume": null, "capacity": null, "diameter": null, "pressure": null, "source": null, "lon": 9.6083888, "lat": 53.4312705 }, "geometry": { "type": "Point", "coordinates": [ 9.6083888, 53.4312705 ] } },
{ "type": "Feature", "properties": { "osm_type": "node", "osm_id": 3466272372, "category": "suction", "type_de": "Saugstelle", "all_tags": { "emergency": "suction_point", "water_source": "pond" }, "name": null, "ref": null, "operator": null, "access": null, "description": null, "note": null, "check_date": null, "fire_hydrant_type": null, "fire_hydrant_diameter": null, "fire_hydrant_pressure": null, "fire_hydrant_couplings": null, "fire_hydrant_position": null, "water_source": "pond", "water_tank_volume": null, "capacity": null, "diameter": null, "pressure": null, "source": null, "lon": 9.6942975, "lat": 53.421583 }, "geometry": { "type": "Point", "coordinates": [ 9.6942975, 53.421583 ] } },
{ "type": "Feature", "properties": { "osm_type": "node", "osm_id": 3466272946, "category": "suction", "type_de": "Saugstelle", "all_tags": { "emergency": "suction_point", "water_source": "pond" }, "name": null, "ref": null, "operator": null, "access": null, "description": null, "note": null, "check_date": null, "fire_hydrant_type": null, "fire_hydrant_diameter": null, "fire_hydrant_pressure": null, "fire_hydrant_couplings": null, "fire_hydrant_position": null, "water_source": "pond", "water_tank_volume": null, "capacity": null, "diameter": null, "pressure": null, "source": null, "lon": 9.7645948, "lat": 53.444608 }, "geometry": { "type": "Point", "coordinates": [ 9.7645948, 53.444608 ] } },
{ "type": "Feature", "properties": { "osm_type": "node", "osm_id": 3924041774, "category": "suction", "type_de": "Saugstelle", "all_tags": { "emergency": "suction_point" }, "name": null, "ref": null, "operator": null, "access": null, "description": null, "note": null, "check_date": null, "fire_hydrant_type": null, "fire_hydrant_diameter": null, "fire_hydrant_pressure": null, "fire_hydrant_couplings": null, "fire_hydrant_position": null, "water_source": null, "water_tank_volume": null, "capacity": null, "diameter": null, "pressure": null, "source": null, "lon": 9.5705831, "lat": 53.5177346 }, "geometry": { "type": "Point", "coordinates": [ 9.5705831, 53.5177346 ] } },
{ "type": "Feature", "properties": { "osm_type": "node", "osm_id": 3924073011, "category": "suction", "type_de": "Saugstelle", "all_tags": { "emergency": "suction_point", "note": "offene Löschwasserstelle" }, "name": null, "ref": null, "operator": null, "access": null, "description": null, "note": "offene Löschwasserstelle", "check_date": null, "fire_hydrant_type": null, "fire_hydrant_diameter": null, "fire_hydrant_pressure": null, "fire_hydrant_couplings": null, "fire_hydrant_position": null, "water_source": null, "water_tank_volume": null, "capacity": null, "diameter": null, "pressure": null, "source": null, "lon": 9.5744938, "lat": 53.511891 }, "geometry": { "type": "Point", "coordinates": [ 9.5744938, 53.511891 ] } },
{ "type": "Feature", "properties": { "osm_type": "node", "osm_id": 4081144398, "category": "suction", "type_de": "Saugstelle", "all_tags": { "emergency": "suction_point", "note": "Löschwasserbrunnen" }, "name": null, "ref": null, "operator": null, "access": null, "description": null, "note": "Löschwasserbrunnen", "check_date": null, "fire_hydrant_type": null, "fire_hydrant_diameter": null, "fire_hydrant_pressure": null, "fire_hydrant_couplings": null, "fire_hydrant_position": null, "water_source": null, "water_tank_volume": null, "capacity": null, "diameter": null, "pressure": null, "source": null, "lon": 9.5882404, "lat": 53.5052169 }, "geometry": { "type": "Point", "coordinates": [ 9.5882404, 53.5052169 ] } },
{ "type": "Feature", "properties": { "osm_type": "node", "osm_id": 4081151848, "category": "suction", "type_de": "Saugstelle", "all_tags": { "emergency": "suction_point", "note": "Löschwasserbrunnen" }, "name": null, "ref": null, "operator": null, "access": null, "description": null, "note": "Löschwasserbrunnen", "check_date": null, "fire_hydrant_type": null, "fire_hydrant_diameter": null, "fire_hydrant_pressure": null, "fire_hydrant_couplings": null, "fire_hydrant_position": null, "water_source": null, "water_tank_volume": null, "capacity": null, "diameter": null, "pressure": null, "source": null, "lon": 9.5943046, "lat": 53.5048501 }, "geometry": { "type": "Point", "coordinates": [ 9.5943046, 53.5048501 ] } },
{ "type": "Feature", "properties": { "osm_type": "node", "osm_id": 4081153066, "category": "suction", "type_de": "Saugstelle", "all_tags": { "emergency": "suction_point", "note": "Löschwasserbrunnen" }, "name": null, "ref": null, "operator": null, "access": null, "description": null, "note": "Löschwasserbrunnen", "check_date": null, "fire_hydrant_type": null, "fire_hydrant_diameter": null, "fire_hydrant_pressure": null, "fire_hydrant_couplings": null, "fire_hydrant_position": null, "water_source": null, "water_tank_volume": null, "capacity": null, "diameter": null, "pressure": null, "source": null, "lon": 9.5911342, "lat": 53.5057466 }, "geometry": { "type": "Point", "coordinates": [ 9.5911342, 53.5057466 ] } },
{ "type": "Feature", "properties": { "osm_type": "node", "osm_id": 4081159493, "category": "suction", "type_de": "Saugstelle", "all_tags": { "emergency": "suction_point", "note": "offene Löschwasserstelle" }, "name": null, "ref": null, "operator": null, "access": null, "description": null, "note": "offene Löschwasserstelle", "check_date": null, "fire_hydrant_type": null, "fire_hydrant_diameter": null, "fire_hydrant_pressure": null, "fire_hydrant_couplings": null, "fire_hydrant_position": null, "water_source": null, "water_tank_volume": null, "capacity": null, "diameter": null, "pressure": null, "source": null, "lon": 9.5870841, "lat": 53.5072078 }, "geometry": { "type": "Point", "coordinates": [ 9.5870841, 53.5072078 ] } },
{ "type": "Feature", "properties": { "osm_type": "node", "osm_id": 4083498436, "category": "suction", "type_de": "Saugstelle", "all_tags": { "emergency": "suction_point", "note": "Löschwasserbrunnen" }, "name": null, "ref": null, "operator": null, "access": null, "description": null, "note": "Löschwasserbrunnen", "check_date": null, "fire_hydrant_type": null, "fire_hydrant_diameter": null, "fire_hydrant_pressure": null, "fire_hydrant_couplings": null, "fire_hydrant_position": null, "water_source": null, "water_tank_volume": null, "capacity": null, "diameter": null, "pressure": null, "source": null, "lon": 9.5895007, "lat": 53.5119532 }, "geometry": { "type": "Point", "coordinates": [ 9.5895007, 53.5119532 ] } },
{ "type": "Feature", "properties": { "osm_type": "node", "osm_id": 4083500266, "category": "suction", "type_de": "Saugstelle", "all_tags": { "emergency": "suction_point", "note": "Löschwasserbrunnen" }, "name": null, "ref": null, "operator": null, "access": null, "description": null, "note": "Löschwasserbrunnen", "check_date": null, "fire_hydrant_type": null, "fire_hydrant_diameter": null, "fire_hydrant_pressure": null, "fire_hydrant_couplings": null, "fire_hydrant_position": null, "water_source": null, "water_tank_volume": null, "capacity": null, "diameter": null, "pressure": null, "source": null, "lon": 9.5877835, "lat": 53.5122858 }, "geometry": { "type": "Point", "coordinates": [ 9.5877835, 53.5122858 ] } },
{ "type": "Feature", "properties": { "osm_type": "node", "osm_id": 4083556344, "category": "suction", "type_de": "Saugstelle", "all_tags": { "emergency": "suction_point", "note": "Löschwasserbrunnen" }, "name": null, "ref": null, "operator": null, "access": null, "description": null, "note": "Löschwasserbrunnen", "check_date": null, "fire_hydrant_type": null, "fire_hydrant_diameter": null, "fire_hydrant_pressure": null, "fire_hydrant_couplings": null, "fire_hydrant_position": null, "water_source": null, "water_tank_volume": null, "capacity": null, "diameter": null, "pressure": null, "source": null, "lon": 9.5807111, "lat": 53.5099179 }, "geometry": { "type": "Point", "coordinates": [ 9.5807111, 53.5099179 ] } },
{ "type": "Feature", "properties": { "osm_type": "node", "osm_id": 4089747102, "category": "suction", "type_de": "Saugstelle", "all_tags": { "emergency": "suction_point" }, "name": null, "ref": null, "operator": null, "access": null, "description": null, "note": null, "check_date": null, "fire_hydrant_type": null, "fire_hydrant_diameter": null, "fire_hydrant_pressure": null, "fire_hydrant_couplings": null, "fire_hydrant_position": null, "water_source": null, "water_tank_volume": null, "capacity": null, "diameter": null, "pressure": null, "source": null, "lon": 9.5689952, "lat": 53.516816 }, "geometry": { "type": "Point", "coordinates": [ 9.5689952, 53.516816 ] } },
{ "type": "Feature", "properties": { "osm_type": "node", "osm_id": 4089757149, "category": "suction", "type_de": "Saugstelle", "all_tags": { "emergency": "suction_point" }, "name": null, "ref": null, "operator": null, "access": null, "description": null, "note": null, "check_date": null, "fire_hydrant_type": null, "fire_hydrant_diameter": null, "fire_hydrant_pressure": null, "fire_hydrant_couplings": null, "fire_hydrant_position": null, "water_source": null, "water_tank_volume": null, "capacity": null, "diameter": null, "pressure": null, "source": null, "lon": 9.5698965, "lat": 53.5172658 }, "geometry": { "type": "Point", "coordinates": [ 9.5698965, 53.5172658 ] } },
{ "type": "Feature", "properties": { "osm_type": "node", "osm_id": 4229561768, "category": "suction", "type_de": "Saugstelle", "all_tags": { "emergency": "suction_point", "note": "offene Löschwasserstelle" }, "name": null, "ref": null, "operator": null, "access": null, "description": null, "note": "offene Löschwasserstelle", "check_date": null, "fire_hydrant_type": null, "fire_hydrant_diameter": null, "fire_hydrant_pressure": null, "fire_hydrant_couplings": null, "fire_hydrant_position": null, "water_source": null, "water_tank_volume": null, "capacity": null, "diameter": null, "pressure": null, "source": null, "lon": 9.5818162, "lat": 53.5053159 }, "geometry": { "type": "Point", "coordinates": [ 9.5818162, 53.5053159 ] } },
{ "type": "Feature", "properties": { "osm_type": "node", "osm_id": 4229582709, "category": "suction", "type_de": "Saugstelle", "all_tags": { "emergency": "suction_point", "note": "offene Löschwasserstelle" }, "name": null, "ref": null, "operator": null, "access": null, "description": null, "note": "offene Löschwasserstelle", "check_date": null, "fire_hydrant_type": null, "fire_hydrant_diameter": null, "fire_hydrant_pressure": null, "fire_hydrant_couplings": null, "fire_hydrant_position": null, "water_source": null, "water_tank_volume": null, "capacity": null, "diameter": null, "pressure": null, "source": null, "lon": 9.5744884, "lat": 53.5019785 }, "geometry": { "type": "Point", "coordinates": [ 9.5744884, 53.5019785 ] } },
{ "type": "Feature", "properties": { "osm_type": "node", "osm_id": 4229585711, "category": "suction", "type_de": "Saugstelle", "all_tags": { "emergency": "suction_point" }, "name": null, "ref": null, "operator": null, "access": null, "description": null, "note": null, "check_date": null, "fire_hydrant_type": null, "fire_hydrant_diameter": null, "fire_hydrant_pressure": null, "fire_hydrant_couplings": null, "fire_hydrant_position": null, "water_source": null, "water_tank_volume": null, "capacity": null, "diameter": null, "pressure": null, "source": null, "lon": 9.5700815, "lat": 53.5035265 }, "geometry": { "type": "Point", "coordinates": [ 9.5700815, 53.5035265 ] } },
{ "type": "Feature", "properties": { "osm_type": "node", "osm_id": 4339578067, "category": "suction", "type_de": "Saugstelle", "all_tags": { "emergency": "suction_point", "fire_hydrant:pressure": "suction", "flow_rate": "1200 l/min", "survey:date": "2020-05-17", "water_source": "groundwater" }, "name": null, "ref": null, "operator": null, "access": null, "description": null, "note": null, "check_date": null, "fire_hydrant_type": null, "fire_hydrant_diameter": null, "fire_hydrant_pressure": "suction", "fire_hydrant_couplings": null, "fire_hydrant_position": null, "water_source": "groundwater", "water_tank_volume": null, "capacity": null, "diameter": null, "pressure": null, "source": null, "lon": 9.4990533, "lat": 53.4561522 }, "geometry": { "type": "Point", "coordinates": [ 9.4990533, 53.4561522 ] } },
{ "type": "Feature", "properties": { "osm_type": "node", "osm_id": 4692077328, "category": "suction", "type_de": "Saugstelle", "all_tags": { "description": "Aschorner Str. (K 27)", "emergency": "suction_point", "survey:date": "18.02.2017" }, "name": null, "ref": null, "operator": null, "access": null, "description": "Aschorner Str. (K 27)", "note": null, "check_date": null, "fire_hydrant_type": null, "fire_hydrant_diameter": null, "fire_hydrant_pressure": null, "fire_hydrant_couplings": null, "fire_hydrant_position": null, "water_source": null, "water_tank_volume": null, "capacity": null, "diameter": null, "pressure": null, "source": null, "lon": 9.3708873, "lat": 53.7143299 }, "geometry": { "type": "Point", "coordinates": [ 9.3708873, 53.7143299 ] } },
{ "type": "Feature", "properties": { "osm_type": "node", "osm_id": 4693236175, "category": "suction", "type_de": "Saugstelle", "all_tags": { "description": "Brückenweg - Fleeth", "emergency": "suction_point", "survey:date": "19.02.2017" }, "name": null, "ref": null, "operator": null, "access": null, "description": "Brückenweg - Fleeth", "note": null, "check_date": null, "fire_hydrant_type": null, "fire_hydrant_diameter": null, "fire_hydrant_pressure": null, "fire_hydrant_couplings": null, "fire_hydrant_position": null, "water_source": null, "water_tank_volume": null, "capacity": null, "diameter": null, "pressure": null, "source": null, "lon": 9.3751359, "lat": 53.7158982 }, "geometry": { "type": "Point", "coordinates": [ 9.3751359, 53.7158982 ] } },
{ "type": "Feature", "properties": { "osm_type": "node", "osm_id": 4693236588, "category": "suction", "type_de": "Saugstelle", "all_tags": { "description": "Schöpfwerk - Fleeth", "emergency": "suction_point", "survey:date": "19.02.2017" }, "name": null, "ref": null, "operator": null, "access": null, "description": "Schöpfwerk - Fleeth", "note": null, "check_date": null, "fire_hydrant_type": null, "fire_hydrant_diameter": null, "fire_hydrant_pressure": null, "fire_hydrant_couplings": null, "fire_hydrant_position": null, "water_source": null, "water_tank_volume": null, "capacity": null, "diameter": null, "pressure": null, "source": null, "lon": 9.3816483, "lat": 53.7177013 }, "geometry": { "type": "Point", "coordinates": [ 9.3816483, 53.7177013 ] } },
{ "type": "Feature", "properties": { "osm_type": "node", "osm_id": 4693244277, "category": "suction", "type_de": "Saugstelle", "all_tags": { "description": "Tulpenweg - Fleeth", "emergency": "suction_point", "survey:date": "19.02.2017" }, "name": null, "ref": null, "operator": null, "access": null, "description": "Tulpenweg - Fleeth", "note": null, "check_date": null, "fire_hydrant_type": null, "fire_hydrant_diameter": null, "fire_hydrant_pressure": null, "fire_hydrant_couplings": null, "fire_hydrant_position": null, "water_source": null, "water_tank_volume": null, "capacity": null, "diameter": null, "pressure": null, "source": null, "lon": 9.3802428, "lat": 53.715841 }, "geometry": { "type": "Point", "coordinates": [ 9.3802428, 53.715841 ] } },
{ "type": "Feature", "properties": { "osm_type": "node", "osm_id": 4693248561, "category": "suction", "type_de": "Saugstelle", "all_tags": { "description": "Fasanenweg - Sietwender Schleusenfleth", "emergency": "suction_point", "survey:date": "19.02.2017" }, "name": null, "ref": null, "operator": null, "access": null, "description": "Fasanenweg - Sietwender Schleusenfleth", "note": null, "check_date": null, "fire_hydrant_type": null, "fire_hydrant_diameter": null, "fire_hydrant_pressure": null, "fire_hydrant_couplings": null, "fire_hydrant_position": null, "water_source": null, "water_tank_volume": null, "capacity": null, "diameter": null, "pressure": null, "source": null, "lon": 9.3750179, "lat": 53.7102787 }, "geometry": { "type": "Point", "coordinates": [ 9.3750179, 53.7102787 ] } },
{ "type": "Feature", "properties": { "osm_type": "node", "osm_id": 4695541978, "category": "suction", "type_de": "Saugstelle", "all_tags": { "description": "Gauensieker Schleusenfleeth", "emergency": "suction_point", "survey:date": "20.02.2017" }, "name": null, "ref": null, "operator": null, "access": null, "description": "Gauensieker Schleusenfleeth", "note": null, "check_date": null, "fire_hydrant_type": null, "fire_hydrant_diameter": null, "fire_hydrant_pressure": null, "fire_hydrant_couplings": null, "fire_hydrant_position": null, "water_source": null, "water_tank_volume": null, "capacity": null, "diameter": null, "pressure": null, "source": null, "lon": 9.3912989, "lat": 53.7046903 }, "geometry": { "type": "Point", "coordinates": [ 9.3912989, 53.7046903 ] } },
{ "type": "Feature", "properties": { "osm_type": "node", "osm_id": 4695548012, "category": "suction", "type_de": "Saugstelle", "all_tags": { "description": "Gauensieker Hafenstr. - Fleet", "emergency": "suction_point", "survey:date": "20.02.2017" }, "name": null, "ref": null, "operator": null, "access": null, "description": "Gauensieker Hafenstr. - Fleet", "note": null, "check_date": null, "fire_hydrant_type": null, "fire_hydrant_diameter": null, "fire_hydrant_pressure": null, "fire_hydrant_couplings": null, "fire_hydrant_position": null, "water_source": null, "water_tank_volume": null, "capacity": null, "diameter": null, "pressure": null, "source": null, "lon": 9.3941742, "lat": 53.7079069 }, "geometry": { "type": "Point", "coordinates": [ 9.3941742, 53.7079069 ] } },
{ "type": "Feature", "properties": { "osm_type": "node", "osm_id": 4696879987, "category": "suction", "type_de": "Saugstelle", "all_tags": { "description": "Hohenblöcken 1 - Teiche auf dem hinteren Teil des Grundstücks", "emergency": "suction_point", "survey:date": "21.02.2017" }, "name": null, "ref": null, "operator": null, "access": null, "description": "Hohenblöcken 1 - Teiche auf dem hinteren Teil des Grundstücks", "note": null, "check_date": null, "fire_hydrant_type": null, "fire_hydrant_diameter": null, "fire_hydrant_pressure": null, "fire_hydrant_couplings": null, "fire_hydrant_position": null, "water_source": null, "water_tank_volume": null, "capacity": null, "diameter": null, "pressure": null, "source": null, "lon": 9.3939328, "lat": 53.6951565 }, "geometry": { "type": "Point", "coordinates": [ 9.3939328, 53.6951565 ] } },
{ "type": "Feature", "properties": { "osm_type": "node", "osm_id": 5042321990, "category": "suction", "type_de": "Saugstelle", "all_tags": { "emergency": "suction_point", "note": "Wasser kommt aus dem Grundwasser oder der Lühe?" }, "name": null, "ref": null, "operator": null, "access": null, "description": null, "note": "Wasser kommt aus dem Grundwasser oder der Lühe?", "check_date": null, "fire_hydrant_type": null, "fire_hydrant_diameter": null, "fire_hydrant_pressure": null, "fire_hydrant_couplings": null, "fire_hydrant_position": null, "water_source": null, "water_tank_volume": null, "capacity": null, "diameter": null, "pressure": null, "source": null, "lon": 9.6129656, "lat": 53.5658784 }, "geometry": { "type": "Point", "coordinates": [ 9.6129656, 53.5658784 ] } },
{ "type": "Feature", "properties": { "osm_type": "node", "osm_id": 5416807585, "category": "suction", "type_de": "Saugstelle", "all_tags": { "emergency": "suction_point", "name": "Borbrunnen Verenfeldstraße", "ref": "Aspe 201", "survey:date": "2018-02-16" }, "name": "Borbrunnen Verenfeldstraße", "ref": "Aspe 201", "operator": null, "access": null, "description": null, "note": null, "check_date": null, "fire_hydrant_type": null, "fire_hydrant_diameter": null, "fire_hydrant_pressure": null, "fire_hydrant_couplings": null, "fire_hydrant_position": null, "water_source": null, "water_tank_volume": null, "capacity": null, "diameter": null, "pressure": null, "source": null, "lon": 9.366526, "lat": 53.4627432 }, "geometry": { "type": "Point", "coordinates": [ 9.366526, 53.4627432 ] } },
{ "type": "Feature", "properties": { "osm_type": "node", "osm_id": 5556465139, "category": "suction", "type_de": "Saugstelle", "all_tags": { "emergency": "suction_point", "fire_hydrant:position": "sidewalk", "water_source": "pond" }, "name": null, "ref": null, "operator": null, "access": null, "description": null, "note": null, "check_date": null, "fire_hydrant_type": null, "fire_hydrant_diameter": null, "fire_hydrant_pressure": null, "fire_hydrant_couplings": null, "fire_hydrant_position": "sidewalk", "water_source": "pond", "water_tank_volume": null, "capacity": null, "diameter": null, "pressure": null, "source": null, "lon": 9.3584524, "lat": 53.6193335 }, "geometry": { "type": "Point", "coordinates": [ 9.3584524, 53.6193335 ] } },
{ "type": "Feature", "properties": { "osm_type": "node", "osm_id": 5687975572, "category": "suction", "type_de": "Saugstelle", "all_tags": { "description": "Saugbrunnen mit Tiefenpumpe", "emergency": "suction_point", "name": "Am Staersbach" }, "name": "Am Staersbach", "ref": null, "operator": null, "access": null, "description": "Saugbrunnen mit Tiefenpumpe", "note": null, "check_date": null, "fire_hydrant_type": null, "fire_hydrant_diameter": null, "fire_hydrant_pressure": null, "fire_hydrant_couplings": null, "fire_hydrant_position": null, "water_source": null, "water_tank_volume": null, "capacity": null, "diameter": null, "pressure": null, "source": null, "lon": 9.6073928, "lat": 53.3790026 }, "geometry": { "type": "Point", "coordinates": [ 9.6073928, 53.3790026 ] } },
{ "type": "Feature", "properties": { "osm_type": "node", "osm_id": 5687995823, "category": "suction", "type_de": "Saugstelle", "all_tags": { "description": "Saugstelle mit Tiefenpumpe", "emergency": "suction_point", "name": "Gewerbegebiet" }, "name": "Gewerbegebiet", "ref": null, "operator": null, "access": null, "description": "Saugstelle mit Tiefenpumpe", "note": null, "check_date": null, "fire_hydrant_type": null, "fire_hydrant_diameter": null, "fire_hydrant_pressure": null, "fire_hydrant_couplings": null, "fire_hydrant_position": null, "water_source": null, "water_tank_volume": null, "capacity": null, "diameter": null, "pressure": null, "source": null, "lon": 9.5963457, "lat": 53.3755923 }, "geometry": { "type": "Point", "coordinates": [ 9.5963457, 53.3755923 ] } },
{ "type": "Feature", "properties": { "osm_type": "node", "osm_id": 5688001166, "category": "suction", "type_de": "Saugstelle", "all_tags": { "emergency": "suction_point", "name": "Am Moorgraben" }, "name": "Am Moorgraben", "ref": null, "operator": null, "access": null, "description": null, "note": null, "check_date": null, "fire_hydrant_type": null, "fire_hydrant_diameter": null, "fire_hydrant_pressure": null, "fire_hydrant_couplings": null, "fire_hydrant_position": null, "water_source": null, "water_tank_volume": null, "capacity": null, "diameter": null, "pressure": null, "source": null, "lon": 9.5927489, "lat": 53.3689147 }, "geometry": { "type": "Point", "coordinates": [ 9.5927489, 53.3689147 ] } },
{ "type": "Feature", "properties": { "osm_type": "node", "osm_id": 5690988364, "category": "suction", "type_de": "Saugstelle", "all_tags": { "emergency": "suction_point" }, "name": null, "ref": null, "operator": null, "access": null, "description": null, "note": null, "check_date": null, "fire_hydrant_type": null, "fire_hydrant_diameter": null, "fire_hydrant_pressure": null, "fire_hydrant_couplings": null, "fire_hydrant_position": null, "water_source": null, "water_tank_volume": null, "capacity": null, "diameter": null, "pressure": null, "source": null, "lon": 9.5549834, "lat": 53.3839299 }, "geometry": { "type": "Point", "coordinates": [ 9.5549834, 53.3839299 ] } },
{ "type": "Feature", "properties": { "osm_type": "node", "osm_id": 5690988382, "category": "suction", "type_de": "Saugstelle", "all_tags": { "emergency": "suction_point" }, "name": null, "ref": null, "operator": null, "access": null, "description": null, "note": null, "check_date": null, "fire_hydrant_type": null, "fire_hydrant_diameter": null, "fire_hydrant_pressure": null, "fire_hydrant_couplings": null, "fire_hydrant_position": null, "water_source": null, "water_tank_volume": null, "capacity": null, "diameter": null, "pressure": null, "source": null, "lon": 9.548074, "lat": 53.3847874 }, "geometry": { "type": "Point", "coordinates": [ 9.548074, 53.3847874 ] } },
{ "type": "Feature", "properties": { "osm_type": "node", "osm_id": 5690991877, "category": "suction", "type_de": "Saugstelle", "all_tags": { "emergency": "suction_point" }, "name": null, "ref": null, "operator": null, "access": null, "description": null, "note": null, "check_date": null, "fire_hydrant_type": null, "fire_hydrant_diameter": null, "fire_hydrant_pressure": null, "fire_hydrant_couplings": null, "fire_hydrant_position": null, "water_source": null, "water_tank_volume": null, "capacity": null, "diameter": null, "pressure": null, "source": null, "lon": 9.5421302, "lat": 53.3761285 }, "geometry": { "type": "Point", "coordinates": [ 9.5421302, 53.3761285 ] } },
{ "type": "Feature", "properties": { "osm_type": "node", "osm_id": 5690991994, "category": "suction", "type_de": "Saugstelle", "all_tags": { "emergency": "suction_point" }, "name": null, "ref": null, "operator": null, "access": null, "description": null, "note": null, "check_date": null, "fire_hydrant_type": null, "fire_hydrant_diameter": null, "fire_hydrant_pressure": null, "fire_hydrant_couplings": null, "fire_hydrant_position": null, "water_source": null, "water_tank_volume": null, "capacity": null, "diameter": null, "pressure": null, "source": null, "lon": 9.5642531, "lat": 53.380103 }, "geometry": { "type": "Point", "coordinates": [ 9.5642531, 53.380103 ] } },
{ "type": "Feature", "properties": { "osm_type": "node", "osm_id": 5690992861, "category": "suction", "type_de": "Saugstelle", "all_tags": { "description": "nur bei Hochwasser", "emergency": "suction_point" }, "name": null, "ref": null, "operator": null, "access": null, "description": "nur bei Hochwasser", "note": null, "check_date": null, "fire_hydrant_type": null, "fire_hydrant_diameter": null, "fire_hydrant_pressure": null, "fire_hydrant_couplings": null, "fire_hydrant_position": null, "water_source": null, "water_tank_volume": null, "capacity": null, "diameter": null, "pressure": null, "source": null, "lon": 9.5387614, "lat": 53.3839171 }, "geometry": { "type": "Point", "coordinates": [ 9.5387614, 53.3839171 ] } },
{ "type": "Feature", "properties": { "osm_type": "node", "osm_id": 5690994292, "category": "suction", "type_de": "Saugstelle", "all_tags": { "description": "nur bei Hochwasser", "emergency": "suction_point" }, "name": null, "ref": null, "operator": null, "access": null, "description": "nur bei Hochwasser", "note": null, "check_date": null, "fire_hydrant_type": null, "fire_hydrant_diameter": null, "fire_hydrant_pressure": null, "fire_hydrant_couplings": null, "fire_hydrant_position": null, "water_source": null, "water_tank_volume": null, "capacity": null, "diameter": null, "pressure": null, "source": null, "lon": 9.5212626, "lat": 53.391845 }, "geometry": { "type": "Point", "coordinates": [ 9.5212626, 53.391845 ] } },
{ "type": "Feature", "properties": { "osm_type": "node", "osm_id": 5691009923, "category": "suction", "type_de": "Saugstelle", "all_tags": { "emergency": "suction_point", "name": "Rehwiese" }, "name": "Rehwiese", "ref": null, "operator": null, "access": null, "description": null, "note": null, "check_date": null, "fire_hydrant_type": null, "fire_hydrant_diameter": null, "fire_hydrant_pressure": null, "fire_hydrant_couplings": null, "fire_hydrant_position": null, "water_source": null, "water_tank_volume": null, "capacity": null, "diameter": null, "pressure": null, "source": null, "lon": 9.5444664, "lat": 53.3824453 }, "geometry": { "type": "Point", "coordinates": [ 9.5444664, 53.3824453 ] } },
{ "type": "Feature", "properties": { "osm_type": "node", "osm_id": 5691024446, "category": "suction", "type_de": "Saugstelle", "all_tags": { "description": "Teich 600 m³", "emergency": "suction_point" }, "name": null, "ref": null, "operator": null, "access": null, "description": "Teich 600 m³", "note": null, "check_date": null, "fire_hydrant_type": null, "fire_hydrant_diameter": null, "fire_hydrant_pressure": null, "fire_hydrant_couplings": null, "fire_hydrant_position": null, "water_source": null, "water_tank_volume": null, "capacity": null, "diameter": null, "pressure": null, "source": null, "lon": 9.5416903, "lat": 53.3737923 }, "geometry": { "type": "Point", "coordinates": [ 9.5416903, 53.3737923 ] } },
{ "type": "Feature", "properties": { "osm_type": "node", "osm_id": 5691029401, "category": "suction", "type_de": "Saugstelle", "all_tags": { "description": "Teich 500 m³", "emergency": "suction_point" }, "name": null, "ref": null, "operator": null, "access": null, "description": "Teich 500 m³", "note": null, "check_date": null, "fire_hydrant_type": null, "fire_hydrant_diameter": null, "fire_hydrant_pressure": null, "fire_hydrant_couplings": null, "fire_hydrant_position": null, "water_source": null, "water_tank_volume": null, "capacity": null, "diameter": null, "pressure": null, "source": null, "lon": 9.5316267, "lat": 53.4002704 }, "geometry": { "type": "Point", "coordinates": [ 9.5316267, 53.4002704 ] } },
{ "type": "Feature", "properties": { "osm_type": "node", "osm_id": 5691036733, "category": "suction", "type_de": "Saugstelle", "all_tags": { "description": "Teich 200m³", "emergency": "suction_point" }, "name": null, "ref": null, "operator": null, "access": null, "description": "Teich 200m³", "note": null, "check_date": null, "fire_hydrant_type": null, "fire_hydrant_diameter": null, "fire_hydrant_pressure": null, "fire_hydrant_couplings": null, "fire_hydrant_position": null, "water_source": null, "water_tank_volume": null, "capacity": null, "diameter": null, "pressure": null, "source": null, "lon": 9.5409286, "lat": 53.3816709 }, "geometry": { "type": "Point", "coordinates": [ 9.5409286, 53.3816709 ] } },
{ "type": "Feature", "properties": { "osm_type": "node", "osm_id": 5691044179, "category": "suction", "type_de": "Saugstelle", "all_tags": { "description": "Teich 500m³", "emergency": "suction_point" }, "name": null, "ref": null, "operator": null, "access": null, "description": "Teich 500m³", "note": null, "check_date": null, "fire_hydrant_type": null, "fire_hydrant_diameter": null, "fire_hydrant_pressure": null, "fire_hydrant_couplings": null, "fire_hydrant_position": null, "water_source": null, "water_tank_volume": null, "capacity": null, "diameter": null, "pressure": null, "source": null, "lon": 9.5607501, "lat": 53.3846242 }, "geometry": { "type": "Point", "coordinates": [ 9.5607501, 53.3846242 ] } },
{ "type": "Feature", "properties": { "osm_type": "node", "osm_id": 5705403521, "category": "suction", "type_de": "Saugstelle", "all_tags": { "emergency": "suction_point" }, "name": null, "ref": null, "operator": null, "access": null, "description": null, "note": null, "check_date": null, "fire_hydrant_type": null, "fire_hydrant_diameter": null, "fire_hydrant_pressure": null, "fire_hydrant_couplings": null, "fire_hydrant_position": null, "water_source": null, "water_tank_volume": null, "capacity": null, "diameter": null, "pressure": null, "source": null, "lon": 9.5997334, "lat": 53.4059119 }, "geometry": { "type": "Point", "coordinates": [ 9.5997334, 53.4059119 ] } },
{ "type": "Feature", "properties": { "osm_type": "node", "osm_id": 5705411513, "category": "suction", "type_de": "Saugstelle", "all_tags": { "emergency": "suction_point" }, "name": null, "ref": null, "operator": null, "access": null, "description": null, "note": null, "check_date": null, "fire_hydrant_type": null, "fire_hydrant_diameter": null, "fire_hydrant_pressure": null, "fire_hydrant_couplings": null, "fire_hydrant_position": null, "water_source": null, "water_tank_volume": null, "capacity": null, "diameter": null, "pressure": null, "source": null, "lon": 9.6031022, "lat": 53.4153384 }, "geometry": { "type": "Point", "coordinates": [ 9.6031022, 53.4153384 ] } },
{ "type": "Feature", "properties": { "osm_type": "node", "osm_id": 5705446570, "category": "suction", "type_de": "Saugstelle", "all_tags": { "emergency": "suction_point" }, "name": null, "ref": null, "operator": null, "access": null, "description": null, "note": null, "check_date": null, "fire_hydrant_type": null, "fire_hydrant_diameter": null, "fire_hydrant_pressure": null, "fire_hydrant_couplings": null, "fire_hydrant_position": null, "water_source": null, "water_tank_volume": null, "capacity": null, "diameter": null, "pressure": null, "source": null, "lon": 9.6093786, "lat": 53.4107917 }, "geometry": { "type": "Point", "coordinates": [ 9.6093786, 53.4107917 ] } },
{ "type": "Feature", "properties": { "osm_type": "node", "osm_id": 5705457392, "category": "suction", "type_de": "Saugstelle", "all_tags": { "emergency": "suction_point", "name": "Kieskuhle" }, "name": "Kieskuhle", "ref": null, "operator": null, "access": null, "description": null, "note": null, "check_date": null, "fire_hydrant_type": null, "fire_hydrant_diameter": null, "fire_hydrant_pressure": null, "fire_hydrant_couplings": null, "fire_hydrant_position": null, "water_source": null, "water_tank_volume": null, "capacity": null, "diameter": null, "pressure": null, "source": null, "lon": 9.6308255, "lat": 53.4001552 }, "geometry": { "type": "Point", "coordinates": [ 9.6308255, 53.4001552 ] } },
{ "type": "Feature", "properties": { "osm_type": "node", "osm_id": 5705458039, "category": "suction", "type_de": "Saugstelle", "all_tags": { "emergency": "suction_point", "name": "Fohlenkamp" }, "name": "Fohlenkamp", "ref": null, "operator": null, "access": null, "description": null, "note": null, "check_date": null, "fire_hydrant_type": null, "fire_hydrant_diameter": null, "fire_hydrant_pressure": null, "fire_hydrant_couplings": null, "fire_hydrant_position": null, "water_source": null, "water_tank_volume": null, "capacity": null, "diameter": null, "pressure": null, "source": null, "lon": 9.6075439, "lat": 53.4216813 }, "geometry": { "type": "Point", "coordinates": [ 9.6075439, 53.4216813 ] } },
{ "type": "Feature", "properties": { "osm_type": "node", "osm_id": 5705474762, "category": "suction", "type_de": "Saugstelle", "all_tags": { "emergency": "suction_point", "name": "Sandkuhle" }, "name": "Sandkuhle", "ref": null, "operator": null, "access": null, "description": null, "note": null, "check_date": null, "fire_hydrant_type": null, "fire_hydrant_diameter": null, "fire_hydrant_pressure": null, "fire_hydrant_couplings": null, "fire_hydrant_position": null, "water_source": null, "water_tank_volume": null, "capacity": null, "diameter": null, "pressure": null, "source": null, "lon": 9.6387541, "lat": 53.4023876 }, "geometry": { "type": "Point", "coordinates": [ 9.6387541, 53.4023876 ] } },
{ "type": "Feature", "properties": { "osm_type": "node", "osm_id": 5705476420, "category": "suction", "type_de": "Saugstelle", "all_tags": { "emergency": "suction_point", "name": "Sandkuhle" }, "name": "Sandkuhle", "ref": null, "operator": null, "access": null, "description": null, "note": null, "check_date": null, "fire_hydrant_type": null, "fire_hydrant_diameter": null, "fire_hydrant_pressure": null, "fire_hydrant_couplings": null, "fire_hydrant_position": null, "water_source": null, "water_tank_volume": null, "capacity": null, "diameter": null, "pressure": null, "source": null, "lon": 9.6382821, "lat": 53.4014921 }, "geometry": { "type": "Point", "coordinates": [ 9.6382821, 53.4014921 ] } },
{ "type": "Feature", "properties": { "osm_type": "node", "osm_id": 5705477018, "category": "suction", "type_de": "Saugstelle", "all_tags": { "emergency": "suction_point", "name": "Sandkuhle" }, "name": "Sandkuhle", "ref": null, "operator": null, "access": null, "description": null, "note": null, "check_date": null, "fire_hydrant_type": null, "fire_hydrant_diameter": null, "fire_hydrant_pressure": null, "fire_hydrant_couplings": null, "fire_hydrant_position": null, "water_source": null, "water_tank_volume": null, "capacity": null, "diameter": null, "pressure": null, "source": null, "lon": 9.63494, "lat": 53.4028802 }, "geometry": { "type": "Point", "coordinates": [ 9.63494, 53.4028802 ] } },
{ "type": "Feature", "properties": { "osm_type": "node", "osm_id": 5705508821, "category": "suction", "type_de": "Saugstelle", "all_tags": { "emergency": "suction_point", "name": "Beckdorfer Str. 6" }, "name": "Beckdorfer Str. 6", "ref": null, "operator": null, "access": null, "description": null, "note": null, "check_date": null, "fire_hydrant_type": null, "fire_hydrant_diameter": null, "fire_hydrant_pressure": null, "fire_hydrant_couplings": null, "fire_hydrant_position": null, "water_source": null, "water_tank_volume": null, "capacity": null, "diameter": null, "pressure": null, "source": null, "lon": 9.6276873, "lat": 53.4062605 }, "geometry": { "type": "Point", "coordinates": [ 9.6276873, 53.4062605 ] } },
{ "type": "Feature", "properties": { "osm_type": "node", "osm_id": 5705532706, "category": "suction", "type_de": "Saugstelle", "all_tags": { "emergency": "suction_point", "name": "Mühle" }, "name": "Mühle", "ref": null, "operator": null, "access": null, "description": null, "note": null, "check_date": null, "fire_hydrant_type": null, "fire_hydrant_diameter": null, "fire_hydrant_pressure": null, "fire_hydrant_couplings": null, "fire_hydrant_position": null, "water_source": null, "water_tank_volume": null, "capacity": null, "diameter": null, "pressure": null, "source": null, "lon": 9.6426165, "lat": 53.4084318 }, "geometry": { "type": "Point", "coordinates": [ 9.6426165, 53.4084318 ] } },
{ "type": "Feature", "properties": { "osm_type": "node", "osm_id": 5705765605, "category": "suction", "type_de": "Saugstelle", "all_tags": { "emergency": "suction_point", "name": "Löschwasserteich" }, "name": "Löschwasserteich", "ref": null, "operator": null, "access": null, "description": null, "note": null, "check_date": null, "fire_hydrant_type": null, "fire_hydrant_diameter": null, "fire_hydrant_pressure": null, "fire_hydrant_couplings": null, "fire_hydrant_position": null, "water_source": null, "water_tank_volume": null, "capacity": null, "diameter": null, "pressure": null, "source": null, "lon": 9.6446121, "lat": 53.4173974 }, "geometry": { "type": "Point", "coordinates": [ 9.6446121, 53.4173974 ] } },
{ "type": "Feature", "properties": { "osm_type": "node", "osm_id": 5705767193, "category": "suction", "type_de": "Saugstelle", "all_tags": { "emergency": "suction_point", "name": "Löschwasserteich" }, "name": "Löschwasserteich", "ref": null, "operator": null, "access": null, "description": null, "note": null, "check_date": null, "fire_hydrant_type": null, "fire_hydrant_diameter": null, "fire_hydrant_pressure": null, "fire_hydrant_couplings": null, "fire_hydrant_position": null, "water_source": null, "water_tank_volume": null, "capacity": null, "diameter": null, "pressure": null, "source": null, "lon": 9.6504593, "lat": 53.4209333 }, "geometry": { "type": "Point", "coordinates": [ 9.6504593, 53.4209333 ] } },
{ "type": "Feature", "properties": { "osm_type": "node", "osm_id": 5705778543, "category": "suction", "type_de": "Saugstelle", "all_tags": { "emergency": "suction_point" }, "name": null, "ref": null, "operator": null, "access": null, "description": null, "note": null, "check_date": null, "fire_hydrant_type": null, "fire_hydrant_diameter": null, "fire_hydrant_pressure": null, "fire_hydrant_couplings": null, "fire_hydrant_position": null, "water_source": null, "water_tank_volume": null, "capacity": null, "diameter": null, "pressure": null, "source": null, "lon": 9.6209121, "lat": 53.436205 }, "geometry": { "type": "Point", "coordinates": [ 9.6209121, 53.436205 ] } },
{ "type": "Feature", "properties": { "osm_type": "node", "osm_id": 5705791496, "category": "suction", "type_de": "Saugstelle", "all_tags": { "emergency": "suction_point" }, "name": null, "ref": null, "operator": null, "access": null, "description": null, "note": null, "check_date": null, "fire_hydrant_type": null, "fire_hydrant_diameter": null, "fire_hydrant_pressure": null, "fire_hydrant_couplings": null, "fire_hydrant_position": null, "water_source": null, "water_tank_volume": null, "capacity": null, "diameter": null, "pressure": null, "source": null, "lon": 9.6198606, "lat": 53.4412794 }, "geometry": { "type": "Point", "coordinates": [ 9.6198606, 53.4412794 ] } },
{ "type": "Feature", "properties": { "osm_type": "node", "osm_id": 5717028786, "category": "suction", "type_de": "Saugstelle", "all_tags": { "emergency": "suction_point", "name": "Teich Heidschnuckenweg" }, "name": "Teich Heidschnuckenweg", "ref": null, "operator": null, "access": null, "description": null, "note": null, "check_date": null, "fire_hydrant_type": null, "fire_hydrant_diameter": null, "fire_hydrant_pressure": null, "fire_hydrant_couplings": null, "fire_hydrant_position": null, "water_source": null, "water_tank_volume": null, "capacity": null, "diameter": null, "pressure": null, "source": null, "lon": 9.5915043, "lat": 53.3847362 }, "geometry": { "type": "Point", "coordinates": [ 9.5915043, 53.3847362 ] } },
{ "type": "Feature", "properties": { "osm_type": "node", "osm_id": 5717046633, "category": "suction", "type_de": "Saugstelle", "all_tags": { "emergency": "suction_point", "name": "Teich Torfwerk" }, "name": "Teich Torfwerk", "ref": null, "operator": null, "access": null, "description": null, "note": null, "check_date": null, "fire_hydrant_type": null, "fire_hydrant_diameter": null, "fire_hydrant_pressure": null, "fire_hydrant_couplings": null, "fire_hydrant_position": null, "water_source": null, "water_tank_volume": null, "capacity": null, "diameter": null, "pressure": null, "source": null, "lon": 9.5969439, "lat": 53.3876413 }, "geometry": { "type": "Point", "coordinates": [ 9.5969439, 53.3876413 ] } },
{ "type": "Feature", "properties": { "osm_type": "node", "osm_id": 5727323673, "category": "suction", "type_de": "Saugstelle", "all_tags": { "emergency": "suction_point", "name": "Stellbruch 25" }, "name": "Stellbruch 25", "ref": null, "operator": null, "access": null, "description": null, "note": null, "check_date": null, "fire_hydrant_type": null, "fire_hydrant_diameter": null, "fire_hydrant_pressure": null, "fire_hydrant_couplings": null, "fire_hydrant_position": null, "water_source": null, "water_tank_volume": null, "capacity": null, "diameter": null, "pressure": null, "source": null, "lon": 9.5463145, "lat": 53.3913235 }, "geometry": { "type": "Point", "coordinates": [ 9.5463145, 53.3913235 ] } },
{ "type": "Feature", "properties": { "osm_type": "node", "osm_id": 5727327428, "category": "suction", "type_de": "Saugstelle", "all_tags": { "emergency": "suction_point", "name": "Teich" }, "name": "Teich", "ref": null, "operator": null, "access": null, "description": null, "note": null, "check_date": null, "fire_hydrant_type": null, "fire_hydrant_diameter": null, "fire_hydrant_pressure": null, "fire_hydrant_couplings": null, "fire_hydrant_position": null, "water_source": null, "water_tank_volume": null, "capacity": null, "diameter": null, "pressure": null, "source": null, "lon": 9.5498765, "lat": 53.3910708 }, "geometry": { "type": "Point", "coordinates": [ 9.5498765, 53.3910708 ] } },
{ "type": "Feature", "properties": { "osm_type": "node", "osm_id": 5996333293, "category": "suction", "type_de": "Saugstelle", "all_tags": { "emergency": "suction_point", "name": "Bohrbrunnen RISA Kartoffel Lager" }, "name": "Bohrbrunnen RISA Kartoffel Lager", "ref": null, "operator": null, "access": null, "description": null, "note": null, "check_date": null, "fire_hydrant_type": null, "fire_hydrant_diameter": null, "fire_hydrant_pressure": null, "fire_hydrant_couplings": null, "fire_hydrant_position": null, "water_source": null, "water_tank_volume": null, "capacity": null, "diameter": null, "pressure": null, "source": null, "lon": 9.397331, "lat": 53.517217 }, "geometry": { "type": "Point", "coordinates": [ 9.397331, 53.517217 ] } },
{ "type": "Feature", "properties": { "osm_type": "node", "osm_id": 5997033255, "category": "suction", "type_de": "Saugstelle", "all_tags": { "emergency": "suction_point" }, "name": null, "ref": null, "operator": null, "access": null, "description": null, "note": null, "check_date": null, "fire_hydrant_type": null, "fire_hydrant_diameter": null, "fire_hydrant_pressure": null, "fire_hydrant_couplings": null, "fire_hydrant_position": null, "water_source": null, "water_tank_volume": null, "capacity": null, "diameter": null, "pressure": null, "source": null, "lon": 9.4144219, "lat": 53.5225022 }, "geometry": { "type": "Point", "coordinates": [ 9.4144219, 53.5225022 ] } },
{ "type": "Feature", "properties": { "osm_type": "node", "osm_id": 5997042807, "category": "suction", "type_de": "Saugstelle", "all_tags": { "emergency": "suction_point" }, "name": null, "ref": null, "operator": null, "access": null, "description": null, "note": null, "check_date": null, "fire_hydrant_type": null, "fire_hydrant_diameter": null, "fire_hydrant_pressure": null, "fire_hydrant_couplings": null, "fire_hydrant_position": null, "water_source": null, "water_tank_volume": null, "capacity": null, "diameter": null, "pressure": null, "source": null, "lon": 9.415949, "lat": 53.5204121 }, "geometry": { "type": "Point", "coordinates": [ 9.415949, 53.5204121 ] } },
{ "type": "Feature", "properties": { "osm_type": "node", "osm_id": 5998265038, "category": "suction", "type_de": "Saugstelle", "all_tags": { "emergency": "suction_point", "name": "Bohrbrunnen Dittmann Putenstall" }, "name": "Bohrbrunnen Dittmann Putenstall", "ref": null, "operator": null, "access": null, "description": null, "note": null, "check_date": null, "fire_hydrant_type": null, "fire_hydrant_diameter": null, "fire_hydrant_pressure": null, "fire_hydrant_couplings": null, "fire_hydrant_position": null, "water_source": null, "water_tank_volume": null, "capacity": null, "diameter": null, "pressure": null, "source": null, "lon": 9.38573, "lat": 53.5085513 }, "geometry": { "type": "Point", "coordinates": [ 9.38573, 53.5085513 ] } },
{ "type": "Feature", "properties": { "osm_type": "node", "osm_id": 5998268066, "category": "suction", "type_de": "Saugstelle", "all_tags": { "emergency": "suction_point" }, "name": null, "ref": null, "operator": null, "access": null, "description": null, "note": null, "check_date": null, "fire_hydrant_type": null, "fire_hydrant_diameter": null, "fire_hydrant_pressure": null, "fire_hydrant_couplings": null, "fire_hydrant_position": null, "water_source": null, "water_tank_volume": null, "capacity": null, "diameter": null, "pressure": null, "source": null, "lon": 9.3760943, "lat": 53.5195201 }, "geometry": { "type": "Point", "coordinates": [ 9.3760943, 53.5195201 ] } },
{ "type": "Feature", "properties": { "osm_type": "node", "osm_id": 5998268614, "category": "suction", "type_de": "Saugstelle", "all_tags": { "emergency": "suction_point", "name": "Bohrbrunnen 2x", "ref": "Fredenbeck 036" }, "name": "Bohrbrunnen 2x", "ref": "Fredenbeck 036", "operator": null, "access": null, "description": null, "note": null, "check_date": null, "fire_hydrant_type": null, "fire_hydrant_diameter": null, "fire_hydrant_pressure": null, "fire_hydrant_couplings": null, "fire_hydrant_position": null, "water_source": null, "water_tank_volume": null, "capacity": null, "diameter": null, "pressure": null, "source": null, "lon": 9.3761054, "lat": 53.5195662 }, "geometry": { "type": "Point", "coordinates": [ 9.3761054, 53.5195662 ] } },
{ "type": "Feature", "properties": { "osm_type": "node", "osm_id": 5998482737, "category": "suction", "type_de": "Saugstelle", "all_tags": { "emergency": "suction_point", "name": "Tiefenbrunnen RISA Getreidelager", "ref": "Fredenbeck 005" }, "name": "Tiefenbrunnen RISA Getreidelager", "ref": "Fredenbeck 005", "operator": null, "access": null, "description": null, "note": null, "check_date": null, "fire_hydrant_type": null, "fire_hydrant_diameter": null, "fire_hydrant_pressure": null, "fire_hydrant_couplings": null, "fire_hydrant_position": null, "water_source": null, "water_tank_volume": null, "capacity": null, "diameter": null, "pressure": null, "source": null, "lon": 9.3941259, "lat": 53.5177378 }, "geometry": { "type": "Point", "coordinates": [ 9.3941259, 53.5177378 ] } },
{ "type": "Feature", "properties": { "osm_type": "node", "osm_id": 5998525146, "category": "suction", "type_de": "Saugstelle", "all_tags": { "emergency": "suction_point" }, "name": null, "ref": null, "operator": null, "access": null, "description": null, "note": null, "check_date": null, "fire_hydrant_type": null, "fire_hydrant_diameter": null, "fire_hydrant_pressure": null, "fire_hydrant_couplings": null, "fire_hydrant_position": null, "water_source": null, "water_tank_volume": null, "capacity": null, "diameter": null, "pressure": null, "source": null, "lon": 9.4219136, "lat": 53.514899 }, "geometry": { "type": "Point", "coordinates": [ 9.4219136, 53.514899 ] } },
{ "type": "Feature", "properties": { "osm_type": "node", "osm_id": 5998528559, "category": "suction", "type_de": "Saugstelle", "all_tags": { "emergency": "suction_point" }, "name": null, "ref": null, "operator": null, "access": null, "description": null, "note": null, "check_date": null, "fire_hydrant_type": null, "fire_hydrant_diameter": null, "fire_hydrant_pressure": null, "fire_hydrant_couplings": null, "fire_hydrant_position": null, "water_source": null, "water_tank_volume": null, "capacity": null, "diameter": null, "pressure": null, "source": null, "lon": 9.4125634, "lat": 53.5073115 }, "geometry": { "type": "Point", "coordinates": [ 9.4125634, 53.5073115 ] } },
{ "type": "Feature", "properties": { "osm_type": "node", "osm_id": 5998529972, "category": "suction", "type_de": "Saugstelle", "all_tags": { "emergency": "suction_point" }, "name": null, "ref": null, "operator": null, "access": null, "description": null, "note": null, "check_date": null, "fire_hydrant_type": null, "fire_hydrant_diameter": null, "fire_hydrant_pressure": null, "fire_hydrant_couplings": null, "fire_hydrant_position": null, "water_source": null, "water_tank_volume": null, "capacity": null, "diameter": null, "pressure": null, "source": null, "lon": 9.4129711, "lat": 53.5076305 }, "geometry": { "type": "Point", "coordinates": [ 9.4129711, 53.5076305 ] } },
{ "type": "Feature", "properties": { "osm_type": "node", "osm_id": 5998529973, "category": "suction", "type_de": "Saugstelle", "all_tags": { "emergency": "suction_point" }, "name": null, "ref": null, "operator": null, "access": null, "description": null, "note": null, "check_date": null, "fire_hydrant_type": null, "fire_hydrant_diameter": null, "fire_hydrant_pressure": null, "fire_hydrant_couplings": null, "fire_hydrant_position": null, "water_source": null, "water_tank_volume": null, "capacity": null, "diameter": null, "pressure": null, "source": null, "lon": 9.4116059, "lat": 53.5075173 }, "geometry": { "type": "Point", "coordinates": [ 9.4116059, 53.5075173 ] } },
{ "type": "Feature", "properties": { "osm_type": "node", "osm_id": 5999623002, "category": "suction", "type_de": "Saugstelle", "all_tags": { "emergency": "suction_point" }, "name": null, "ref": null, "operator": null, "access": null, "description": null, "note": null, "check_date": null, "fire_hydrant_type": null, "fire_hydrant_diameter": null, "fire_hydrant_pressure": null, "fire_hydrant_couplings": null, "fire_hydrant_position": null, "water_source": null, "water_tank_volume": null, "capacity": null, "diameter": null, "pressure": null, "source": null, "lon": 9.3514368, "lat": 53.551195 }, "geometry": { "type": "Point", "coordinates": [ 9.3514368, 53.551195 ] } },
{ "type": "Feature", "properties": { "osm_type": "node", "osm_id": 6040235262, "category": "suction", "type_de": "Saugstelle", "all_tags": { "description": "Bohrbrunnen Hof Neumann ", "emergency": "suction_point" }, "name": null, "ref": null, "operator": null, "access": null, "description": "Bohrbrunnen Hof Neumann ", "note": null, "check_date": null, "fire_hydrant_type": null, "fire_hydrant_diameter": null, "fire_hydrant_pressure": null, "fire_hydrant_couplings": null, "fire_hydrant_position": null, "water_source": null, "water_tank_volume": null, "capacity": null, "diameter": null, "pressure": null, "source": null, "lon": 9.3969969, "lat": 53.5085215 }, "geometry": { "type": "Point", "coordinates": [ 9.3969969, 53.5085215 ] } },
{ "type": "Feature", "properties": { "osm_type": "node", "osm_id": 6169257966, "category": "suction", "type_de": "Saugstelle", "all_tags": { "description": "Bohrbrunnen ", "emergency": "suction_point" }, "name": null, "ref": null, "operator": null, "access": null, "description": "Bohrbrunnen ", "note": null, "check_date": null, "fire_hydrant_type": null, "fire_hydrant_diameter": null, "fire_hydrant_pressure": null, "fire_hydrant_couplings": null, "fire_hydrant_position": null, "water_source": null, "water_tank_volume": null, "capacity": null, "diameter": null, "pressure": null, "source": null, "lon": 9.3142834, "lat": 53.4644815 }, "geometry": { "type": "Point", "coordinates": [ 9.3142834, 53.4644815 ] } },
{ "type": "Feature", "properties": { "osm_type": "node", "osm_id": 6191634656, "category": "suction", "type_de": "Saugstelle", "all_tags": { "emergency": "suction_point", "name": "Am Schwingedeich (# 915)" }, "name": "Am Schwingedeich (# 915)", "ref": null, "operator": null, "access": null, "description": null, "note": null, "check_date": null, "fire_hydrant_type": null, "fire_hydrant_diameter": null, "fire_hydrant_pressure": null, "fire_hydrant_couplings": null, "fire_hydrant_position": null, "water_source": null, "water_tank_volume": null, "capacity": null, "diameter": null, "pressure": null, "source": null, "lon": 9.4847926, "lat": 53.6048367 }, "geometry": { "type": "Point", "coordinates": [ 9.4847926, 53.6048367 ] } },
{ "type": "Feature", "properties": { "osm_type": "node", "osm_id": 6191634660, "category": "suction", "type_de": "Saugstelle", "all_tags": { "emergency": "suction_point", "name": "Groß Thun (# 911)" }, "name": "Groß Thun (# 911)", "ref": null, "operator": null, "access": null, "description": null, "note": null, "check_date": null, "fire_hydrant_type": null, "fire_hydrant_diameter": null, "fire_hydrant_pressure": null, "fire_hydrant_couplings": null, "fire_hydrant_position": null, "water_source": null, "water_tank_volume": null, "capacity": null, "diameter": null, "pressure": null, "source": null, "lon": 9.4498166, "lat": 53.5777368 }, "geometry": { "type": "Point", "coordinates": [ 9.4498166, 53.5777368 ] } },
{ "type": "Feature", "properties": { "osm_type": "node", "osm_id": 6191634668, "category": "suction", "type_de": "Saugstelle", "all_tags": { "emergency": "suction_point", "name": "Stader Elbstraße (# 903)" }, "name": "Stader Elbstraße (# 903)", "ref": null, "operator": null, "access": null, "description": null, "note": null, "check_date": null, "fire_hydrant_type": null, "fire_hydrant_diameter": null, "fire_hydrant_pressure": null, "fire_hydrant_couplings": null, "fire_hydrant_position": null, "water_source": null, "water_tank_volume": null, "capacity": null, "diameter": null, "pressure": null, "source": null, "lon": 9.5142567, "lat": 53.6264333 }, "geometry": { "type": "Point", "coordinates": [ 9.5142567, 53.6264333 ] } },
{ "type": "Feature", "properties": { "osm_type": "node", "osm_id": 6191634669, "category": "suction", "type_de": "Saugstelle", "all_tags": { "emergency": "suction_point", "name": "Parkstraße / Kehdinger Mühren (# 902)" }, "name": "Parkstraße / Kehdinger Mühren (# 902)", "ref": null, "operator": null, "access": null, "description": null, "note": null, "check_date": null, "fire_hydrant_type": null, "fire_hydrant_diameter": null, "fire_hydrant_pressure": null, "fire_hydrant_couplings": null, "fire_hydrant_position": null, "water_source": null, "water_tank_volume": null, "capacity": null, "diameter": null, "pressure": null, "source": null, "lon": 9.4746995, "lat": 53.6047165 }, "geometry": { "type": "Point", "coordinates": [ 9.4746995, 53.6047165 ] } },
{ "type": "Feature", "properties": { "osm_type": "node", "osm_id": 6191634670, "category": "suction", "type_de": "Saugstelle", "all_tags": { "emergency": "suction_point", "name": "Stadeum (# 901)" }, "name": "Stadeum (# 901)", "ref": null, "operator": null, "access": null, "description": null, "note": null, "check_date": null, "fire_hydrant_type": null, "fire_hydrant_diameter": null, "fire_hydrant_pressure": null, "fire_hydrant_couplings": null, "fire_hydrant_position": null, "water_source": null, "water_tank_volume": null, "capacity": null, "diameter": null, "pressure": null, "source": null, "lon": 9.4705045, "lat": 53.6034178 }, "geometry": { "type": "Point", "coordinates": [ 9.4705045, 53.6034178 ] } },
{ "type": "Feature", "properties": { "osm_type": "node", "osm_id": 6191634671, "category": "suction", "type_de": "Saugstelle", "all_tags": { "emergency": "suction_point", "name": "Stadeum /2 (# 900)" }, "name": "Stadeum /2 (# 900)", "ref": null, "operator": null, "access": null, "description": null, "note": null, "check_date": null, "fire_hydrant_type": null, "fire_hydrant_diameter": null, "fire_hydrant_pressure": null, "fire_hydrant_couplings": null, "fire_hydrant_position": null, "water_source": null, "water_tank_volume": null, "capacity": null, "diameter": null, "pressure": null, "source": null, "lon": 9.4711107, "lat": 53.6047324 }, "geometry": { "type": "Point", "coordinates": [ 9.4711107, 53.6047324 ] } },
{ "type": "Feature", "properties": { "osm_type": "node", "osm_id": 6315927289, "category": "suction", "type_de": "Saugstelle", "all_tags": { "emergency": "suction_point" }, "name": null, "ref": null, "operator": null, "access": null, "description": null, "note": null, "check_date": null, "fire_hydrant_type": null, "fire_hydrant_diameter": null, "fire_hydrant_pressure": null, "fire_hydrant_couplings": null, "fire_hydrant_position": null, "water_source": null, "water_tank_volume": null, "capacity": null, "diameter": null, "pressure": null, "source": null, "lon": 9.3061629, "lat": 53.5177952 }, "geometry": { "type": "Point", "coordinates": [ 9.3061629, 53.5177952 ] } },
{ "type": "Feature", "properties": { "osm_type": "node", "osm_id": 6315953541, "category": "suction", "type_de": "Saugstelle", "all_tags": { "emergency": "suction_point", "name": "Brunnen" }, "name": "Brunnen", "ref": null, "operator": null, "access": null, "description": null, "note": null, "check_date": null, "fire_hydrant_type": null, "fire_hydrant_diameter": null, "fire_hydrant_pressure": null, "fire_hydrant_couplings": null, "fire_hydrant_position": null, "water_source": null, "water_tank_volume": null, "capacity": null, "diameter": null, "pressure": null, "source": null, "lon": 9.3104357, "lat": 53.5102561 }, "geometry": { "type": "Point", "coordinates": [ 9.3104357, 53.5102561 ] } },
{ "type": "Feature", "properties": { "osm_type": "node", "osm_id": 6315999061, "category": "suction", "type_de": "Saugstelle", "all_tags": { "emergency": "suction_point", "name": "Brunnen" }, "name": "Brunnen", "ref": null, "operator": null, "access": null, "description": null, "note": null, "check_date": null, "fire_hydrant_type": null, "fire_hydrant_diameter": null, "fire_hydrant_pressure": null, "fire_hydrant_couplings": null, "fire_hydrant_position": null, "water_source": null, "water_tank_volume": null, "capacity": null, "diameter": null, "pressure": null, "source": null, "lon": 9.3006939, "lat": 53.5096165 }, "geometry": { "type": "Point", "coordinates": [ 9.3006939, 53.5096165 ] } },
{ "type": "Feature", "properties": { "osm_type": "node", "osm_id": 6316038576, "category": "suction", "type_de": "Saugstelle", "all_tags": { "emergency": "suction_point", "name": "Brunnen" }, "name": "Brunnen", "ref": null, "operator": null, "access": null, "description": null, "note": null, "check_date": null, "fire_hydrant_type": null, "fire_hydrant_diameter": null, "fire_hydrant_pressure": null, "fire_hydrant_couplings": null, "fire_hydrant_position": null, "water_source": null, "water_tank_volume": null, "capacity": null, "diameter": null, "pressure": null, "source": null, "lon": 9.3310511, "lat": 53.5234021 }, "geometry": { "type": "Point", "coordinates": [ 9.3310511, 53.5234021 ] } },
{ "type": "Feature", "properties": { "osm_type": "node", "osm_id": 6316038996, "category": "suction", "type_de": "Saugstelle", "all_tags": { "emergency": "suction_point", "name": "Brunnen" }, "name": "Brunnen", "ref": null, "operator": null, "access": null, "description": null, "note": null, "check_date": null, "fire_hydrant_type": null, "fire_hydrant_diameter": null, "fire_hydrant_pressure": null, "fire_hydrant_couplings": null, "fire_hydrant_position": null, "water_source": null, "water_tank_volume": null, "capacity": null, "diameter": null, "pressure": null, "source": null, "lon": 9.3361688, "lat": 53.5202894 }, "geometry": { "type": "Point", "coordinates": [ 9.3361688, 53.5202894 ] } },
{ "type": "Feature", "properties": { "osm_type": "node", "osm_id": 6316040518, "category": "suction", "type_de": "Saugstelle", "all_tags": { "emergency": "suction_point", "name": "Brunnen" }, "name": "Brunnen", "ref": null, "operator": null, "access": null, "description": null, "note": null, "check_date": null, "fire_hydrant_type": null, "fire_hydrant_diameter": null, "fire_hydrant_pressure": null, "fire_hydrant_couplings": null, "fire_hydrant_position": null, "water_source": null, "water_tank_volume": null, "capacity": null, "diameter": null, "pressure": null, "source": null, "lon": 9.3437755, "lat": 53.5181971 }, "geometry": { "type": "Point", "coordinates": [ 9.3437755, 53.5181971 ] } },
{ "type": "Feature", "properties": { "osm_type": "node", "osm_id": 6316042920, "category": "suction", "type_de": "Saugstelle", "all_tags": { "emergency": "suction_point", "name": "Brunnen" }, "name": "Brunnen", "ref": null, "operator": null, "access": null, "description": null, "note": null, "check_date": null, "fire_hydrant_type": null, "fire_hydrant_diameter": null, "fire_hydrant_pressure": null, "fire_hydrant_couplings": null, "fire_hydrant_position": null, "water_source": null, "water_tank_volume": null, "capacity": null, "diameter": null, "pressure": null, "source": null, "lon": 9.3242276, "lat": 53.5142068 }, "geometry": { "type": "Point", "coordinates": [ 9.3242276, 53.5142068 ] } },
{ "type": "Feature", "properties": { "osm_type": "node", "osm_id": 6316044408, "category": "suction", "type_de": "Saugstelle", "all_tags": { "emergency": "suction_point", "name": "Brunnen" }, "name": "Brunnen", "ref": null, "operator": null, "access": null, "description": null, "note": null, "check_date": null, "fire_hydrant_type": null, "fire_hydrant_diameter": null, "fire_hydrant_pressure": null, "fire_hydrant_couplings": null, "fire_hydrant_position": null, "water_source": null, "water_tank_volume": null, "capacity": null, "diameter": null, "pressure": null, "source": null, "lon": 9.2872265, "lat": 53.5185926 }, "geometry": { "type": "Point", "coordinates": [ 9.2872265, 53.5185926 ] } },
{ "type": "Feature", "properties": { "osm_type": "node", "osm_id": 6715152538, "category": "suction", "type_de": "Saugstelle", "all_tags": { "emergency": "suction_point" }, "name": null, "ref": null, "operator": null, "access": null, "description": null, "note": null, "check_date": null, "fire_hydrant_type": null, "fire_hydrant_diameter": null, "fire_hydrant_pressure": null, "fire_hydrant_couplings": null, "fire_hydrant_position": null, "water_source": null, "water_tank_volume": null, "capacity": null, "diameter": null, "pressure": null, "source": null, "lon": 9.4099543, "lat": 53.5755845 }, "geometry": { "type": "Point", "coordinates": [ 9.4099543, 53.5755845 ] } },
{ "type": "Feature", "properties": { "osm_type": "node", "osm_id": 6834850732, "category": "suction", "type_de": "Saugstelle", "all_tags": { "description": "Offenes Gewässer", "emergency": "suction_point", "survey:date": "15.05.2020" }, "name": null, "ref": null, "operator": null, "access": null, "description": "Offenes Gewässer", "note": null, "check_date": null, "fire_hydrant_type": null, "fire_hydrant_diameter": null, "fire_hydrant_pressure": null, "fire_hydrant_couplings": null, "fire_hydrant_position": null, "water_source": null, "water_tank_volume": null, "capacity": null, "diameter": null, "pressure": null, "source": null, "lon": 9.4641641, "lat": 53.461905 }, "geometry": { "type": "Point", "coordinates": [ 9.4641641, 53.461905 ] } },
{ "type": "Feature", "properties": { "osm_type": "node", "osm_id": 6900266441, "category": "suction", "type_de": "Saugstelle", "all_tags": { "description": "Zisterne", "emergency": "suction_point", "survey:date": "2019-10-20" }, "name": null, "ref": null, "operator": null, "access": null, "description": "Zisterne", "note": null, "check_date": null, "fire_hydrant_type": null, "fire_hydrant_diameter": null, "fire_hydrant_pressure": null, "fire_hydrant_couplings": null, "fire_hydrant_position": null, "water_source": null, "water_tank_volume": null, "capacity": null, "diameter": null, "pressure": null, "source": null, "lon": 9.476105, "lat": 53.5155976 }, "geometry": { "type": "Point", "coordinates": [ 9.476105, 53.5155976 ] } },
{ "type": "Feature", "properties": { "osm_type": "node", "osm_id": 6966815291, "category": "suction", "type_de": "Saugstelle", "all_tags": { "description": "Rüstje, Löschteich nördlich Förster", "emergency": "suction_point", "name": "Löschteich", "survey:date": "2019-11-11" }, "name": "Löschteich", "ref": null, "operator": null, "access": null, "description": "Rüstje, Löschteich nördlich Förster", "note": null, "check_date": null, "fire_hydrant_type": null, "fire_hydrant_diameter": null, "fire_hydrant_pressure": null, "fire_hydrant_couplings": null, "fire_hydrant_position": null, "water_source": null, "water_tank_volume": null, "capacity": null, "diameter": null, "pressure": null, "source": null, "lon": 9.5079535, "lat": 53.5214471 }, "geometry": { "type": "Point", "coordinates": [ 9.5079535, 53.5214471 ] } },
{ "type": "Feature", "properties": { "osm_type": "node", "osm_id": 7503473774, "category": "suction", "type_de": "Saugstelle", "all_tags": { "emergency": "suction_point", "fire_hydrant:pressure": "suction", "flow_rate": "1040", "name": "Pumpelhorn", "survey:date": "2020-05-10" }, "name": "Pumpelhorn", "ref": null, "operator": null, "access": null, "description": null, "note": null, "check_date": null, "fire_hydrant_type": null, "fire_hydrant_diameter": null, "fire_hydrant_pressure": "suction", "fire_hydrant_couplings": null, "fire_hydrant_position": null, "water_source": null, "water_tank_volume": null, "capacity": null, "diameter": null, "pressure": null, "source": null, "lon": 9.4963045, "lat": 53.4547585 }, "geometry": { "type": "Point", "coordinates": [ 9.4963045, 53.4547585 ] } },
{ "type": "Feature", "properties": { "osm_type": "node", "osm_id": 7506933140, "category": "suction", "type_de": "Saugrohr/Sauganschluss", "all_tags": { "couplings:diameters": "A", "couplings:type": "Storz", "description": "Zugang rechte Seite vom Gebäude", "emergency": "fire_hydrant", "fire_hydrant:diameter": "A", "fire_hydrant:pressure": "suction", "fire_hydrant:type": "pipe", "survey:date": "2020-05-11", "water_source": "water_tank", "water_tank:volume": "90 m3" }, "name": null, "ref": null, "operator": null, "access": null, "description": "Zugang rechte Seite vom Gebäude", "note": null, "check_date": null, "fire_hydrant_type": "pipe", "fire_hydrant_diameter": "A", "fire_hydrant_pressure": "suction", "fire_hydrant_couplings": null, "fire_hydrant_position": null, "water_source": "water_tank", "water_tank_volume": "90 m3", "capacity": null, "diameter": null, "pressure": null, "source": null, "lon": 9.4515574, "lat": 53.4052083 }, "geometry": { "type": "Point", "coordinates": [ 9.4515574, 53.4052083 ] } },
{ "type": "Feature", "properties": { "osm_type": "node", "osm_id": 7506968999, "category": "suction", "type_de": "Saugrohr/Sauganschluss", "all_tags": { "couplings": "1", "couplings:type": "Storz", "emergency": "fire_hydrant", "fire_hydrant:position": "green", "fire_hydrant:pressure": "suction", "fire_hydrant:type": "pipe", "survey:date": "2021-04-22", "water_source": "groundwater" }, "name": null, "ref": null, "operator": null, "access": null, "description": null, "note": null, "check_date": null, "fire_hydrant_type": "pipe", "fire_hydrant_diameter": null, "fire_hydrant_pressure": "suction", "fire_hydrant_couplings": null, "fire_hydrant_position": "green", "water_source": "groundwater", "water_tank_volume": null, "capacity": null, "diameter": null, "pressure": null, "source": null, "lon": 9.4381222, "lat": 53.3777262 }, "geometry": { "type": "Point", "coordinates": [ 9.4381222, 53.3777262 ] } },
{ "type": "Feature", "properties": { "osm_type": "node", "osm_id": 7506969679, "category": "suction", "type_de": "Saugrohr/Sauganschluss", "all_tags": { "couplings": "1", "couplings:type": "Storz", "emergency": "fire_hydrant", "fire_hydrant:pressure": "suction", "fire_hydrant:type": "pipe", "survey:date": "2020-05-11", "water_source": "groundwater" }, "name": null, "ref": null, "operator": null, "access": null, "description": null, "note": null, "check_date": null, "fire_hydrant_type": "pipe", "fire_hydrant_diameter": null, "fire_hydrant_pressure": "suction", "fire_hydrant_couplings": null, "fire_hydrant_position": null, "water_source": "groundwater", "water_tank_volume": null, "capacity": null, "diameter": null, "pressure": null, "source": null, "lon": 9.4482744, "lat": 53.3788198 }, "geometry": { "type": "Point", "coordinates": [ 9.4482744, 53.3788198 ] } },
{ "type": "Feature", "properties": { "osm_type": "node", "osm_id": 7506993517, "category": "suction", "type_de": "Saugrohr/Sauganschluss", "all_tags": { "couplings": "1", "couplings:type": "Storz", "emergency": "fire_hydrant", "fire_hydrant:position": "green", "fire_hydrant:pressure": "suction", "fire_hydrant:type": "pipe", "survey:date": "2020-05-11", "water_source": "groundwater", "water_volume": "150" }, "name": null, "ref": null, "operator": null, "access": null, "description": null, "note": null, "check_date": null, "fire_hydrant_type": "pipe", "fire_hydrant_diameter": null, "fire_hydrant_pressure": "suction", "fire_hydrant_couplings": null, "fire_hydrant_position": "green", "water_source": "groundwater", "water_tank_volume": null, "capacity": null, "diameter": null, "pressure": null, "source": null, "lon": 9.4509851, "lat": 53.4035597 }, "geometry": { "type": "Point", "coordinates": [ 9.4509851, 53.4035597 ] } },
{ "type": "Feature", "properties": { "osm_type": "node", "osm_id": 7507009693, "category": "suction", "type_de": "Saugrohr/Sauganschluss", "all_tags": { "couplings": "1", "emergency": "fire_hydrant", "fire_hydrant:position": "green", "fire_hydrant:pressure": "suction", "fire_hydrant:type": "pipe", "survey:date": "2020-05-11", "water_source": "water_tank", "water_tank:volume": "60 m3" }, "name": null, "ref": null, "operator": null, "access": null, "description": null, "note": null, "check_date": null, "fire_hydrant_type": "pipe", "fire_hydrant_diameter": null, "fire_hydrant_pressure": "suction", "fire_hydrant_couplings": null, "fire_hydrant_position": "green", "water_source": "water_tank", "water_tank_volume": "60 m3", "capacity": null, "diameter": null, "pressure": null, "source": null, "lon": 9.4539848, "lat": 53.4094815 }, "geometry": { "type": "Point", "coordinates": [ 9.4539848, 53.4094815 ] } },
{ "type": "Feature", "properties": { "osm_type": "node", "osm_id": 7507016824, "category": "suction", "type_de": "Saugrohr/Sauganschluss", "all_tags": { "couplings": "1", "couplings:type": "Storz", "emergency": "fire_hydrant", "fire_hydrant:pressure": "suction", "fire_hydrant:type": "pipe", "survey:date": "2020-05-11", "water_source": "groundwater" }, "name": null, "ref": null, "operator": null, "access": null, "description": null, "note": null, "check_date": null, "fire_hydrant_type": "pipe", "fire_hydrant_diameter": null, "fire_hydrant_pressure": "suction", "fire_hydrant_couplings": null, "fire_hydrant_position": null, "water_source": "groundwater", "water_tank_volume": null, "capacity": null, "diameter": null, "pressure": null, "source": null, "lon": 9.4722394, "lat": 53.4017021 }, "geometry": { "type": "Point", "coordinates": [ 9.4722394, 53.4017021 ] } },
{ "type": "Feature", "properties": { "osm_type": "node", "osm_id": 7507029748, "category": "suction", "type_de": "Saugrohr/Sauganschluss", "all_tags": { "couplings": "1", "description": "Elektrische Tiefenpumpe (Aggregat erforderlich)", "emergency": "fire_hydrant", "fire_hydrant:diameter": "A", "fire_hydrant:pressure": "suction", "fire_hydrant:type": "pipe", "name": "Tiefenpumpe", "survey:date": "2020-05-11", "water_source": "groundwater" }, "name": "Tiefenpumpe", "ref": null, "operator": null, "access": null, "description": "Elektrische Tiefenpumpe (Aggregat erforderlich)", "note": null, "check_date": null, "fire_hydrant_type": "pipe", "fire_hydrant_diameter": "A", "fire_hydrant_pressure": "suction", "fire_hydrant_couplings": null, "fire_hydrant_position": null, "water_source": "groundwater", "water_tank_volume": null, "capacity": null, "diameter": null, "pressure": null, "source": null, "lon": 9.4555002, "lat": 53.3936508 }, "geometry": { "type": "Point", "coordinates": [ 9.4555002, 53.3936508 ] } },
{ "type": "Feature", "properties": { "osm_type": "node", "osm_id": 7519553117, "category": "suction", "type_de": "Saugrohr/Sauganschluss", "all_tags": { "couplings": "2", "drinking_water": "no", "emergency": "fire_hydrant", "fire_hydrant:position": "parking_lot", "fire_hydrant:pressure": "suction", "fire_hydrant:type": "pipe", "survey:date": "14.05.2020", "water_source": "water_tank", "water_tank:volume": "300 m3" }, "name": null, "ref": null, "operator": null, "access": null, "description": null, "note": null, "check_date": null, "fire_hydrant_type": "pipe", "fire_hydrant_diameter": null, "fire_hydrant_pressure": "suction", "fire_hydrant_couplings": null, "fire_hydrant_position": "parking_lot", "water_source": "water_tank", "water_tank_volume": "300 m3", "capacity": null, "diameter": null, "pressure": null, "source": null, "lon": 9.4810026, "lat": 53.4365293 }, "geometry": { "type": "Point", "coordinates": [ 9.4810026, 53.4365293 ] } },
{ "type": "Feature", "properties": { "osm_type": "node", "osm_id": 7519575809, "category": "suction", "type_de": "Saugrohr/Sauganschluss", "all_tags": { "couplings": "1", "couplings:diameters": "A", "couplings:type": "Storz", "emergency": "fire_hydrant", "fire_hydrant:position": "green", "fire_hydrant:pressure": "suction", "fire_hydrant:type": "pipe", "survey:date": "2021-05-06", "water_source": "groundwater" }, "name": null, "ref": null, "operator": null, "access": null, "description": null, "note": null, "check_date": null, "fire_hydrant_type": "pipe", "fire_hydrant_diameter": null, "fire_hydrant_pressure": "suction", "fire_hydrant_couplings": null, "fire_hydrant_position": "green", "water_source": "groundwater", "water_tank_volume": null, "capacity": null, "diameter": null, "pressure": null, "source": null, "lon": 9.4366175, "lat": 53.4101913 }, "geometry": { "type": "Point", "coordinates": [ 9.4366175, 53.4101913 ] } },
{ "type": "Feature", "properties": { "osm_type": "node", "osm_id": 7523914156, "category": "suction", "type_de": "Saugrohr/Sauganschluss", "all_tags": { "couplings": "1", "couplings:diameters": "A", "emergency": "fire_hydrant", "fire_hydrant:pressure": "suction", "fire_hydrant:type": "pipe", "survey:date": "15.05.2020", "water_source": "groundwater" }, "name": null, "ref": null, "operator": null, "access": null, "description": null, "note": null, "check_date": null, "fire_hydrant_type": "pipe", "fire_hydrant_diameter": null, "fire_hydrant_pressure": "suction", "fire_hydrant_couplings": null, "fire_hydrant_position": null, "water_source": "groundwater", "water_tank_volume": null, "capacity": null, "diameter": null, "pressure": null, "source": null, "lon": 9.4550443, "lat": 53.4117334 }, "geometry": { "type": "Point", "coordinates": [ 9.4550443, 53.4117334 ] } },
{ "type": "Feature", "properties": { "osm_type": "node", "osm_id": 7523990544, "category": "suction", "type_de": "Saugrohr/Sauganschluss", "all_tags": { "couplings": "1", "emergency": "fire_hydrant", "fire_hydrant:diameter": "A", "fire_hydrant:pressure": "suction", "fire_hydrant:type": "pipe", "survey:date": "15.05.2020", "water_source": "groundwater" }, "name": null, "ref": null, "operator": null, "access": null, "description": null, "note": null, "check_date": null, "fire_hydrant_type": "pipe", "fire_hydrant_diameter": "A", "fire_hydrant_pressure": "suction", "fire_hydrant_couplings": null, "fire_hydrant_position": null, "water_source": "groundwater", "water_tank_volume": null, "capacity": null, "diameter": null, "pressure": null, "source": null, "lon": 9.4106591, "lat": 53.3831044 }, "geometry": { "type": "Point", "coordinates": [ 9.4106591, 53.3831044 ] } },
{ "type": "Feature", "properties": { "osm_type": "node", "osm_id": 7524012682, "category": "suction", "type_de": "Saugrohr/Sauganschluss", "all_tags": { "couplings:diameters": "A", "couplings:type": "Storz", "drinking_water": "no", "emergency": "fire_hydrant", "fire_hydrant:position": "green", "fire_hydrant:pressure": "suction", "fire_hydrant:type": "pipe", "survey:date": "2021-05-06", "water_source": "water_tank" }, "name": null, "ref": null, "operator": null, "access": null, "description": null, "note": null, "check_date": null, "fire_hydrant_type": "pipe", "fire_hydrant_diameter": null, "fire_hydrant_pressure": "suction", "fire_hydrant_couplings": null, "fire_hydrant_position": "green", "water_source": "water_tank", "water_tank_volume": null, "capacity": null, "diameter": null, "pressure": null, "source": null, "lon": 9.4135559, "lat": 53.4067338 }, "geometry": { "type": "Point", "coordinates": [ 9.4135559, 53.4067338 ] } },
{ "type": "Feature", "properties": { "osm_type": "node", "osm_id": 7524019236, "category": "suction", "type_de": "Saugrohr/Sauganschluss", "all_tags": { "emergency": "fire_hydrant", "fire_hydrant:pressure": "suction", "fire_hydrant:type": "pipe", "survey:date": "15.05.2020", "water_source": "groundwater" }, "name": null, "ref": null, "operator": null, "access": null, "description": null, "note": null, "check_date": null, "fire_hydrant_type": "pipe", "fire_hydrant_diameter": null, "fire_hydrant_pressure": "suction", "fire_hydrant_couplings": null, "fire_hydrant_position": null, "water_source": "groundwater", "water_tank_volume": null, "capacity": null, "diameter": null, "pressure": null, "source": null, "lon": 9.4136095, "lat": 53.383418 }, "geometry": { "type": "Point", "coordinates": [ 9.4136095, 53.383418 ] } },
{ "type": "Feature", "properties": { "osm_type": "node", "osm_id": 7524020276, "category": "suction", "type_de": "Saugrohr/Sauganschluss", "all_tags": { "couplings": "1", "emergency": "fire_hydrant", "fire_hydrant:diameter": "A", "fire_hydrant:pressure": "suction", "fire_hydrant:type": "pipe", "survey:date": "15.05.2020", "water_source": "groundwater" }, "name": null, "ref": null, "operator": null, "access": null, "description": null, "note": null, "check_date": null, "fire_hydrant_type": "pipe", "fire_hydrant_diameter": "A", "fire_hydrant_pressure": "suction", "fire_hydrant_couplings": null, "fire_hydrant_position": null, "water_source": "groundwater", "water_tank_volume": null, "capacity": null, "diameter": null, "pressure": null, "source": null, "lon": 9.383733, "lat": 53.4611844 }, "geometry": { "type": "Point", "coordinates": [ 9.383733, 53.4611844 ] } },
{ "type": "Feature", "properties": { "osm_type": "node", "osm_id": 7524021910, "category": "suction", "type_de": "Saugrohr/Sauganschluss", "all_tags": { "couplings": "1", "couplings:diameters": "A", "couplings:type": "Storz", "emergency": "fire_hydrant", "fire_hydrant:pressure": "suction", "fire_hydrant:type": "pipe", "survey:date": "2021-05-06", "water_source": "groundwater" }, "name": null, "ref": null, "operator": null, "access": null, "description": null, "note": null, "check_date": null, "fire_hydrant_type": "pipe", "fire_hydrant_diameter": null, "fire_hydrant_pressure": "suction", "fire_hydrant_couplings": null, "fire_hydrant_position": null, "water_source": "groundwater", "water_tank_volume": null, "capacity": null, "diameter": null, "pressure": null, "source": null, "lon": 9.402929, "lat": 53.3935884 }, "geometry": { "type": "Point", "coordinates": [ 9.402929, 53.3935884 ] } },
{ "type": "Feature", "properties": { "osm_type": "node", "osm_id": 7524022159, "category": "suction", "type_de": "Saugstelle", "all_tags": { "emergency": "suction_point", "survey:date": "15.05.2020" }, "name": null, "ref": null, "operator": null, "access": null, "description": null, "note": null, "check_date": null, "fire_hydrant_type": null, "fire_hydrant_diameter": null, "fire_hydrant_pressure": null, "fire_hydrant_couplings": null, "fire_hydrant_position": null, "water_source": null, "water_tank_volume": null, "capacity": null, "diameter": null, "pressure": null, "source": null, "lon": 9.3872005, "lat": 53.4498451 }, "geometry": { "type": "Point", "coordinates": [ 9.3872005, 53.4498451 ] } },
{ "type": "Feature", "properties": { "osm_type": "node", "osm_id": 7524023928, "category": "suction", "type_de": "Saugrohr/Sauganschluss", "all_tags": { "couplings": "1", "couplings:diameters": "A", "couplings:type": "Storz", "emergency": "fire_hydrant", "fire_hydrant:pressure": "suction", "fire_hydrant:type": "pipe", "survey:date": "2021-05-06", "water_source": "water_tank", "water_volume": "150 m3" }, "name": null, "ref": null, "operator": null, "access": null, "description": null, "note": null, "check_date": null, "fire_hydrant_type": "pipe", "fire_hydrant_diameter": null, "fire_hydrant_pressure": "suction", "fire_hydrant_couplings": null, "fire_hydrant_position": null, "water_source": "water_tank", "water_tank_volume": null, "capacity": null, "diameter": null, "pressure": null, "source": null, "lon": 9.4269025, "lat": 53.4075716 }, "geometry": { "type": "Point", "coordinates": [ 9.4269025, 53.4075716 ] } },
{ "type": "Feature", "properties": { "osm_type": "node", "osm_id": 7524025880, "category": "suction", "type_de": "Saugrohr/Sauganschluss", "all_tags": { "couplings": "1", "couplings:type": "Storz", "description": "Bohrbrunnen", "emergency": "fire_hydrant", "fire_hydrant:diameter": "A", "fire_hydrant:pressure": "suction", "fire_hydrant:type": "pipe", "survey:date": "15.05.2020", "water_source": "groundwater" }, "name": null, "ref": null, "operator": null, "access": null, "description": "Bohrbrunnen", "note": null, "check_date": null, "fire_hydrant_type": "pipe", "fire_hydrant_diameter": "A", "fire_hydrant_pressure": "suction", "fire_hydrant_couplings": null, "fire_hydrant_position": null, "water_source": "groundwater", "water_tank_volume": null, "capacity": null, "diameter": null, "pressure": null, "source": null, "lon": 9.4210875, "lat": 53.4299761 }, "geometry": { "type": "Point", "coordinates": [ 9.4210875, 53.4299761 ] } },
{ "type": "Feature", "properties": { "osm_type": "node", "osm_id": 7524034259, "category": "suction", "type_de": "Saugrohr/Sauganschluss", "all_tags": { "couplings": "1", "couplings:type": "Storz", "emergency": "fire_hydrant", "fire_hydrant:diameter": "A", "fire_hydrant:pressure": "suction", "fire_hydrant:type": "pipe", "survey:date": "15.05,2020", "water_source": "groundwater" }, "name": null, "ref": null, "operator": null, "access": null, "description": null, "note": null, "check_date": null, "fire_hydrant_type": "pipe", "fire_hydrant_diameter": "A", "fire_hydrant_pressure": "suction", "fire_hydrant_couplings": null, "fire_hydrant_position": null, "water_source": "groundwater", "water_tank_volume": null, "capacity": null, "diameter": null, "pressure": null, "source": null, "lon": 9.3935573, "lat": 53.4171736 }, "geometry": { "type": "Point", "coordinates": [ 9.3935573, 53.4171736 ] } },
{ "type": "Feature", "properties": { "osm_type": "node", "osm_id": 7524054429, "category": "suction", "type_de": "Saugrohr/Sauganschluss", "all_tags": { "couplings": "1", "couplings:type": "Storz", "emergency": "fire_hydrant", "fire_hydrant:diameter": "A", "fire_hydrant:pressure": "suction", "fire_hydrant:type": "pipe", "survey:date": "15.05.2020", "water_source": "groundwater" }, "name": null, "ref": null, "operator": null, "access": null, "description": null, "note": null, "check_date": null, "fire_hydrant_type": "pipe", "fire_hydrant_diameter": "A", "fire_hydrant_pressure": "suction", "fire_hydrant_couplings": null, "fire_hydrant_position": null, "water_source": "groundwater", "water_tank_volume": null, "capacity": null, "diameter": null, "pressure": null, "source": null, "lon": 9.3434832, "lat": 53.4402776 }, "geometry": { "type": "Point", "coordinates": [ 9.3434832, 53.4402776 ] } },
{ "type": "Feature", "properties": { "osm_type": "node", "osm_id": 7524054785, "category": "suction", "type_de": "Saugrohr/Sauganschluss", "all_tags": { "couplings": "1", "drinking_water": "no", "emergency": "fire_hydrant", "fire_hydrant:diameter": "A", "fire_hydrant:pressure": "suction", "fire_hydrant:type": "pipe", "survey:date": "15.05.2020", "water_source": "water_tank", "water_tank:volume": "60 m3", "water_volume": "60" }, "name": null, "ref": null, "operator": null, "access": null, "description": null, "note": null, "check_date": null, "fire_hydrant_type": "pipe", "fire_hydrant_diameter": "A", "fire_hydrant_pressure": "suction", "fire_hydrant_couplings": null, "fire_hydrant_position": null, "water_source": "water_tank", "water_tank_volume": "60 m3", "capacity": null, "diameter": null, "pressure": null, "source": null, "lon": 9.4328678, "lat": 53.4252903 }, "geometry": { "type": "Point", "coordinates": [ 9.4328678, 53.4252903 ] } },
{ "type": "Feature", "properties": { "osm_type": "node", "osm_id": 7524054865, "category": "suction", "type_de": "Saugrohr/Sauganschluss", "all_tags": { "couplings": "1", "couplings:type": "Storz", "emergency": "fire_hydrant", "fire_hydrant:diameter": "A", "fire_hydrant:pressure": "suction", "fire_hydrant:type": "pipe", "survey:date": "15.05.2020", "water_source": "groundwater" }, "name": null, "ref": null, "operator": null, "access": null, "description": null, "note": null, "check_date": null, "fire_hydrant_type": "pipe", "fire_hydrant_diameter": "A", "fire_hydrant_pressure": "suction", "fire_hydrant_couplings": null, "fire_hydrant_position": null, "water_source": "groundwater", "water_tank_volume": null, "capacity": null, "diameter": null, "pressure": null, "source": null, "lon": 9.35168, "lat": 53.4334486 }, "geometry": { "type": "Point", "coordinates": [ 9.35168, 53.4334486 ] } },
{ "type": "Feature", "properties": { "osm_type": "node", "osm_id": 7524058966, "category": "suction", "type_de": "Saugrohr/Sauganschluss", "all_tags": { "couplings": "1", "couplings:type": "Storz", "emergency": "fire_hydrant", "fire_hydrant:diameter": "A", "fire_hydrant:pressure": "suction", "fire_hydrant:type": "pipe", "survey:date": "15.05.2020", "water_source": "groundwater" }, "name": null, "ref": null, "operator": null, "access": null, "description": null, "note": null, "check_date": null, "fire_hydrant_type": "pipe", "fire_hydrant_diameter": "A", "fire_hydrant_pressure": "suction", "fire_hydrant_couplings": null, "fire_hydrant_position": null, "water_source": "groundwater", "water_tank_volume": null, "capacity": null, "diameter": null, "pressure": null, "source": null, "lon": 9.3901294, "lat": 53.4541321 }, "geometry": { "type": "Point", "coordinates": [ 9.3901294, 53.4541321 ] } },
{ "type": "Feature", "properties": { "osm_type": "node", "osm_id": 7524062755, "category": "suction", "type_de": "Saugrohr/Sauganschluss", "all_tags": { "couplings": "1", "couplings:type": "Storz", "emergency": "fire_hydrant", "fire_hydrant:diameter": "A", "fire_hydrant:pressure": "suction", "fire_hydrant:type": "pipe", "survey:date": "15.05.2020", "water_source": "water_tank" }, "name": null, "ref": null, "operator": null, "access": null, "description": null, "note": null, "check_date": null, "fire_hydrant_type": "pipe", "fire_hydrant_diameter": "A", "fire_hydrant_pressure": "suction", "fire_hydrant_couplings": null, "fire_hydrant_position": null, "water_source": "water_tank", "water_tank_volume": null, "capacity": null, "diameter": null, "pressure": null, "source": null, "lon": 9.367682, "lat": 53.428776 }, "geometry": { "type": "Point", "coordinates": [ 9.367682, 53.428776 ] } },
{ "type": "Feature", "properties": { "osm_type": "node", "osm_id": 7524063952, "category": "suction", "type_de": "Saugrohr/Sauganschluss", "all_tags": { "couplings": "1", "couplings:type": "Storz", "description": "Brunnen mit elektr. Tiefenpumpe", "emergency": "fire_hydrant", "fire_hydrant:diameter": "A", "fire_hydrant:pressure": "suction", "fire_hydrant:type": "pipe", "survey:date": "15.05.2020", "water_source": "groundwater" }, "name": null, "ref": null, "operator": null, "access": null, "description": "Brunnen mit elektr. Tiefenpumpe", "note": null, "check_date": null, "fire_hydrant_type": "pipe", "fire_hydrant_diameter": "A", "fire_hydrant_pressure": "suction", "fire_hydrant_couplings": null, "fire_hydrant_position": null, "water_source": "groundwater", "water_tank_volume": null, "capacity": null, "diameter": null, "pressure": null, "source": null, "lon": 9.3983048, "lat": 53.4274703 }, "geometry": { "type": "Point", "coordinates": [ 9.3983048, 53.4274703 ] } },
{ "type": "Feature", "properties": { "osm_type": "node", "osm_id": 7524066672, "category": "suction", "type_de": "Saugrohr/Sauganschluss", "all_tags": { "couplings": "1", "couplings:type": "Storz", "emergency": "fire_hydrant", "fire_hydrant:diameter": "A", "fire_hydrant:pressure": "suction", "fire_hydrant:type": "pipe", "survey:date": "15.05.2020", "water_source": "groundwater" }, "name": null, "ref": null, "operator": null, "access": null, "description": null, "note": null, "check_date": null, "fire_hydrant_type": "pipe", "fire_hydrant_diameter": "A", "fire_hydrant_pressure": "suction", "fire_hydrant_couplings": null, "fire_hydrant_position": null, "water_source": "groundwater", "water_tank_volume": null, "capacity": null, "diameter": null, "pressure": null, "source": null, "lon": 9.3972132, "lat": 53.4217373 }, "geometry": { "type": "Point", "coordinates": [ 9.3972132, 53.4217373 ] } },
{ "type": "Feature", "properties": { "osm_type": "node", "osm_id": 7524070613, "category": "suction", "type_de": "Saugrohr/Sauganschluss", "all_tags": { "couplings": "1", "couplings:type": "Storz", "emergency": "fire_hydrant", "fire_hydrant:diameter": "A", "fire_hydrant:pressure": "suction", "fire_hydrant:type": "pipe", "survey:date": "15.05.2020", "water_source": "groundwater" }, "name": null, "ref": null, "operator": null, "access": null, "description": null, "note": null, "check_date": null, "fire_hydrant_type": "pipe", "fire_hydrant_diameter": "A", "fire_hydrant_pressure": "suction", "fire_hydrant_couplings": null, "fire_hydrant_position": null, "water_source": "groundwater", "water_tank_volume": null, "capacity": null, "diameter": null, "pressure": null, "source": null, "lon": 9.3547371, "lat": 53.4385708 }, "geometry": { "type": "Point", "coordinates": [ 9.3547371, 53.4385708 ] } },
{ "type": "Feature", "properties": { "osm_type": "node", "osm_id": 7524072807, "category": "suction", "type_de": "Saugrohr/Sauganschluss", "all_tags": { "couplings": "1", "couplings:type": "Storz", "emergency": "fire_hydrant", "fire_hydrant:diameter": "A", "fire_hydrant:pressure": "suction", "fire_hydrant:type": "pipe", "survey:date": "15.05.2020", "water_source": "groundwater" }, "name": null, "ref": null, "operator": null, "access": null, "description": null, "note": null, "check_date": null, "fire_hydrant_type": "pipe", "fire_hydrant_diameter": "A", "fire_hydrant_pressure": "suction", "fire_hydrant_couplings": null, "fire_hydrant_position": null, "water_source": "groundwater", "water_tank_volume": null, "capacity": null, "diameter": null, "pressure": null, "source": null, "lon": 9.4053671, "lat": 53.4247453 }, "geometry": { "type": "Point", "coordinates": [ 9.4053671, 53.4247453 ] } },
{ "type": "Feature", "properties": { "osm_type": "node", "osm_id": 7524076164, "category": "suction", "type_de": "Saugstelle", "all_tags": { "emergency": "suction_point", "survey:date": "15.05.2020" }, "name": null, "ref": null, "operator": null, "access": null, "description": null, "note": null, "check_date": null, "fire_hydrant_type": null, "fire_hydrant_diameter": null, "fire_hydrant_pressure": null, "fire_hydrant_couplings": null, "fire_hydrant_position": null, "water_source": null, "water_tank_volume": null, "capacity": null, "diameter": null, "pressure": null, "source": null, "lon": 9.4352978, "lat": 53.4092281 }, "geometry": { "type": "Point", "coordinates": [ 9.4352978, 53.4092281 ] } },
{ "type": "Feature", "properties": { "osm_type": "node", "osm_id": 7524084531, "category": "suction", "type_de": "Saugrohr/Sauganschluss", "all_tags": { "couplings": "1", "couplings:diameters": "A", "couplings:type": "Storz", "emergency": "fire_hydrant", "fire_hydrant:position": "green", "fire_hydrant:pressure": "suction", "fire_hydrant:type": "pipe", "survey:date": "2021-05-06", "water_source": "water_tank" }, "name": null, "ref": null, "operator": null, "access": null, "description": null, "note": null, "check_date": null, "fire_hydrant_type": "pipe", "fire_hydrant_diameter": null, "fire_hydrant_pressure": "suction", "fire_hydrant_couplings": null, "fire_hydrant_position": "green", "water_source": "water_tank", "water_tank_volume": null, "capacity": null, "diameter": null, "pressure": null, "source": null, "lon": 9.4186494, "lat": 53.4143873 }, "geometry": { "type": "Point", "coordinates": [ 9.4186494, 53.4143873 ] } },
{ "type": "Feature", "properties": { "osm_type": "node", "osm_id": 7524089676, "category": "suction", "type_de": "Saugrohr/Sauganschluss", "all_tags": { "couplings": "1", "couplings:diameters": "A", "couplings:type": "Storz", "emergency": "fire_hydrant", "fire_hydrant:position": "green", "fire_hydrant:pressure": "suction", "fire_hydrant:type": "pipe", "survey:date": "2021-05-06", "water_source": "groundwater" }, "name": null, "ref": null, "operator": null, "access": null, "description": null, "note": null, "check_date": null, "fire_hydrant_type": "pipe", "fire_hydrant_diameter": null, "fire_hydrant_pressure": "suction", "fire_hydrant_couplings": null, "fire_hydrant_position": "green", "water_source": "groundwater", "water_tank_volume": null, "capacity": null, "diameter": null, "pressure": null, "source": null, "lon": 9.4374329, "lat": 53.413468 }, "geometry": { "type": "Point", "coordinates": [ 9.4374329, 53.413468 ] } },
{ "type": "Feature", "properties": { "osm_type": "node", "osm_id": 7524111382, "category": "suction", "type_de": "Saugstelle", "all_tags": { "emergency": "suction_point", "survey:date": "15.05.2020" }, "name": null, "ref": null, "operator": null, "access": null, "description": null, "note": null, "check_date": null, "fire_hydrant_type": null, "fire_hydrant_diameter": null, "fire_hydrant_pressure": null, "fire_hydrant_couplings": null, "fire_hydrant_position": null, "water_source": null, "water_tank_volume": null, "capacity": null, "diameter": null, "pressure": null, "source": null, "lon": 9.4371969, "lat": 53.4876593 }, "geometry": { "type": "Point", "coordinates": [ 9.4371969, 53.4876593 ] } },
{ "type": "Feature", "properties": { "osm_type": "node", "osm_id": 7524222576, "category": "suction", "type_de": "Saugstelle", "all_tags": { "description": "Offenes Gewässer - Teich", "emergency": "suction_point", "survey:date": "15.05.2020" }, "name": null, "ref": null, "operator": null, "access": null, "description": "Offenes Gewässer - Teich", "note": null, "check_date": null, "fire_hydrant_type": null, "fire_hydrant_diameter": null, "fire_hydrant_pressure": null, "fire_hydrant_couplings": null, "fire_hydrant_position": null, "water_source": null, "water_tank_volume": null, "capacity": null, "diameter": null, "pressure": null, "source": null, "lon": 9.4522896, "lat": 53.4668389 }, "geometry": { "type": "Point", "coordinates": [ 9.4522896, 53.4668389 ] } },
{ "type": "Feature", "properties": { "osm_type": "node", "osm_id": 7524282329, "category": "suction", "type_de": "Saugstelle", "all_tags": { "description": "Offenes Gewässer", "emergency": "suction_point", "survey:date": "15.05.2020" }, "name": null, "ref": null, "operator": null, "access": null, "description": "Offenes Gewässer", "note": null, "check_date": null, "fire_hydrant_type": null, "fire_hydrant_diameter": null, "fire_hydrant_pressure": null, "fire_hydrant_couplings": null, "fire_hydrant_position": null, "water_source": null, "water_tank_volume": null, "capacity": null, "diameter": null, "pressure": null, "source": null, "lon": 9.455401, "lat": 53.4532361 }, "geometry": { "type": "Point", "coordinates": [ 9.455401, 53.4532361 ] } },
{ "type": "Feature", "properties": { "osm_type": "node", "osm_id": 7524285298, "category": "suction", "type_de": "Saugstelle", "all_tags": { "description": "Teich", "emergency": "suction_point", "survey:date": "15.05.2020" }, "name": null, "ref": null, "operator": null, "access": null, "description": "Teich", "note": null, "check_date": null, "fire_hydrant_type": null, "fire_hydrant_diameter": null, "fire_hydrant_pressure": null, "fire_hydrant_couplings": null, "fire_hydrant_position": null, "water_source": null, "water_tank_volume": null, "capacity": null, "diameter": null, "pressure": null, "source": null, "lon": 9.4424969, "lat": 53.4736322 }, "geometry": { "type": "Point", "coordinates": [ 9.4424969, 53.4736322 ] } },
{ "type": "Feature", "properties": { "osm_type": "node", "osm_id": 7524289174, "category": "suction", "type_de": "Saugstelle", "all_tags": { "emergency": "suction_point", "survey:date": "15.05.2020" }, "name": null, "ref": null, "operator": null, "access": null, "description": null, "note": null, "check_date": null, "fire_hydrant_type": null, "fire_hydrant_diameter": null, "fire_hydrant_pressure": null, "fire_hydrant_couplings": null, "fire_hydrant_position": null, "water_source": null, "water_tank_volume": null, "capacity": null, "diameter": null, "pressure": null, "source": null, "lon": 9.4476736, "lat": 53.4592012 }, "geometry": { "type": "Point", "coordinates": [ 9.4476736, 53.4592012 ] } },
{ "type": "Feature", "properties": { "osm_type": "node", "osm_id": 7524302730, "category": "suction", "type_de": "Saugstelle", "all_tags": { "emergency": "suction_point", "survey:date": "15.05.2020" }, "name": null, "ref": null, "operator": null, "access": null, "description": null, "note": null, "check_date": null, "fire_hydrant_type": null, "fire_hydrant_diameter": null, "fire_hydrant_pressure": null, "fire_hydrant_couplings": null, "fire_hydrant_position": null, "water_source": null, "water_tank_volume": null, "capacity": null, "diameter": null, "pressure": null, "source": null, "lon": 9.467711, "lat": 53.4584291 }, "geometry": { "type": "Point", "coordinates": [ 9.467711, 53.4584291 ] } },
{ "type": "Feature", "properties": { "osm_type": "node", "osm_id": 7524325839, "category": "suction", "type_de": "Saugstelle", "all_tags": { "description": "Teich", "emergency": "suction_point", "survey:date": "15.05.2020" }, "name": null, "ref": null, "operator": null, "access": null, "description": "Teich", "note": null, "check_date": null, "fire_hydrant_type": null, "fire_hydrant_diameter": null, "fire_hydrant_pressure": null, "fire_hydrant_couplings": null, "fire_hydrant_position": null, "water_source": null, "water_tank_volume": null, "capacity": null, "diameter": null, "pressure": null, "source": null, "lon": 9.4355768, "lat": 53.4868167 }, "geometry": { "type": "Point", "coordinates": [ 9.4355768, 53.4868167 ] } },
{ "type": "Feature", "properties": { "osm_type": "node", "osm_id": 7524329753, "category": "suction", "type_de": "Saugstelle", "all_tags": { "description": "Offenes Gewässer", "emergency": "suction_point", "survey:date": "15.05.2020" }, "name": null, "ref": null, "operator": null, "access": null, "description": "Offenes Gewässer", "note": null, "check_date": null, "fire_hydrant_type": null, "fire_hydrant_diameter": null, "fire_hydrant_pressure": null, "fire_hydrant_couplings": null, "fire_hydrant_position": null, "water_source": null, "water_tank_volume": null, "capacity": null, "diameter": null, "pressure": null, "source": null, "lon": 9.4665805, "lat": 53.4569574 }, "geometry": { "type": "Point", "coordinates": [ 9.4665805, 53.4569574 ] } },
{ "type": "Feature", "properties": { "osm_type": "node", "osm_id": 7524336144, "category": "suction", "type_de": "Saugstelle", "all_tags": { "emergency": "suction_point", "survey:date": "15.05.2020" }, "name": null, "ref": null, "operator": null, "access": null, "description": null, "note": null, "check_date": null, "fire_hydrant_type": null, "fire_hydrant_diameter": null, "fire_hydrant_pressure": null, "fire_hydrant_couplings": null, "fire_hydrant_position": null, "water_source": null, "water_tank_volume": null, "capacity": null, "diameter": null, "pressure": null, "source": null, "lon": 9.4655237, "lat": 53.4822952 }, "geometry": { "type": "Point", "coordinates": [ 9.4655237, 53.4822952 ] } },
{ "type": "Feature", "properties": { "osm_type": "node", "osm_id": 7524412581, "category": "suction", "type_de": "Saugstelle", "all_tags": { "description": "offenes Gewässer", "emergency": "suction_point", "survey:date": "15.05.2020" }, "name": null, "ref": null, "operator": null, "access": null, "description": "offenes Gewässer", "note": null, "check_date": null, "fire_hydrant_type": null, "fire_hydrant_diameter": null, "fire_hydrant_pressure": null, "fire_hydrant_couplings": null, "fire_hydrant_position": null, "water_source": null, "water_tank_volume": null, "capacity": null, "diameter": null, "pressure": null, "source": null, "lon": 9.4870887, "lat": 53.4602264 }, "geometry": { "type": "Point", "coordinates": [ 9.4870887, 53.4602264 ] } },
{ "type": "Feature", "properties": { "osm_type": "node", "osm_id": 7524412917, "category": "suction", "type_de": "Saugrohr/Sauganschluss", "all_tags": { "description": "Zisterne unter ehem. Gerätehaus", "emergency": "fire_hydrant", "fire_hydrant:pressure": "suction", "fire_hydrant:type": "pipe", "survey:date": "15.05.2020" }, "name": null, "ref": null, "operator": null, "access": null, "description": "Zisterne unter ehem. Gerätehaus", "note": null, "check_date": null, "fire_hydrant_type": "pipe", "fire_hydrant_diameter": null, "fire_hydrant_pressure": "suction", "fire_hydrant_couplings": null, "fire_hydrant_position": null, "water_source": null, "water_tank_volume": null, "capacity": null, "diameter": null, "pressure": null, "source": null, "lon": 9.5054859, "lat": 53.4045208 }, "geometry": { "type": "Point", "coordinates": [ 9.5054859, 53.4045208 ] } },
{ "type": "Feature", "properties": { "osm_type": "node", "osm_id": 7524423577, "category": "suction", "type_de": "Saugstelle", "all_tags": { "emergency": "suction_point", "survey:date": "15.05.2020" }, "name": null, "ref": null, "operator": null, "access": null, "description": null, "note": null, "check_date": null, "fire_hydrant_type": null, "fire_hydrant_diameter": null, "fire_hydrant_pressure": null, "fire_hydrant_couplings": null, "fire_hydrant_position": null, "water_source": null, "water_tank_volume": null, "capacity": null, "diameter": null, "pressure": null, "source": null, "lon": 9.4660279, "lat": 53.4680715 }, "geometry": { "type": "Point", "coordinates": [ 9.4660279, 53.4680715 ] } },
{ "type": "Feature", "properties": { "osm_type": "node", "osm_id": 7524455330, "category": "suction", "type_de": "Saugrohr/Sauganschluss", "all_tags": { "couplings": "1", "couplings:type": "Storz", "emergency": "fire_hydrant", "fire_hydrant:diameter": "A", "fire_hydrant:pressure": "suction", "fire_hydrant:type": "pipe", "survey:date": "15.05.2020", "water_source": "water_tank" }, "name": null, "ref": null, "operator": null, "access": null, "description": null, "note": null, "check_date": null, "fire_hydrant_type": "pipe", "fire_hydrant_diameter": "A", "fire_hydrant_pressure": "suction", "fire_hydrant_couplings": null, "fire_hydrant_position": null, "water_source": "water_tank", "water_tank_volume": null, "capacity": null, "diameter": null, "pressure": null, "source": null, "lon": 9.4889018, "lat": 53.395954 }, "geometry": { "type": "Point", "coordinates": [ 9.4889018, 53.395954 ] } },
{ "type": "Feature", "properties": { "osm_type": "node", "osm_id": 7528839230, "category": "suction", "type_de": "Saugrohr/Sauganschluss", "all_tags": { "couplings:diameters": "A", "couplings:type": "Storz", "emergency": "fire_hydrant", "fire_hydrant:position": "green", "fire_hydrant:pressure": "suction", "fire_hydrant:type": "pipe", "survey:date": "2020-05-17", "water_source": "water_tank" }, "name": null, "ref": null, "operator": null, "access": null, "description": null, "note": null, "check_date": null, "fire_hydrant_type": "pipe", "fire_hydrant_diameter": null, "fire_hydrant_pressure": "suction", "fire_hydrant_couplings": null, "fire_hydrant_position": "green", "water_source": "water_tank", "water_tank_volume": null, "capacity": null, "diameter": null, "pressure": null, "source": null, "lon": 9.5191358, "lat": 53.4457406 }, "geometry": { "type": "Point", "coordinates": [ 9.5191358, 53.4457406 ] } },
{ "type": "Feature", "properties": { "osm_type": "node", "osm_id": 7528841202, "category": "suction", "type_de": "Saugstelle", "all_tags": { "emergency": "suction_point", "fire_hydrant:position": "green", "fire_hydrant:pressure": "suction", "survey:date": "2020-05-17", "water_source": "groundwater" }, "name": null, "ref": null, "operator": null, "access": null, "description": null, "note": null, "check_date": null, "fire_hydrant_type": null, "fire_hydrant_diameter": null, "fire_hydrant_pressure": "suction", "fire_hydrant_couplings": null, "fire_hydrant_position": "green", "water_source": "groundwater", "water_tank_volume": null, "capacity": null, "diameter": null, "pressure": null, "source": null, "lon": 9.5271903, "lat": 53.4271778 }, "geometry": { "type": "Point", "coordinates": [ 9.5271903, 53.4271778 ] } },
{ "type": "Feature", "properties": { "osm_type": "node", "osm_id": 7528845559, "category": "suction", "type_de": "Saugstelle", "all_tags": { "emergency": "suction_point", "survey:date": "2020-05-17", "water_source": "groundwater" }, "name": null, "ref": null, "operator": null, "access": null, "description": null, "note": null, "check_date": null, "fire_hydrant_type": null, "fire_hydrant_diameter": null, "fire_hydrant_pressure": null, "fire_hydrant_couplings": null, "fire_hydrant_position": null, "water_source": "groundwater", "water_tank_volume": null, "capacity": null, "diameter": null, "pressure": null, "source": null, "lon": 9.5055398, "lat": 53.4516669 }, "geometry": { "type": "Point", "coordinates": [ 9.5055398, 53.4516669 ] } },
{ "type": "Feature", "properties": { "osm_type": "node", "osm_id": 7528846192, "category": "suction", "type_de": "Saugstelle", "all_tags": { "emergency": "suction_point", "fire_hydrant:position": "green", "fire_hydrant:pressure": "suction", "survey:date": "2020-05-17", "water_source": "groundwater" }, "name": null, "ref": null, "operator": null, "access": null, "description": null, "note": null, "check_date": null, "fire_hydrant_type": null, "fire_hydrant_diameter": null, "fire_hydrant_pressure": "suction", "fire_hydrant_couplings": null, "fire_hydrant_position": "green", "water_source": "groundwater", "water_tank_volume": null, "capacity": null, "diameter": null, "pressure": null, "source": null, "lon": 9.5265838, "lat": 53.440488 }, "geometry": { "type": "Point", "coordinates": [ 9.5265838, 53.440488 ] } },
{ "type": "Feature", "properties": { "osm_type": "node", "osm_id": 7528846552, "category": "suction", "type_de": "Saugstelle", "all_tags": { "emergency": "suction_point", "fire_hydrant:position": "green", "fire_hydrant:pressure": "suction", "survey:date": "2020-05-17", "water_source": "groundwater" }, "name": null, "ref": null, "operator": null, "access": null, "description": null, "note": null, "check_date": null, "fire_hydrant_type": null, "fire_hydrant_diameter": null, "fire_hydrant_pressure": "suction", "fire_hydrant_couplings": null, "fire_hydrant_position": "green", "water_source": "groundwater", "water_tank_volume": null, "capacity": null, "diameter": null, "pressure": null, "source": null, "lon": 9.5255849, "lat": 53.4407238 }, "geometry": { "type": "Point", "coordinates": [ 9.5255849, 53.4407238 ] } },
{ "type": "Feature", "properties": { "osm_type": "node", "osm_id": 7538474665, "category": "suction", "type_de": "Saugstelle", "all_tags": { "emergency": "suction_point", "name": "Löschteich Auegas", "survey:date": "2020-05-19" }, "name": "Löschteich Auegas", "ref": null, "operator": null, "access": null, "description": null, "note": null, "check_date": null, "fire_hydrant_type": null, "fire_hydrant_diameter": null, "fire_hydrant_pressure": null, "fire_hydrant_couplings": null, "fire_hydrant_position": null, "water_source": null, "water_tank_volume": null, "capacity": null, "diameter": null, "pressure": null, "source": null, "lon": 9.5337038, "lat": 53.4492326 }, "geometry": { "type": "Point", "coordinates": [ 9.5337038, 53.4492326 ] } },
{ "type": "Feature", "properties": { "osm_type": "node", "osm_id": 7538477867, "category": "suction", "type_de": "Saugstelle", "all_tags": { "emergency": "suction_point", "name": "Unterer Kuhteich", "survey:date": "2020-05-19" }, "name": "Unterer Kuhteich", "ref": null, "operator": null, "access": null, "description": null, "note": null, "check_date": null, "fire_hydrant_type": null, "fire_hydrant_diameter": null, "fire_hydrant_pressure": null, "fire_hydrant_couplings": null, "fire_hydrant_position": null, "water_source": null, "water_tank_volume": null, "capacity": null, "diameter": null, "pressure": null, "source": null, "lon": 9.5097991, "lat": 53.4487733 }, "geometry": { "type": "Point", "coordinates": [ 9.5097991, 53.4487733 ] } },
{ "type": "Feature", "properties": { "osm_type": "node", "osm_id": 7538482118, "category": "suction", "type_de": "Saugstelle", "all_tags": { "description": "Aue", "emergency": "suction_point", "survey:date": "2020-05-19" }, "name": null, "ref": null, "operator": null, "access": null, "description": "Aue", "note": null, "check_date": null, "fire_hydrant_type": null, "fire_hydrant_diameter": null, "fire_hydrant_pressure": null, "fire_hydrant_couplings": null, "fire_hydrant_position": null, "water_source": null, "water_tank_volume": null, "capacity": null, "diameter": null, "pressure": null, "source": null, "lon": 9.5022889, "lat": 53.4603365 }, "geometry": { "type": "Point", "coordinates": [ 9.5022889, 53.4603365 ] } },
{ "type": "Feature", "properties": { "osm_type": "node", "osm_id": 7538502897, "category": "suction", "type_de": "Saugstelle", "all_tags": { "emergency": "suction_point", "name": "Unterer Kuhteich", "survey:date": "2020-05-19" }, "name": "Unterer Kuhteich", "ref": null, "operator": null, "access": null, "description": null, "note": null, "check_date": null, "fire_hydrant_type": null, "fire_hydrant_diameter": null, "fire_hydrant_pressure": null, "fire_hydrant_couplings": null, "fire_hydrant_position": null, "water_source": null, "water_tank_volume": null, "capacity": null, "diameter": null, "pressure": null, "source": null, "lon": 9.5100933, "lat": 53.449231 }, "geometry": { "type": "Point", "coordinates": [ 9.5100933, 53.449231 ] } },
{ "type": "Feature", "properties": { "osm_type": "node", "osm_id": 7538511286, "category": "suction", "type_de": "Saugstelle", "all_tags": { "description": "Schlichtmann", "emergency": "suction_point", "name": "Im Sande/Am Bauhof", "survey:date": "2020-05-19" }, "name": "Im Sande/Am Bauhof", "ref": null, "operator": null, "access": null, "description": "Schlichtmann", "note": null, "check_date": null, "fire_hydrant_type": null, "fire_hydrant_diameter": null, "fire_hydrant_pressure": null, "fire_hydrant_couplings": null, "fire_hydrant_position": null, "water_source": null, "water_tank_volume": null, "capacity": null, "diameter": null, "pressure": null, "source": null, "lon": 9.5179543, "lat": 53.4628496 }, "geometry": { "type": "Point", "coordinates": [ 9.5179543, 53.4628496 ] } },
{ "type": "Feature", "properties": { "osm_type": "node", "osm_id": 7555103093, "category": "suction", "type_de": "Saugrohr/Sauganschluss", "all_tags": { "couplings": "1", "couplings:type": "Storz", "emergency": "fire_hydrant", "fire_hydrant:position": "green", "fire_hydrant:pressure": "suction", "fire_hydrant:type": "pipe", "source": "1", "survey:date": "2021-04-22", "water_source": "groundwater" }, "name": null, "ref": null, "operator": null, "access": null, "description": null, "note": null, "check_date": null, "fire_hydrant_type": "pipe", "fire_hydrant_diameter": null, "fire_hydrant_pressure": "suction", "fire_hydrant_couplings": null, "fire_hydrant_position": "green", "water_source": "groundwater", "water_tank_volume": null, "capacity": null, "diameter": null, "pressure": null, "source": "1", "lon": 9.4653413, "lat": 53.4121866 }, "geometry": { "type": "Point", "coordinates": [ 9.4653413, 53.4121866 ] } },
{ "type": "Feature", "properties": { "osm_type": "node", "osm_id": 7580672209, "category": "suction", "type_de": "Saugstelle", "all_tags": { "description": "RRB Kakener Straße ", "emergency": "suction_point", "ref": "34-9-6", "survey:date": "2020-06-02" }, "name": null, "ref": "34-9-6", "operator": null, "access": null, "description": "RRB Kakener Straße ", "note": null, "check_date": null, "fire_hydrant_type": null, "fire_hydrant_diameter": null, "fire_hydrant_pressure": null, "fire_hydrant_couplings": null, "fire_hydrant_position": null, "water_source": null, "water_tank_volume": null, "capacity": null, "diameter": null, "pressure": null, "source": null, "lon": 9.2507592, "lat": 53.5833676 }, "geometry": { "type": "Point", "coordinates": [ 9.2507592, 53.5833676 ] } },
{ "type": "Feature", "properties": { "osm_type": "node", "osm_id": 7580758044, "category": "suction", "type_de": "Saugstelle", "all_tags": { "description": "Saugstelle Gräpeler Mühlenbach Kakner Weg", "emergency": "suction_point", "name": "Gräpeler Mühlenbach", "ref": "34-9-9", "survey:date": "2020-06-02" }, "name": "Gräpeler Mühlenbach", "ref": "34-9-9", "operator": null, "access": null, "description": "Saugstelle Gräpeler Mühlenbach Kakner Weg", "note": null, "check_date": null, "fire_hydrant_type": null, "fire_hydrant_diameter": null, "fire_hydrant_pressure": null, "fire_hydrant_couplings": null, "fire_hydrant_position": null, "water_source": null, "water_tank_volume": null, "capacity": null, "diameter": null, "pressure": null, "source": null, "lon": 9.2368627, "lat": 53.5773913 }, "geometry": { "type": "Point", "coordinates": [ 9.2368627, 53.5773913 ] } },
{ "type": "Feature", "properties": { "osm_type": "node", "osm_id": 7580784303, "category": "suction", "type_de": "Saugstelle", "all_tags": { "description": "Löschwasserbrunnen Kaken", "emergency": "suction_point", "ref": "34-9-12", "survey:date": "2020-06-02" }, "name": null, "ref": "34-9-12", "operator": null, "access": null, "description": "Löschwasserbrunnen Kaken", "note": null, "check_date": null, "fire_hydrant_type": null, "fire_hydrant_diameter": null, "fire_hydrant_pressure": null, "fire_hydrant_couplings": null, "fire_hydrant_position": null, "water_source": null, "water_tank_volume": null, "capacity": null, "diameter": null, "pressure": null, "source": null, "lon": 9.2488468, "lat": 53.5747428 }, "geometry": { "type": "Point", "coordinates": [ 9.2488468, 53.5747428 ] } },
{ "type": "Feature", "properties": { "osm_type": "node", "osm_id": 7599897484, "category": "suction", "type_de": "Saugstelle", "all_tags": { "emergency": "suction_point", "name": "Oberer Kuhteich", "survey:date": "2020-06-07" }, "name": "Oberer Kuhteich", "ref": null, "operator": null, "access": null, "description": null, "note": null, "check_date": null, "fire_hydrant_type": null, "fire_hydrant_diameter": null, "fire_hydrant_pressure": null, "fire_hydrant_couplings": null, "fire_hydrant_position": null, "water_source": null, "water_tank_volume": null, "capacity": null, "diameter": null, "pressure": null, "source": null, "lon": 9.5121461, "lat": 53.4464281 }, "geometry": { "type": "Point", "coordinates": [ 9.5121461, 53.4464281 ] } },
{ "type": "Feature", "properties": { "osm_type": "node", "osm_id": 7599915086, "category": "suction", "type_de": "Saugrohr/Sauganschluss", "all_tags": { "couplings:diameters": "A", "couplings:type": "Storz", "emergency": "fire_hydrant", "fire_hydrant:pressure": "suction", "fire_hydrant:type": "pipe", "survey:date": "2020-06-07", "water_source": "water_tank" }, "name": null, "ref": null, "operator": null, "access": null, "description": null, "note": null, "check_date": null, "fire_hydrant_type": "pipe", "fire_hydrant_diameter": null, "fire_hydrant_pressure": "suction", "fire_hydrant_couplings": null, "fire_hydrant_position": null, "water_source": "water_tank", "water_tank_volume": null, "capacity": null, "diameter": null, "pressure": null, "source": null, "lon": 9.5195295, "lat": 53.4464374 }, "geometry": { "type": "Point", "coordinates": [ 9.5195295, 53.4464374 ] } },
{ "type": "Feature", "properties": { "osm_type": "node", "osm_id": 7599918391, "category": "suction", "type_de": "Saugrohr/Sauganschluss", "all_tags": { "couplings:diameters": "A", "emergency": "fire_hydrant", "fire_hydrant:position": "green", "fire_hydrant:pressure": "suction", "fire_hydrant:type": "pipe", "survey:date": "2020-06-07", "water_source": "water_tank" }, "name": null, "ref": null, "operator": null, "access": null, "description": null, "note": null, "check_date": null, "fire_hydrant_type": "pipe", "fire_hydrant_diameter": null, "fire_hydrant_pressure": "suction", "fire_hydrant_couplings": null, "fire_hydrant_position": "green", "water_source": "water_tank", "water_tank_volume": null, "capacity": null, "diameter": null, "pressure": null, "source": null, "lon": 9.5117188, "lat": 53.4531343 }, "geometry": { "type": "Point", "coordinates": [ 9.5117188, 53.4531343 ] } },
{ "type": "Feature", "properties": { "osm_type": "node", "osm_id": 7599929647, "category": "suction", "type_de": "Saugrohr/Sauganschluss", "all_tags": { "couplings:diameters": "A", "couplings:type": "Storz", "emergency": "fire_hydrant", "fire_hydrant:position": "green", "fire_hydrant:pressure": "suction", "fire_hydrant:type": "pipe", "survey:date": "2020-06-07", "water_source": "water_tank" }, "name": null, "ref": null, "operator": null, "access": null, "description": null, "note": null, "check_date": null, "fire_hydrant_type": "pipe", "fire_hydrant_diameter": null, "fire_hydrant_pressure": "suction", "fire_hydrant_couplings": null, "fire_hydrant_position": "green", "water_source": "water_tank", "water_tank_volume": null, "capacity": null, "diameter": null, "pressure": null, "source": null, "lon": 9.4919916, "lat": 53.446058 }, "geometry": { "type": "Point", "coordinates": [ 9.4919916, 53.446058 ] } },
{ "type": "Feature", "properties": { "osm_type": "node", "osm_id": 7706786859, "category": "suction", "type_de": "Saugstelle", "all_tags": { "description": "RRB Klärwerk", "emergency": "suction_point", "ref": "34-9-33" }, "name": null, "ref": "34-9-33", "operator": null, "access": null, "description": "RRB Klärwerk", "note": null, "check_date": null, "fire_hydrant_type": null, "fire_hydrant_diameter": null, "fire_hydrant_pressure": null, "fire_hydrant_couplings": null, "fire_hydrant_position": null, "water_source": null, "water_tank_volume": null, "capacity": null, "diameter": null, "pressure": null, "source": null, "lon": 9.2590821, "lat": 53.5845379 }, "geometry": { "type": "Point", "coordinates": [ 9.2590821, 53.5845379 ] } },
{ "type": "Feature", "properties": { "osm_type": "node", "osm_id": 7710333253, "category": "suction", "type_de": "Saugstelle", "all_tags": { "description": "Saugstelle Kohlspringgraben Waldsiedlung", "emergency": "suction_point", "name": "Kohlspringgraben", "ref": "34-9-49", "survey:date": "2020-07-13" }, "name": "Kohlspringgraben", "ref": "34-9-49", "operator": null, "access": null, "description": "Saugstelle Kohlspringgraben Waldsiedlung", "note": null, "check_date": null, "fire_hydrant_type": null, "fire_hydrant_diameter": null, "fire_hydrant_pressure": null, "fire_hydrant_couplings": null, "fire_hydrant_position": null, "water_source": null, "water_tank_volume": null, "capacity": null, "diameter": null, "pressure": null, "source": null, "lon": 9.2961153, "lat": 53.5692893 }, "geometry": { "type": "Point", "coordinates": [ 9.2961153, 53.5692893 ] } },
{ "type": "Feature", "properties": { "osm_type": "node", "osm_id": 7834837348, "category": "suction", "type_de": "Saugstelle", "all_tags": { "description": "LWB Kaken Neu", "emergency": "suction_point", "ref": "34-9-xx", "survey:date": "2020-08-22" }, "name": null, "ref": "34-9-xx", "operator": null, "access": null, "description": "LWB Kaken Neu", "note": null, "check_date": null, "fire_hydrant_type": null, "fire_hydrant_diameter": null, "fire_hydrant_pressure": null, "fire_hydrant_couplings": null, "fire_hydrant_position": null, "water_source": null, "water_tank_volume": null, "capacity": null, "diameter": null, "pressure": null, "source": null, "lon": 9.248895, "lat": 53.5760631 }, "geometry": { "type": "Point", "coordinates": [ 9.248895, 53.5760631 ] } },
{ "type": "Feature", "properties": { "osm_type": "node", "osm_id": 7834959194, "category": "suction", "type_de": "Saugstelle", "all_tags": { "description": "Oldendorfer Bach - Im Vieh", "emergency": "suction_point", "name": "Oldendorfer Bach", "ref": "34-9-52", "survey:date": "2020-08-22" }, "name": "Oldendorfer Bach", "ref": "34-9-52", "operator": null, "access": null, "description": "Oldendorfer Bach - Im Vieh", "note": null, "check_date": null, "fire_hydrant_type": null, "fire_hydrant_diameter": null, "fire_hydrant_pressure": null, "fire_hydrant_couplings": null, "fire_hydrant_position": null, "water_source": null, "water_tank_volume": null, "capacity": null, "diameter": null, "pressure": null, "source": null, "lon": 9.2822456, "lat": 53.5925462 }, "geometry": { "type": "Point", "coordinates": [ 9.2822456, 53.5925462 ] } },
{ "type": "Feature", "properties": { "osm_type": "node", "osm_id": 7921109406, "category": "suction", "type_de": "Saugrohr/Sauganschluss", "all_tags": { "couplings": "1", "couplings:type": "Storz", "emergency": "fire_hydrant", "fire_hydrant:diameter": "A", "fire_hydrant:pressure": "suction", "fire_hydrant:type": "pipe", "survey:date": "2020-09-18", "water_source": "groundwater" }, "name": null, "ref": null, "operator": null, "access": null, "description": null, "note": null, "check_date": null, "fire_hydrant_type": "pipe", "fire_hydrant_diameter": "A", "fire_hydrant_pressure": "suction", "fire_hydrant_couplings": null, "fire_hydrant_position": null, "water_source": "groundwater", "water_tank_volume": null, "capacity": null, "diameter": null, "pressure": null, "source": null, "lon": 9.4681658, "lat": 53.3771308 }, "geometry": { "type": "Point", "coordinates": [ 9.4681658, 53.3771308 ] } },
{ "type": "Feature", "properties": { "osm_type": "node", "osm_id": 8176495056, "category": "suction", "type_de": "Saugstelle", "all_tags": { "emergency": "suction_point" }, "name": null, "ref": null, "operator": null, "access": null, "description": null, "note": null, "check_date": null, "fire_hydrant_type": null, "fire_hydrant_diameter": null, "fire_hydrant_pressure": null, "fire_hydrant_couplings": null, "fire_hydrant_position": null, "water_source": null, "water_tank_volume": null, "capacity": null, "diameter": null, "pressure": null, "source": null, "lon": 9.2306996, "lat": 53.4925996 }, "geometry": { "type": "Point", "coordinates": [ 9.2306996, 53.4925996 ] } },
{ "type": "Feature", "properties": { "osm_type": "node", "osm_id": 8285975460, "category": "suction", "type_de": "Saugstelle", "all_tags": { "description": "Sunder Seen", "emergency": "suction_point", "name": "Sunder Seen", "ref": "34-9-58", "survey:date": "2021-01-03" }, "name": "Sunder Seen", "ref": "34-9-58", "operator": null, "access": null, "description": "Sunder Seen", "note": null, "check_date": null, "fire_hydrant_type": null, "fire_hydrant_diameter": null, "fire_hydrant_pressure": null, "fire_hydrant_couplings": null, "fire_hydrant_position": null, "water_source": null, "water_tank_volume": null, "capacity": null, "diameter": null, "pressure": null, "source": null, "lon": 9.2970246, "lat": 53.5811431 }, "geometry": { "type": "Point", "coordinates": [ 9.2970246, 53.5811431 ] } },
{ "type": "Feature", "properties": { "osm_type": "node", "osm_id": 8286008681, "category": "suction", "type_de": "Saugstelle", "all_tags": { "description": "LWES Horsterbeck", "emergency": "suction_point", "name": "Horsterbeck", "ref": "35-7-103", "survey:date": "2021-01-03" }, "name": "Horsterbeck", "ref": "35-7-103", "operator": null, "access": null, "description": "LWES Horsterbeck", "note": null, "check_date": null, "fire_hydrant_type": null, "fire_hydrant_diameter": null, "fire_hydrant_pressure": null, "fire_hydrant_couplings": null, "fire_hydrant_position": null, "water_source": null, "water_tank_volume": null, "capacity": null, "diameter": null, "pressure": null, "source": null, "lon": 9.2921001, "lat": 53.5982991 }, "geometry": { "type": "Point", "coordinates": [ 9.2921001, 53.5982991 ] } },
{ "type": "Feature", "properties": { "osm_type": "node", "osm_id": 8640833109, "category": "suction", "type_de": "Saugrohr/Sauganschluss", "all_tags": { "couplings": "1", "couplings:type": "Storz", "description": "Saugbrunnen", "emergency": "fire_hydrant", "fire_hydrant:diameter": "A", "fire_hydrant:pressure": "suction", "fire_hydrant:type": "pipe", "name": "Hof Ehlen", "survey:date": "18.04.2021", "water_source": "groundwater" }, "name": "Hof Ehlen", "ref": null, "operator": null, "access": null, "description": "Saugbrunnen", "note": null, "check_date": null, "fire_hydrant_type": "pipe", "fire_hydrant_diameter": "A", "fire_hydrant_pressure": "suction", "fire_hydrant_couplings": null, "fire_hydrant_position": null, "water_source": "groundwater", "water_tank_volume": null, "capacity": null, "diameter": null, "pressure": null, "source": null, "lon": 9.5018086, "lat": 53.3913603 }, "geometry": { "type": "Point", "coordinates": [ 9.5018086, 53.3913603 ] } },
{ "type": "Feature", "properties": { "osm_type": "node", "osm_id": 8648722125, "category": "suction", "type_de": "Saugrohr/Sauganschluss", "all_tags": { "couplings": "1", "couplings:diameters": "A", "couplings:type": "Storz", "drinking_water": "no", "emergency": "fire_hydrant", "fire_hydrant:position": "green", "fire_hydrant:pressure": "suction", "fire_hydrant:type": "pipe", "survey:date": "2025-06-27", "water_source": "water_tank", "water_tank:volume": "60 m³" }, "name": null, "ref": null, "operator": null, "access": null, "description": null, "note": null, "check_date": null, "fire_hydrant_type": "pipe", "fire_hydrant_diameter": null, "fire_hydrant_pressure": "suction", "fire_hydrant_couplings": null, "fire_hydrant_position": "green", "water_source": "water_tank", "water_tank_volume": "60 m³", "capacity": null, "diameter": null, "pressure": null, "source": null, "lon": 9.4582139, "lat": 53.4015676 }, "geometry": { "type": "Point", "coordinates": [ 9.4582139, 53.4015676 ] } },
{ "type": "Feature", "properties": { "osm_type": "node", "osm_id": 8648957060, "category": "suction", "type_de": "Saugrohr/Sauganschluss", "all_tags": { "couplings": "1", "couplings:type": "Storz", "emergency": "fire_hydrant", "fire_hydrant:pressure": "suction", "fire_hydrant:type": "pipe", "water_source": "water_tank", "water_volume": "60 m3" }, "name": null, "ref": null, "operator": null, "access": null, "description": null, "note": null, "check_date": null, "fire_hydrant_type": "pipe", "fire_hydrant_diameter": null, "fire_hydrant_pressure": "suction", "fire_hydrant_couplings": null, "fire_hydrant_position": null, "water_source": "water_tank", "water_tank_volume": null, "capacity": null, "diameter": null, "pressure": null, "source": null, "lon": 9.4672566, "lat": 53.3582219 }, "geometry": { "type": "Point", "coordinates": [ 9.4672566, 53.3582219 ] } },
{ "type": "Feature", "properties": { "osm_type": "node", "osm_id": 8648957061, "category": "suction", "type_de": "Saugrohr/Sauganschluss", "all_tags": { "couplings": "1", "couplings:diameters": "A", "couplings:type": "Storz", "emergency": "fire_hydrant", "fire_hydrant:position": "green", "fire_hydrant:pressure": "suction", "fire_hydrant:type": "pipe", "survey:date": "2021-04-22", "water_source": "water_tank", "water_tank:volume": "60 m3" }, "name": null, "ref": null, "operator": null, "access": null, "description": null, "note": null, "check_date": null, "fire_hydrant_type": "pipe", "fire_hydrant_diameter": null, "fire_hydrant_pressure": "suction", "fire_hydrant_couplings": null, "fire_hydrant_position": "green", "water_source": "water_tank", "water_tank_volume": "60 m3", "capacity": null, "diameter": null, "pressure": null, "source": null, "lon": 9.4613624, "lat": 53.3560288 }, "geometry": { "type": "Point", "coordinates": [ 9.4613624, 53.3560288 ] } },
{ "type": "Feature", "properties": { "osm_type": "node", "osm_id": 8648957063, "category": "suction", "type_de": "Saugrohr/Sauganschluss", "all_tags": { "couplings": "1", "emergency": "fire_hydrant", "fire_hydrant:diameter": "A", "fire_hydrant:pressure": "suction", "fire_hydrant:type": "pipe", "water_source": "water_tank", "water_tank:volume": "20 m3" }, "name": null, "ref": null, "operator": null, "access": null, "description": null, "note": null, "check_date": null, "fire_hydrant_type": "pipe", "fire_hydrant_diameter": "A", "fire_hydrant_pressure": "suction", "fire_hydrant_couplings": null, "fire_hydrant_position": null, "water_source": "water_tank", "water_tank_volume": "20 m3", "capacity": null, "diameter": null, "pressure": null, "source": null, "lon": 9.4341031, "lat": 53.360727 }, "geometry": { "type": "Point", "coordinates": [ 9.4341031, 53.360727 ] } },
{ "type": "Feature", "properties": { "osm_type": "node", "osm_id": 8648957064, "category": "suction", "type_de": "Saugrohr/Sauganschluss", "all_tags": { "couplings": "1", "couplings:diameters": "A", "couplings:type": "Storz", "emergency": "fire_hydrant", "fire_hydrant:pressure": "suction", "fire_hydrant:type": "pipe", "survey:date": "2021-05-06", "water_source": "groundwater" }, "name": null, "ref": null, "operator": null, "access": null, "description": null, "note": null, "check_date": null, "fire_hydrant_type": "pipe", "fire_hydrant_diameter": null, "fire_hydrant_pressure": "suction", "fire_hydrant_couplings": null, "fire_hydrant_position": null, "water_source": "groundwater", "water_tank_volume": null, "capacity": null, "diameter": null, "pressure": null, "source": null, "lon": 9.4218642, "lat": 53.3641219 }, "geometry": { "type": "Point", "coordinates": [ 9.4218642, 53.3641219 ] } },
{ "type": "Feature", "properties": { "osm_type": "node", "osm_id": 8648957065, "category": "suction", "type_de": "Saugrohr/Sauganschluss", "all_tags": { "couplings": "1", "couplings:diameters": "A", "couplings:type": "Storz", "emergency": "fire_hydrant", "fire_hydrant:position": "green", "fire_hydrant:pressure": "suction", "fire_hydrant:type": "pipe", "survey:date": "2021-05-06", "water_source": "groundwater" }, "name": null, "ref": null, "operator": null, "access": null, "description": null, "note": null, "check_date": null, "fire_hydrant_type": "pipe", "fire_hydrant_diameter": null, "fire_hydrant_pressure": "suction", "fire_hydrant_couplings": null, "fire_hydrant_position": "green", "water_source": "groundwater", "water_tank_volume": null, "capacity": null, "diameter": null, "pressure": null, "source": null, "lon": 9.4238503, "lat": 53.3645261 }, "geometry": { "type": "Point", "coordinates": [ 9.4238503, 53.3645261 ] } },
{ "type": "Feature", "properties": { "osm_type": "node", "osm_id": 8648957066, "category": "suction", "type_de": "Saugrohr/Sauganschluss", "all_tags": { "couplings": "1", "couplings:diameters": "A", "couplings:type": "Storz", "emergency": "fire_hydrant", "fire_hydrant:pressure": "suction", "fire_hydrant:type": "pipe", "water_source": "groundwater" }, "name": null, "ref": null, "operator": null, "access": null, "description": null, "note": null, "check_date": null, "fire_hydrant_type": "pipe", "fire_hydrant_diameter": null, "fire_hydrant_pressure": "suction", "fire_hydrant_couplings": null, "fire_hydrant_position": null, "water_source": "groundwater", "water_tank_volume": null, "capacity": null, "diameter": null, "pressure": null, "source": null, "lon": 9.425056, "lat": 53.3639971 }, "geometry": { "type": "Point", "coordinates": [ 9.425056, 53.3639971 ] } },
{ "type": "Feature", "properties": { "osm_type": "node", "osm_id": 8656139631, "category": "suction", "type_de": "Saugrohr/Sauganschluss", "all_tags": { "couplings": "1", "couplings:diameters": "A", "couplings:type": "Storz", "emergency": "fire_hydrant", "fire_hydrant:position": "green", "fire_hydrant:pressure": "suction", "fire_hydrant:type": "pipe", "survey:date": "2021-04-22", "water_source": "groundwater", "water_tank:volume": "60 m3" }, "name": null, "ref": null, "operator": null, "access": null, "description": null, "note": null, "check_date": null, "fire_hydrant_type": "pipe", "fire_hydrant_diameter": null, "fire_hydrant_pressure": "suction", "fire_hydrant_couplings": null, "fire_hydrant_position": "green", "water_source": "groundwater", "water_tank_volume": "60 m3", "capacity": null, "diameter": null, "pressure": null, "source": null, "lon": 9.4704482, "lat": 53.3697301 }, "geometry": { "type": "Point", "coordinates": [ 9.4704482, 53.3697301 ] } },
{ "type": "Feature", "properties": { "osm_type": "node", "osm_id": 8656186647, "category": "suction", "type_de": "Saugrohr/Sauganschluss", "all_tags": { "couplings": "1", "emergency": "fire_hydrant", "fire_hydrant:position": "green", "fire_hydrant:pressure": "suction", "fire_hydrant:type": "pipe", "survey:date": "2021-04-22", "water_source": "groundwater" }, "name": null, "ref": null, "operator": null, "access": null, "description": null, "note": null, "check_date": null, "fire_hydrant_type": "pipe", "fire_hydrant_diameter": null, "fire_hydrant_pressure": "suction", "fire_hydrant_couplings": null, "fire_hydrant_position": "green", "water_source": "groundwater", "water_tank_volume": null, "capacity": null, "diameter": null, "pressure": null, "source": null, "lon": 9.455173, "lat": 53.3528063 }, "geometry": { "type": "Point", "coordinates": [ 9.455173, 53.3528063 ] } },
{ "type": "Feature", "properties": { "osm_type": "node", "osm_id": 8656254554, "category": "suction", "type_de": "Saugrohr/Sauganschluss", "all_tags": { "emergency": "fire_hydrant", "fire_hydrant:position": "green", "fire_hydrant:pressure": "suction", "fire_hydrant:type": "pipe", "survey:date": "2021-04-22", "water_source": "groundwater" }, "name": null, "ref": null, "operator": null, "access": null, "description": null, "note": null, "check_date": null, "fire_hydrant_type": "pipe", "fire_hydrant_diameter": null, "fire_hydrant_pressure": "suction", "fire_hydrant_couplings": null, "fire_hydrant_position": "green", "water_source": "groundwater", "water_tank_volume": null, "capacity": null, "diameter": null, "pressure": null, "source": null, "lon": 9.447113, "lat": 53.3807454 }, "geometry": { "type": "Point", "coordinates": [ 9.447113, 53.3807454 ] } },
{ "type": "Feature", "properties": { "osm_type": "node", "osm_id": 8656354774, "category": "suction", "type_de": "Saugrohr/Sauganschluss", "all_tags": { "couplings": "1", "couplings:diameters": "A", "couplings:type": "Storz", "emergency": "fire_hydrant", "fire_hydrant:position": "green", "fire_hydrant:pressure": "suction", "fire_hydrant:type": "pipe", "survey:date": "2021-04-22", "water_source": "groundwater" }, "name": null, "ref": null, "operator": null, "access": null, "description": null, "note": null, "check_date": null, "fire_hydrant_type": "pipe", "fire_hydrant_diameter": null, "fire_hydrant_pressure": "suction", "fire_hydrant_couplings": null, "fire_hydrant_position": "green", "water_source": "groundwater", "water_tank_volume": null, "capacity": null, "diameter": null, "pressure": null, "source": null, "lon": 9.4572222, "lat": 53.385784 }, "geometry": { "type": "Point", "coordinates": [ 9.4572222, 53.385784 ] } },
{ "type": "Feature", "properties": { "osm_type": "node", "osm_id": 8662007837, "category": "suction", "type_de": "Saugrohr/Sauganschluss", "all_tags": { "couplings": "1", "couplings:diameters": "A", "couplings:type": "Storz", "emergency": "fire_hydrant", "fire_hydrant:pressure": "suction", "fire_hydrant:type": "pipe", "survey:date": "2021-04-24", "water_source": "groundwater" }, "name": null, "ref": null, "operator": null, "access": null, "description": null, "note": null, "check_date": null, "fire_hydrant_type": "pipe", "fire_hydrant_diameter": null, "fire_hydrant_pressure": "suction", "fire_hydrant_couplings": null, "fire_hydrant_position": null, "water_source": "groundwater", "water_tank_volume": null, "capacity": null, "diameter": null, "pressure": null, "source": null, "lon": 9.4708854, "lat": 53.3732147 }, "geometry": { "type": "Point", "coordinates": [ 9.4708854, 53.3732147 ] } },
{ "type": "Feature", "properties": { "osm_type": "node", "osm_id": 8662233941, "category": "suction", "type_de": "Saugrohr/Sauganschluss", "all_tags": { "couplings": "1", "couplings:diameters": "A", "couplings:type": "Storz", "emergency": "fire_hydrant", "fire_hydrant:position": "green", "fire_hydrant:pressure": "suction", "fire_hydrant:type": "pipe", "survey:date": "2021-04-24", "water_source": "groundwater" }, "name": null, "ref": null, "operator": null, "access": null, "description": null, "note": null, "check_date": null, "fire_hydrant_type": "pipe", "fire_hydrant_diameter": null, "fire_hydrant_pressure": "suction", "fire_hydrant_couplings": null, "fire_hydrant_position": "green", "water_source": "groundwater", "water_tank_volume": null, "capacity": null, "diameter": null, "pressure": null, "source": null, "lon": 9.5011649, "lat": 53.3864791 }, "geometry": { "type": "Point", "coordinates": [ 9.5011649, 53.3864791 ] } },
{ "type": "Feature", "properties": { "osm_type": "node", "osm_id": 8894367872, "category": "suction", "type_de": "Saugrohr/Sauganschluss", "all_tags": { "emergency": "fire_hydrant", "fire_hydrant:pressure": "suction", "fire_hydrant:type": "pipe", "survey:date": "05.07.2021", "water_source": "groundwater" }, "name": null, "ref": null, "operator": null, "access": null, "description": null, "note": null, "check_date": null, "fire_hydrant_type": "pipe", "fire_hydrant_diameter": null, "fire_hydrant_pressure": "suction", "fire_hydrant_couplings": null, "fire_hydrant_position": null, "water_source": "groundwater", "water_tank_volume": null, "capacity": null, "diameter": null, "pressure": null, "source": null, "lon": 9.4248964, "lat": 53.3857594 }, "geometry": { "type": "Point", "coordinates": [ 9.4248964, 53.3857594 ] } },
{ "type": "Feature", "properties": { "osm_type": "node", "osm_id": 8894367873, "category": "suction", "type_de": "Saugrohr/Sauganschluss", "all_tags": { "emergency": "fire_hydrant", "fire_hydrant:pressure": "suction", "fire_hydrant:type": "pipe", "survey:date": "05.07.2021", "water_source": "groundwater" }, "name": null, "ref": null, "operator": null, "access": null, "description": null, "note": null, "check_date": null, "fire_hydrant_type": "pipe", "fire_hydrant_diameter": null, "fire_hydrant_pressure": "suction", "fire_hydrant_couplings": null, "fire_hydrant_position": null, "water_source": "groundwater", "water_tank_volume": null, "capacity": null, "diameter": null, "pressure": null, "source": null, "lon": 9.4210877, "lat": 53.3911886 }, "geometry": { "type": "Point", "coordinates": [ 9.4210877, 53.3911886 ] } },
{ "type": "Feature", "properties": { "osm_type": "node", "osm_id": 8920085979, "category": "suction", "type_de": "Saugrohr/Sauganschluss", "all_tags": { "couplings": "1", "couplings:diameters": "A", "couplings:type": "Storz", "emergency": "fire_hydrant", "fire_hydrant:position": "green", "fire_hydrant:pressure": "suction", "fire_hydrant:type": "pipe", "survey:date": "2021-07-14", "water_source": "groundwater", "water_tank:volume": "60 m3" }, "name": null, "ref": null, "operator": null, "access": null, "description": null, "note": null, "check_date": null, "fire_hydrant_type": "pipe", "fire_hydrant_diameter": null, "fire_hydrant_pressure": "suction", "fire_hydrant_couplings": null, "fire_hydrant_position": "green", "water_source": "groundwater", "water_tank_volume": "60 m3", "capacity": null, "diameter": null, "pressure": null, "source": null, "lon": 9.4765097, "lat": 53.3640018 }, "geometry": { "type": "Point", "coordinates": [ 9.4765097, 53.3640018 ] } },
{ "type": "Feature", "properties": { "osm_type": "node", "osm_id": 8920086003, "category": "suction", "type_de": "Saugrohr/Sauganschluss", "all_tags": { "couplings:diameters": "A", "couplings:type": "Storz", "emergency": "fire_hydrant", "fire_hydrant:position": "green", "fire_hydrant:pressure": "suction", "fire_hydrant:type": "pipe", "survey:date": "2021-07-14", "water_source": "pond", "water_tank:volume": "60 m3" }, "name": null, "ref": null, "operator": null, "access": null, "description": null, "note": null, "check_date": null, "fire_hydrant_type": "pipe", "fire_hydrant_diameter": null, "fire_hydrant_pressure": "suction", "fire_hydrant_couplings": null, "fire_hydrant_position": "green", "water_source": "pond", "water_tank_volume": "60 m3", "capacity": null, "diameter": null, "pressure": null, "source": null, "lon": 9.4759183, "lat": 53.3769239 }, "geometry": { "type": "Point", "coordinates": [ 9.4759183, 53.3769239 ] } },
{ "type": "Feature", "properties": { "osm_type": "node", "osm_id": 8920086005, "category": "suction", "type_de": "Saugrohr/Sauganschluss", "all_tags": { "couplings": "1", "description": "Elektrische Tiefenpumpe (Aggregat erforderlich)", "emergency": "fire_hydrant", "fire_hydrant:diameter": "A", "fire_hydrant:pressure": "suction", "fire_hydrant:type": "pipe", "name": "Tiefenpumpe", "survey:date": "2020-05-11", "water_source": "groundwater" }, "name": "Tiefenpumpe", "ref": null, "operator": null, "access": null, "description": "Elektrische Tiefenpumpe (Aggregat erforderlich)", "note": null, "check_date": null, "fire_hydrant_type": "pipe", "fire_hydrant_diameter": "A", "fire_hydrant_pressure": "suction", "fire_hydrant_couplings": null, "fire_hydrant_position": null, "water_source": "groundwater", "water_tank_volume": null, "capacity": null, "diameter": null, "pressure": null, "source": null, "lon": 9.466198, "lat": 53.3791368 }, "geometry": { "type": "Point", "coordinates": [ 9.466198, 53.3791368 ] } },
{ "type": "Feature", "properties": { "osm_type": "node", "osm_id": 9667941739, "category": "suction", "type_de": "Saugstelle", "all_tags": { "description": "Brunnen mit Tiefenpumpe", "emergency": "suction_point", "name": "Fricke Weißenfelder Straße", "survey:date": "2022-04-15" }, "name": "Fricke Weißenfelder Straße", "ref": null, "operator": null, "access": null, "description": "Brunnen mit Tiefenpumpe", "note": null, "check_date": null, "fire_hydrant_type": null, "fire_hydrant_diameter": null, "fire_hydrant_pressure": null, "fire_hydrant_couplings": null, "fire_hydrant_position": null, "water_source": null, "water_tank_volume": null, "capacity": null, "diameter": null, "pressure": null, "source": null, "lon": 9.5097376, "lat": 53.4479044 }, "geometry": { "type": "Point", "coordinates": [ 9.5097376, 53.4479044 ] } },
{ "type": "Feature", "properties": { "osm_type": "node", "osm_id": 9692680260, "category": "suction", "type_de": "Saugstelle", "all_tags": { "emergency": "suction_point", "name": "Bohrbrunnen Grundschule Wiegersen", "survey:date": "2022-04-25" }, "name": "Bohrbrunnen Grundschule Wiegersen", "ref": null, "operator": null, "access": null, "description": null, "note": null, "check_date": null, "fire_hydrant_type": null, "fire_hydrant_diameter": null, "fire_hydrant_pressure": null, "fire_hydrant_couplings": null, "fire_hydrant_position": null, "water_source": null, "water_tank_volume": null, "capacity": null, "diameter": null, "pressure": null, "source": null, "lon": 9.5464486, "lat": 53.3850305 }, "geometry": { "type": "Point", "coordinates": [ 9.5464486, 53.3850305 ] } },
{ "type": "Feature", "properties": { "osm_type": "node", "osm_id": 9692780556, "category": "suction", "type_de": "Saugstelle", "all_tags": { "emergency": "suction_point", "name": "Bohrbrunnen Kindergarten Sauensiek", "survey:date": "2022-04-25" }, "name": "Bohrbrunnen Kindergarten Sauensiek", "ref": null, "operator": null, "access": null, "description": null, "note": null, "check_date": null, "fire_hydrant_type": null, "fire_hydrant_diameter": null, "fire_hydrant_pressure": null, "fire_hydrant_couplings": null, "fire_hydrant_position": null, "water_source": null, "water_tank_volume": null, "capacity": null, "diameter": null, "pressure": null, "source": null, "lon": 9.6023029, "lat": 53.3805302 }, "geometry": { "type": "Point", "coordinates": [ 9.6023029, 53.3805302 ] } },
{ "type": "Feature", "properties": { "osm_type": "node", "osm_id": 9701455813, "category": "suction", "type_de": "Saugrohr/Sauganschluss", "all_tags": { "emergency": "fire_hydrant", "fire_hydrant:position": "sidewalk", "fire_hydrant:pressure": "suction", "fire_hydrant:type": "pipe", "water_source": "groundwater" }, "name": null, "ref": null, "operator": null, "access": null, "description": null, "note": null, "check_date": null, "fire_hydrant_type": "pipe", "fire_hydrant_diameter": null, "fire_hydrant_pressure": "suction", "fire_hydrant_couplings": null, "fire_hydrant_position": "sidewalk", "water_source": "groundwater", "water_tank_volume": null, "capacity": null, "diameter": null, "pressure": null, "source": null, "lon": 9.657388, "lat": 53.5438783 }, "geometry": { "type": "Point", "coordinates": [ 9.657388, 53.5438783 ] } },
{ "type": "Feature", "properties": { "osm_type": "node", "osm_id": 9701455815, "category": "suction", "type_de": "Saugrohr/Sauganschluss", "all_tags": { "emergency": "fire_hydrant", "fire_hydrant:position": "green", "fire_hydrant:pressure": "suction", "fire_hydrant:type": "pipe", "water_source": "groundwater" }, "name": null, "ref": null, "operator": null, "access": null, "description": null, "note": null, "check_date": null, "fire_hydrant_type": "pipe", "fire_hydrant_diameter": null, "fire_hydrant_pressure": "suction", "fire_hydrant_couplings": null, "fire_hydrant_position": "green", "water_source": "groundwater", "water_tank_volume": null, "capacity": null, "diameter": null, "pressure": null, "source": null, "lon": 9.6562837, "lat": 53.5467519 }, "geometry": { "type": "Point", "coordinates": [ 9.6562837, 53.5467519 ] } },
{ "type": "Feature", "properties": { "osm_type": "node", "osm_id": 9701552118, "category": "suction", "type_de": "Saugrohr/Sauganschluss", "all_tags": { "emergency": "fire_hydrant", "fire_hydrant:position": "green", "fire_hydrant:pressure": "suction", "fire_hydrant:type": "pipe", "water_source": "groundwater" }, "name": null, "ref": null, "operator": null, "access": null, "description": null, "note": null, "check_date": null, "fire_hydrant_type": "pipe", "fire_hydrant_diameter": null, "fire_hydrant_pressure": "suction", "fire_hydrant_couplings": null, "fire_hydrant_position": "green", "water_source": "groundwater", "water_tank_volume": null, "capacity": null, "diameter": null, "pressure": null, "source": null, "lon": 9.6498285, "lat": 53.5484979 }, "geometry": { "type": "Point", "coordinates": [ 9.6498285, 53.5484979 ] } },
{ "type": "Feature", "properties": { "osm_type": "node", "osm_id": 9874061890, "category": "suction", "type_de": "Saugstelle", "all_tags": { "description": "nur im Notfall, Schlüssel HLF Sauensiek", "emergency": "suction_point", "name": "Angelteiche Sauensiek", "survey:date": "2022-07-08" }, "name": "Angelteiche Sauensiek", "ref": null, "operator": null, "access": null, "description": "nur im Notfall, Schlüssel HLF Sauensiek", "note": null, "check_date": null, "fire_hydrant_type": null, "fire_hydrant_diameter": null, "fire_hydrant_pressure": null, "fire_hydrant_couplings": null, "fire_hydrant_position": null, "water_source": null, "water_tank_volume": null, "capacity": null, "diameter": null, "pressure": null, "source": null, "lon": 9.6084344, "lat": 53.3738819 }, "geometry": { "type": "Point", "coordinates": [ 9.6084344, 53.3738819 ] } },
{ "type": "Feature", "properties": { "osm_type": "node", "osm_id": 9874068357, "category": "suction", "type_de": "Saugstelle", "all_tags": { "description": "Naturbad, mit Schlüssel befahrbar", "emergency": "suction_point", "name": "Naturbad Sauensiek", "survey:date": "2022-07-08" }, "name": "Naturbad Sauensiek", "ref": null, "operator": null, "access": null, "description": "Naturbad, mit Schlüssel befahrbar", "note": null, "check_date": null, "fire_hydrant_type": null, "fire_hydrant_diameter": null, "fire_hydrant_pressure": null, "fire_hydrant_couplings": null, "fire_hydrant_position": null, "water_source": null, "water_tank_volume": null, "capacity": null, "diameter": null, "pressure": null, "source": null, "lon": 9.5949, "lat": 53.3811813 }, "geometry": { "type": "Point", "coordinates": [ 9.5949, 53.3811813 ] } },
{ "type": "Feature", "properties": { "osm_type": "node", "osm_id": 9874077471, "category": "suction", "type_de": "Saugstelle", "all_tags": { "emergency": "suction_point", "name": "Saugbrunnen Bockhorst", "survey:date": "2022-07-08" }, "name": "Saugbrunnen Bockhorst", "ref": null, "operator": null, "access": null, "description": null, "note": null, "check_date": null, "fire_hydrant_type": null, "fire_hydrant_diameter": null, "fire_hydrant_pressure": null, "fire_hydrant_couplings": null, "fire_hydrant_position": null, "water_source": null, "water_tank_volume": null, "capacity": null, "diameter": null, "pressure": null, "source": null, "lon": 9.5656908, "lat": 53.3495074 }, "geometry": { "type": "Point", "coordinates": [ 9.5656908, 53.3495074 ] } },
{ "type": "Feature", "properties": { "osm_type": "node", "osm_id": 9909959374, "category": "suction", "type_de": "Saugstelle", "all_tags": { "emergency": "suction_point" }, "name": null, "ref": null, "operator": null, "access": null, "description": null, "note": null, "check_date": null, "fire_hydrant_type": null, "fire_hydrant_diameter": null, "fire_hydrant_pressure": null, "fire_hydrant_couplings": null, "fire_hydrant_position": null, "water_source": null, "water_tank_volume": null, "capacity": null, "diameter": null, "pressure": null, "source": null, "lon": 9.1718057, "lat": 53.566247 }, "geometry": { "type": "Point", "coordinates": [ 9.1718057, 53.566247 ] } },
{ "type": "Feature", "properties": { "osm_type": "node", "osm_id": 9999958706, "category": "suction", "type_de": "Saugstelle", "all_tags": { "emergency": "suction_point", "survey:date": "2022-09-04" }, "name": null, "ref": null, "operator": null, "access": null, "description": null, "note": null, "check_date": null, "fire_hydrant_type": null, "fire_hydrant_diameter": null, "fire_hydrant_pressure": null, "fire_hydrant_couplings": null, "fire_hydrant_position": null, "water_source": null, "water_tank_volume": null, "capacity": null, "diameter": null, "pressure": null, "source": null, "lon": 9.6223068, "lat": 53.4442158 }, "geometry": { "type": "Point", "coordinates": [ 9.6223068, 53.4442158 ] } },
{ "type": "Feature", "properties": { "osm_type": "node", "osm_id": 10000028181, "category": "suction", "type_de": "Saugstelle", "all_tags": { "emergency": "suction_point", "survey:date": "2022-09-04" }, "name": null, "ref": null, "operator": null, "access": null, "description": null, "note": null, "check_date": null, "fire_hydrant_type": null, "fire_hydrant_diameter": null, "fire_hydrant_pressure": null, "fire_hydrant_couplings": null, "fire_hydrant_position": null, "water_source": null, "water_tank_volume": null, "capacity": null, "diameter": null, "pressure": null, "source": null, "lon": 9.616465, "lat": 53.4427843 }, "geometry": { "type": "Point", "coordinates": [ 9.616465, 53.4427843 ] } },
{ "type": "Feature", "properties": { "osm_type": "node", "osm_id": 10032537698, "category": "suction", "type_de": "Saugstelle", "all_tags": { "description": "Modelbootclub", "emergency": "suction_point", "name": "Löschwasserteich", "survey:date": "2022-09-17" }, "name": "Löschwasserteich", "ref": null, "operator": null, "access": null, "description": "Modelbootclub", "note": null, "check_date": null, "fire_hydrant_type": null, "fire_hydrant_diameter": null, "fire_hydrant_pressure": null, "fire_hydrant_couplings": null, "fire_hydrant_position": null, "water_source": null, "water_tank_volume": null, "capacity": null, "diameter": null, "pressure": null, "source": null, "lon": 9.3812299, "lat": 53.751775 }, "geometry": { "type": "Point", "coordinates": [ 9.3812299, 53.751775 ] } },
{ "type": "Feature", "properties": { "osm_type": "node", "osm_id": 10032538731, "category": "suction", "type_de": "Saugstelle", "all_tags": { "description": "Kuhle", "emergency": "suction_point", "name": "Löschwasserteich", "survey:date": "2022-09-17" }, "name": "Löschwasserteich", "ref": null, "operator": null, "access": null, "description": "Kuhle", "note": null, "check_date": null, "fire_hydrant_type": null, "fire_hydrant_diameter": null, "fire_hydrant_pressure": null, "fire_hydrant_couplings": null, "fire_hydrant_position": null, "water_source": null, "water_tank_volume": null, "capacity": null, "diameter": null, "pressure": null, "source": null, "lon": 9.3411362, "lat": 53.7401801 }, "geometry": { "type": "Point", "coordinates": [ 9.3411362, 53.7401801 ] } },
{ "type": "Feature", "properties": { "osm_type": "node", "osm_id": 10032545660, "category": "suction", "type_de": "Saugstelle", "all_tags": { "description": "Schwimmteich Campingplatz am Leuchtturm", "emergency": "suction_point", "name": "Löschwasserteich", "survey:date": "2022-09-17" }, "name": "Löschwasserteich", "ref": null, "operator": null, "access": null, "description": "Schwimmteich Campingplatz am Leuchtturm", "note": null, "check_date": null, "fire_hydrant_type": null, "fire_hydrant_diameter": null, "fire_hydrant_pressure": null, "fire_hydrant_couplings": null, "fire_hydrant_position": null, "water_source": null, "water_tank_volume": null, "capacity": null, "diameter": null, "pressure": null, "source": null, "lon": 9.37814, "lat": 53.758797 }, "geometry": { "type": "Point", "coordinates": [ 9.37814, 53.758797 ] } },
{ "type": "Feature", "properties": { "osm_type": "node", "osm_id": 10032546446, "category": "suction", "type_de": "Saugstelle", "all_tags": { "description": "Fuchs", "emergency": "suction_point", "name": "Löschwasserteich", "survey:date": "2022-09-17" }, "name": "Löschwasserteich", "ref": null, "operator": null, "access": null, "description": "Fuchs", "note": null, "check_date": null, "fire_hydrant_type": null, "fire_hydrant_diameter": null, "fire_hydrant_pressure": null, "fire_hydrant_couplings": null, "fire_hydrant_position": null, "water_source": null, "water_tank_volume": null, "capacity": null, "diameter": null, "pressure": null, "source": null, "lon": 9.3327731, "lat": 53.7144315 }, "geometry": { "type": "Point", "coordinates": [ 9.3327731, 53.7144315 ] } },
{ "type": "Feature", "properties": { "osm_type": "node", "osm_id": 10032547963, "category": "suction", "type_de": "Saugstelle", "all_tags": { "description": "Wendeplatz", "emergency": "suction_point", "name": "Dornbuscher Wettern", "survey:date": "2022-09-17" }, "name": "Dornbuscher Wettern", "ref": null, "operator": null, "access": null, "description": "Wendeplatz", "note": null, "check_date": null, "fire_hydrant_type": null, "fire_hydrant_diameter": null, "fire_hydrant_pressure": null, "fire_hydrant_couplings": null, "fire_hydrant_position": null, "water_source": null, "water_tank_volume": null, "capacity": null, "diameter": null, "pressure": null, "source": null, "lon": 9.3372309, "lat": 53.7362012 }, "geometry": { "type": "Point", "coordinates": [ 9.3372309, 53.7362012 ] } },
{ "type": "Feature", "properties": { "osm_type": "node", "osm_id": 10032549026, "category": "suction", "type_de": "Saugstelle", "all_tags": { "description": "Gashaus", "emergency": "suction_point", "name": "Dornbuscher Wettern", "survey:date": "2022-09-17" }, "name": "Dornbuscher Wettern", "ref": null, "operator": null, "access": null, "description": "Gashaus", "note": null, "check_date": null, "fire_hydrant_type": null, "fire_hydrant_diameter": null, "fire_hydrant_pressure": null, "fire_hydrant_couplings": null, "fire_hydrant_position": null, "water_source": null, "water_tank_volume": null, "capacity": null, "diameter": null, "pressure": null, "source": null, "lon": 9.3405488, "lat": 53.7324029 }, "geometry": { "type": "Point", "coordinates": [ 9.3405488, 53.7324029 ] } },
{ "type": "Feature", "properties": { "osm_type": "node", "osm_id": 10044514041, "category": "suction", "type_de": "Saugstelle", "all_tags": { "description": "needs 32A power", "emergency": "suction_point", "survey:date": "2022-09-22" }, "name": null, "ref": null, "operator": null, "access": null, "description": "needs 32A power", "note": null, "check_date": null, "fire_hydrant_type": null, "fire_hydrant_diameter": null, "fire_hydrant_pressure": null, "fire_hydrant_couplings": null, "fire_hydrant_position": null, "water_source": null, "water_tank_volume": null, "capacity": null, "diameter": null, "pressure": null, "source": null, "lon": 9.5227861, "lat": 53.4584762 }, "geometry": { "type": "Point", "coordinates": [ 9.5227861, 53.4584762 ] } },
{ "type": "Feature", "properties": { "osm_type": "node", "osm_id": 10044519603, "category": "suction", "type_de": "Saugstelle", "all_tags": { "emergency": "suction_point", "survey:date": "2022-09-22" }, "name": null, "ref": null, "operator": null, "access": null, "description": null, "note": null, "check_date": null, "fire_hydrant_type": null, "fire_hydrant_diameter": null, "fire_hydrant_pressure": null, "fire_hydrant_couplings": null, "fire_hydrant_position": null, "water_source": null, "water_tank_volume": null, "capacity": null, "diameter": null, "pressure": null, "source": null, "lon": 9.5187762, "lat": 53.4457973 }, "geometry": { "type": "Point", "coordinates": [ 9.5187762, 53.4457973 ] } },
{ "type": "Feature", "properties": { "osm_type": "node", "osm_id": 10048424177, "category": "suction", "type_de": "Saugstelle", "all_tags": { "emergency": "suction_point", "name": "Saugstelle Schliecker", "survey:date": "2022-09-24" }, "name": "Saugstelle Schliecker", "ref": null, "operator": null, "access": null, "description": null, "note": null, "check_date": null, "fire_hydrant_type": null, "fire_hydrant_diameter": null, "fire_hydrant_pressure": null, "fire_hydrant_couplings": null, "fire_hydrant_position": null, "water_source": null, "water_tank_volume": null, "capacity": null, "diameter": null, "pressure": null, "source": null, "lon": 9.2537391, "lat": 53.704214 }, "geometry": { "type": "Point", "coordinates": [ 9.2537391, 53.704214 ] } },
{ "type": "Feature", "properties": { "osm_type": "node", "osm_id": 10711036437, "category": "suction", "type_de": "Saugstelle", "all_tags": { "emergency": "suction_point" }, "name": null, "ref": null, "operator": null, "access": null, "description": null, "note": null, "check_date": null, "fire_hydrant_type": null, "fire_hydrant_diameter": null, "fire_hydrant_pressure": null, "fire_hydrant_couplings": null, "fire_hydrant_position": null, "water_source": null, "water_tank_volume": null, "capacity": null, "diameter": null, "pressure": null, "source": null, "lon": 9.4036478, "lat": 53.7270681 }, "geometry": { "type": "Point", "coordinates": [ 9.4036478, 53.7270681 ] } },
{ "type": "Feature", "properties": { "osm_type": "node", "osm_id": 10711068039, "category": "suction", "type_de": "Saugstelle", "all_tags": { "emergency": "suction_point" }, "name": null, "ref": null, "operator": null, "access": null, "description": null, "note": null, "check_date": null, "fire_hydrant_type": null, "fire_hydrant_diameter": null, "fire_hydrant_pressure": null, "fire_hydrant_couplings": null, "fire_hydrant_position": null, "water_source": null, "water_tank_volume": null, "capacity": null, "diameter": null, "pressure": null, "source": null, "lon": 9.3617088, "lat": 53.744203 }, "geometry": { "type": "Point", "coordinates": [ 9.3617088, 53.744203 ] } },
{ "type": "Feature", "properties": { "osm_type": "node", "osm_id": 10734533139, "category": "suction", "type_de": "Saugstelle", "all_tags": { "description": "Saugstelle mit Tiefenpumpe", "emergency": "suction_point", "name": "Bredenhorn" }, "name": "Bredenhorn", "ref": null, "operator": null, "access": null, "description": "Saugstelle mit Tiefenpumpe", "note": null, "check_date": null, "fire_hydrant_type": null, "fire_hydrant_diameter": null, "fire_hydrant_pressure": null, "fire_hydrant_couplings": null, "fire_hydrant_position": null, "water_source": null, "water_tank_volume": null, "capacity": null, "diameter": null, "pressure": null, "source": null, "lon": 9.5939023, "lat": 53.3715545 }, "geometry": { "type": "Point", "coordinates": [ 9.5939023, 53.3715545 ] } },
{ "type": "Feature", "properties": { "osm_type": "node", "osm_id": 10900834990, "category": "suction", "type_de": "Saugstelle", "all_tags": { "emergency": "suction_point", "survey:date": "2023-05-16" }, "name": null, "ref": null, "operator": null, "access": null, "description": null, "note": null, "check_date": null, "fire_hydrant_type": null, "fire_hydrant_diameter": null, "fire_hydrant_pressure": null, "fire_hydrant_couplings": null, "fire_hydrant_position": null, "water_source": null, "water_tank_volume": null, "capacity": null, "diameter": null, "pressure": null, "source": null, "lon": 9.3395483, "lat": 53.7335135 }, "geometry": { "type": "Point", "coordinates": [ 9.3395483, 53.7335135 ] } },
{ "type": "Feature", "properties": { "osm_type": "node", "osm_id": 10935350499, "category": "suction", "type_de": "Saugstelle", "all_tags": { "emergency": "suction_point", "name": "Spülpriel 2 WSDE" }, "name": "Spülpriel 2 WSDE", "ref": null, "operator": null, "access": null, "description": null, "note": null, "check_date": null, "fire_hydrant_type": null, "fire_hydrant_diameter": null, "fire_hydrant_pressure": null, "fire_hydrant_couplings": null, "fire_hydrant_position": null, "water_source": null, "water_tank_volume": null, "capacity": null, "diameter": null, "pressure": null, "source": null, "lon": 9.4178742, "lat": 53.7086848 }, "geometry": { "type": "Point", "coordinates": [ 9.4178742, 53.7086848 ] } },
{ "type": "Feature", "properties": { "osm_type": "node", "osm_id": 10935369740, "category": "suction", "type_de": "Saugstelle", "all_tags": { "emergency": "suction_point", "name": "Spülpriel 1 WSDE" }, "name": "Spülpriel 1 WSDE", "ref": null, "operator": null, "access": null, "description": null, "note": null, "check_date": null, "fire_hydrant_type": null, "fire_hydrant_diameter": null, "fire_hydrant_pressure": null, "fire_hydrant_couplings": null, "fire_hydrant_position": null, "water_source": null, "water_tank_volume": null, "capacity": null, "diameter": null, "pressure": null, "source": null, "lon": 9.4171554, "lat": 53.7088785 }, "geometry": { "type": "Point", "coordinates": [ 9.4171554, 53.7088785 ] } },
{ "type": "Feature", "properties": { "osm_type": "node", "osm_id": 10935379770, "category": "suction", "type_de": "Saugstelle", "all_tags": { "emergency": "suction_point", "name": "Spülpriel Rusch" }, "name": "Spülpriel Rusch", "ref": null, "operator": null, "access": null, "description": null, "note": null, "check_date": null, "fire_hydrant_type": null, "fire_hydrant_diameter": null, "fire_hydrant_pressure": null, "fire_hydrant_couplings": null, "fire_hydrant_position": null, "water_source": null, "water_tank_volume": null, "capacity": null, "diameter": null, "pressure": null, "source": null, "lon": 9.4139475, "lat": 53.7089897 }, "geometry": { "type": "Point", "coordinates": [ 9.4139475, 53.7089897 ] } },
{ "type": "Feature", "properties": { "osm_type": "node", "osm_id": 10935388757, "category": "suction", "type_de": "Saugstelle", "all_tags": { "description": "Tiede abhängig", "emergency": "suction_point", "name": "Ritscher Hafen" }, "name": "Ritscher Hafen", "ref": null, "operator": null, "access": null, "description": "Tiede abhängig", "note": null, "check_date": null, "fire_hydrant_type": null, "fire_hydrant_diameter": null, "fire_hydrant_pressure": null, "fire_hydrant_couplings": null, "fire_hydrant_position": null, "water_source": null, "water_tank_volume": null, "capacity": null, "diameter": null, "pressure": null, "source": null, "lon": 9.4177026, "lat": 53.699568 }, "geometry": { "type": "Point", "coordinates": [ 9.4177026, 53.699568 ] } },
{ "type": "Feature", "properties": { "osm_type": "node", "osm_id": 10935391257, "category": "suction", "type_de": "Saugstelle", "all_tags": { "emergency": "suction_point", "name": "Graben 2 Rusch" }, "name": "Graben 2 Rusch", "ref": null, "operator": null, "access": null, "description": null, "note": null, "check_date": null, "fire_hydrant_type": null, "fire_hydrant_diameter": null, "fire_hydrant_pressure": null, "fire_hydrant_couplings": null, "fire_hydrant_position": null, "water_source": null, "water_tank_volume": null, "capacity": null, "diameter": null, "pressure": null, "source": null, "lon": 9.411394, "lat": 53.7055953 }, "geometry": { "type": "Point", "coordinates": [ 9.411394, 53.7055953 ] } },
{ "type": "Feature", "properties": { "osm_type": "node", "osm_id": 10935395960, "category": "suction", "type_de": "Saugstelle", "all_tags": { "emergency": "suction_point", "name": "Graben 4 Rusch" }, "name": "Graben 4 Rusch", "ref": null, "operator": null, "access": null, "description": null, "note": null, "check_date": null, "fire_hydrant_type": null, "fire_hydrant_diameter": null, "fire_hydrant_pressure": null, "fire_hydrant_couplings": null, "fire_hydrant_position": null, "water_source": null, "water_tank_volume": null, "capacity": null, "diameter": null, "pressure": null, "source": null, "lon": 9.412027, "lat": 53.7078085 }, "geometry": { "type": "Point", "coordinates": [ 9.412027, 53.7078085 ] } },
{ "type": "Feature", "properties": { "osm_type": "node", "osm_id": 10935396332, "category": "suction", "type_de": "Saugstelle", "all_tags": { "emergency": "suction_point", "name": "Graben 5 Rusch" }, "name": "Graben 5 Rusch", "ref": null, "operator": null, "access": null, "description": null, "note": null, "check_date": null, "fire_hydrant_type": null, "fire_hydrant_diameter": null, "fire_hydrant_pressure": null, "fire_hydrant_couplings": null, "fire_hydrant_position": null, "water_source": null, "water_tank_volume": null, "capacity": null, "diameter": null, "pressure": null, "source": null, "lon": 9.4122899, "lat": 53.7084626 }, "geometry": { "type": "Point", "coordinates": [ 9.4122899, 53.7084626 ] } },
{ "type": "Feature", "properties": { "osm_type": "node", "osm_id": 10935403446, "category": "suction", "type_de": "Saugstelle", "all_tags": { "emergency": "suction_point", "name": "Graben 3 Rusch" }, "name": "Graben 3 Rusch", "ref": null, "operator": null, "access": null, "description": null, "note": null, "check_date": null, "fire_hydrant_type": null, "fire_hydrant_diameter": null, "fire_hydrant_pressure": null, "fire_hydrant_couplings": null, "fire_hydrant_position": null, "water_source": null, "water_tank_volume": null, "capacity": null, "diameter": null, "pressure": null, "source": null, "lon": 9.4117159, "lat": 53.7070655 }, "geometry": { "type": "Point", "coordinates": [ 9.4117159, 53.7070655 ] } },
{ "type": "Feature", "properties": { "osm_type": "node", "osm_id": 10935406386, "category": "suction", "type_de": "Saugstelle", "all_tags": { "emergency": "suction_point", "name": "Saugstelle Rusch" }, "name": "Saugstelle Rusch", "ref": null, "operator": null, "access": null, "description": null, "note": null, "check_date": null, "fire_hydrant_type": null, "fire_hydrant_diameter": null, "fire_hydrant_pressure": null, "fire_hydrant_couplings": null, "fire_hydrant_position": null, "water_source": null, "water_tank_volume": null, "capacity": null, "diameter": null, "pressure": null, "source": null, "lon": 9.4119573, "lat": 53.7072147 }, "geometry": { "type": "Point", "coordinates": [ 9.4119573, 53.7072147 ] } },
{ "type": "Feature", "properties": { "osm_type": "node", "osm_id": 10935410036, "category": "suction", "type_de": "Saugstelle", "all_tags": { "emergency": "suction_point", "name": "Spülpriel Rusch" }, "name": "Spülpriel Rusch", "ref": null, "operator": null, "access": null, "description": null, "note": null, "check_date": null, "fire_hydrant_type": null, "fire_hydrant_diameter": null, "fire_hydrant_pressure": null, "fire_hydrant_couplings": null, "fire_hydrant_position": null, "water_source": null, "water_tank_volume": null, "capacity": null, "diameter": null, "pressure": null, "source": null, "lon": 9.4119626, "lat": 53.7053413 }, "geometry": { "type": "Point", "coordinates": [ 9.4119626, 53.7053413 ] } },
{ "type": "Feature", "properties": { "osm_type": "node", "osm_id": 10935419232, "category": "suction", "type_de": "Saugstelle", "all_tags": { "emergency": "suction_point", "name": "Asselersand Baggersee" }, "name": "Asselersand Baggersee", "ref": null, "operator": null, "access": null, "description": null, "note": null, "check_date": null, "fire_hydrant_type": null, "fire_hydrant_diameter": null, "fire_hydrant_pressure": null, "fire_hydrant_couplings": null, "fire_hydrant_position": null, "water_source": null, "water_tank_volume": null, "capacity": null, "diameter": null, "pressure": null, "source": null, "lon": 9.4297886, "lat": 53.7066337 }, "geometry": { "type": "Point", "coordinates": [ 9.4297886, 53.7066337 ] } },
{ "type": "Feature", "properties": { "osm_type": "node", "osm_id": 10935419325, "category": "suction", "type_de": "Saugstelle", "all_tags": { "description": "Höhe Deichüberfahrt", "emergency": "suction_point", "name": "Apfelstieg 17" }, "name": "Apfelstieg 17", "ref": null, "operator": null, "access": null, "description": "Höhe Deichüberfahrt", "note": null, "check_date": null, "fire_hydrant_type": null, "fire_hydrant_diameter": null, "fire_hydrant_pressure": null, "fire_hydrant_couplings": null, "fire_hydrant_position": null, "water_source": null, "water_tank_volume": null, "capacity": null, "diameter": null, "pressure": null, "source": null, "lon": 9.4239253, "lat": 53.6968081 }, "geometry": { "type": "Point", "coordinates": [ 9.4239253, 53.6968081 ] } },
{ "type": "Feature", "properties": { "osm_type": "node", "osm_id": 10935438971, "category": "suction", "type_de": "Saugstelle", "all_tags": { "emergency": "suction_point", "name": "Graben ggü. Bauernstübchen" }, "name": "Graben ggü. Bauernstübchen", "ref": null, "operator": null, "access": null, "description": null, "note": null, "check_date": null, "fire_hydrant_type": null, "fire_hydrant_diameter": null, "fire_hydrant_pressure": null, "fire_hydrant_couplings": null, "fire_hydrant_position": null, "water_source": null, "water_tank_volume": null, "capacity": null, "diameter": null, "pressure": null, "source": null, "lon": 9.4327337, "lat": 53.6922884 }, "geometry": { "type": "Point", "coordinates": [ 9.4327337, 53.6922884 ] } },
{ "type": "Feature", "properties": { "osm_type": "node", "osm_id": 10935455881, "category": "suction", "type_de": "Saugstelle", "all_tags": { "emergency": "suction_point", "name": "Asseler Hafen, Tiden abhängig" }, "name": "Asseler Hafen, Tiden abhängig", "ref": null, "operator": null, "access": null, "description": null, "note": null, "check_date": null, "fire_hydrant_type": null, "fire_hydrant_diameter": null, "fire_hydrant_pressure": null, "fire_hydrant_couplings": null, "fire_hydrant_position": null, "water_source": null, "water_tank_volume": null, "capacity": null, "diameter": null, "pressure": null, "source": null, "lon": 9.4376421, "lat": 53.6923296 }, "geometry": { "type": "Point", "coordinates": [ 9.4376421, 53.6923296 ] } },
{ "type": "Feature", "properties": { "osm_type": "node", "osm_id": 10935457721, "category": "suction", "type_de": "Saugstelle", "all_tags": { "emergency": "suction_point", "name": "Teich Wehrmann" }, "name": "Teich Wehrmann", "ref": null, "operator": null, "access": null, "description": null, "note": null, "check_date": null, "fire_hydrant_type": null, "fire_hydrant_diameter": null, "fire_hydrant_pressure": null, "fire_hydrant_couplings": null, "fire_hydrant_position": null, "water_source": null, "water_tank_volume": null, "capacity": null, "diameter": null, "pressure": null, "source": null, "lon": 9.4608003, "lat": 53.6859033 }, "geometry": { "type": "Point", "coordinates": [ 9.4608003, 53.6859033 ] } },
{ "type": "Feature", "properties": { "osm_type": "node", "osm_id": 10935465250, "category": "suction", "type_de": "Saugstelle", "all_tags": { "emergency": "suction_point", "name": "Am Elbdeich Fleet Pumpenstation" }, "name": "Am Elbdeich Fleet Pumpenstation", "ref": null, "operator": null, "access": null, "description": null, "note": null, "check_date": null, "fire_hydrant_type": null, "fire_hydrant_diameter": null, "fire_hydrant_pressure": null, "fire_hydrant_couplings": null, "fire_hydrant_position": null, "water_source": null, "water_tank_volume": null, "capacity": null, "diameter": null, "pressure": null, "source": null, "lon": 9.4679832, "lat": 53.6858843 }, "geometry": { "type": "Point", "coordinates": [ 9.4679832, 53.6858843 ] } },
{ "type": "Feature", "properties": { "osm_type": "node", "osm_id": 10935475251, "category": "suction", "type_de": "Saugstelle", "all_tags": { "emergency": "suction_point", "name": "Am Elbdeich (außendeichs) Barnkruger Hafen" }, "name": "Am Elbdeich (außendeichs) Barnkruger Hafen", "ref": null, "operator": null, "access": null, "description": null, "note": null, "check_date": null, "fire_hydrant_type": null, "fire_hydrant_diameter": null, "fire_hydrant_pressure": null, "fire_hydrant_couplings": null, "fire_hydrant_position": null, "water_source": null, "water_tank_volume": null, "capacity": null, "diameter": null, "pressure": null, "source": null, "lon": 9.475252, "lat": 53.6854459 }, "geometry": { "type": "Point", "coordinates": [ 9.475252, 53.6854459 ] } },
{ "type": "Feature", "properties": { "osm_type": "node", "osm_id": 10935477330, "category": "suction", "type_de": "Saugstelle", "all_tags": { "emergency": "suction_point", "name": "Schaafstall Barnkrug" }, "name": "Schaafstall Barnkrug", "ref": null, "operator": null, "access": null, "description": null, "note": null, "check_date": null, "fire_hydrant_type": null, "fire_hydrant_diameter": null, "fire_hydrant_pressure": null, "fire_hydrant_couplings": null, "fire_hydrant_position": null, "water_source": null, "water_tank_volume": null, "capacity": null, "diameter": null, "pressure": null, "source": null, "lon": 9.4850689, "lat": 53.6803276 }, "geometry": { "type": "Point", "coordinates": [ 9.4850689, 53.6803276 ] } },
{ "type": "Feature", "properties": { "osm_type": "node", "osm_id": 10935482663, "category": "suction", "type_de": "Saugstelle", "all_tags": { "emergency": "suction_point", "name": "Schaafstall Barnkrug" }, "name": "Schaafstall Barnkrug", "ref": null, "operator": null, "access": null, "description": null, "note": null, "check_date": null, "fire_hydrant_type": null, "fire_hydrant_diameter": null, "fire_hydrant_pressure": null, "fire_hydrant_couplings": null, "fire_hydrant_position": null, "water_source": null, "water_tank_volume": null, "capacity": null, "diameter": null, "pressure": null, "source": null, "lon": 9.4835991, "lat": 53.6809662 }, "geometry": { "type": "Point", "coordinates": [ 9.4835991, 53.6809662 ] } },
{ "type": "Feature", "properties": { "osm_type": "node", "osm_id": 10935483928, "category": "suction", "type_de": "Saugstelle", "all_tags": { "emergency": "suction_point", "name": "Am Elbdeich (außendeichs) Brücke Barnkruger Süderelbe" }, "name": "Am Elbdeich (außendeichs) Brücke Barnkruger Süderelbe", "ref": null, "operator": null, "access": null, "description": null, "note": null, "check_date": null, "fire_hydrant_type": null, "fire_hydrant_diameter": null, "fire_hydrant_pressure": null, "fire_hydrant_couplings": null, "fire_hydrant_position": null, "water_source": null, "water_tank_volume": null, "capacity": null, "diameter": null, "pressure": null, "source": null, "lon": 9.4731385, "lat": 53.6861607 }, "geometry": { "type": "Point", "coordinates": [ 9.4731385, 53.6861607 ] } },
{ "type": "Feature", "properties": { "osm_type": "node", "osm_id": 10935486785, "category": "suction", "type_de": "Saugstelle", "all_tags": { "emergency": "suction_point", "name": "Spülpriel" }, "name": "Spülpriel", "ref": null, "operator": null, "access": null, "description": null, "note": null, "check_date": null, "fire_hydrant_type": null, "fire_hydrant_diameter": null, "fire_hydrant_pressure": null, "fire_hydrant_couplings": null, "fire_hydrant_position": null, "water_source": null, "water_tank_volume": null, "capacity": null, "diameter": null, "pressure": null, "source": null, "lon": 9.4392568, "lat": 53.6934668 }, "geometry": { "type": "Point", "coordinates": [ 9.4392568, 53.6934668 ] } },
{ "type": "Feature", "properties": { "osm_type": "node", "osm_id": 10935494405, "category": "suction", "type_de": "Saugstelle", "all_tags": { "emergency": "suction_point", "name": "Am Elbdeich 100 Gelände Abbruch Wist" }, "name": "Am Elbdeich 100 Gelände Abbruch Wist", "ref": null, "operator": null, "access": null, "description": null, "note": null, "check_date": null, "fire_hydrant_type": null, "fire_hydrant_diameter": null, "fire_hydrant_pressure": null, "fire_hydrant_couplings": null, "fire_hydrant_position": null, "water_source": null, "water_tank_volume": null, "capacity": null, "diameter": null, "pressure": null, "source": null, "lon": 9.4807506, "lat": 53.6809852 }, "geometry": { "type": "Point", "coordinates": [ 9.4807506, 53.6809852 ] } },
{ "type": "Feature", "properties": { "osm_type": "node", "osm_id": 10935496037, "category": "suction", "type_de": "Saugstelle", "all_tags": { "emergency": "suction_point", "name": "Eylmann Hof Graben" }, "name": "Eylmann Hof Graben", "ref": null, "operator": null, "access": null, "description": null, "note": null, "check_date": null, "fire_hydrant_type": null, "fire_hydrant_diameter": null, "fire_hydrant_pressure": null, "fire_hydrant_couplings": null, "fire_hydrant_position": null, "water_source": null, "water_tank_volume": null, "capacity": null, "diameter": null, "pressure": null, "source": null, "lon": 9.4400078, "lat": 53.7082911 }, "geometry": { "type": "Point", "coordinates": [ 9.4400078, 53.7082911 ] } },
{ "type": "Feature", "properties": { "osm_type": "node", "osm_id": 11142983257, "category": "suction", "type_de": "Saugstelle", "all_tags": { "couplings": "1", "emergency": "suction_point", "fire_hydrant:diameter": "A", "fire_hydrant:pressure": "suction", "fire_hydrant:type": "pipe", "survey:date": "2020-05-11", "water_source": "pond" }, "name": null, "ref": null, "operator": null, "access": null, "description": null, "note": null, "check_date": null, "fire_hydrant_type": "pipe", "fire_hydrant_diameter": "A", "fire_hydrant_pressure": "suction", "fire_hydrant_couplings": null, "fire_hydrant_position": null, "water_source": "pond", "water_tank_volume": null, "capacity": null, "diameter": null, "pressure": null, "source": null, "lon": 9.4549091, "lat": 53.3964712 }, "geometry": { "type": "Point", "coordinates": [ 9.4549091, 53.3964712 ] } },
{ "type": "Feature", "properties": { "osm_type": "node", "osm_id": 11182114499, "category": "suction", "type_de": "Saugstelle", "all_tags": { "emergency": "suction_point" }, "name": null, "ref": null, "operator": null, "access": null, "description": null, "note": null, "check_date": null, "fire_hydrant_type": null, "fire_hydrant_diameter": null, "fire_hydrant_pressure": null, "fire_hydrant_couplings": null, "fire_hydrant_position": null, "water_source": null, "water_tank_volume": null, "capacity": null, "diameter": null, "pressure": null, "source": null, "lon": 9.3482333, "lat": 53.705735 }, "geometry": { "type": "Point", "coordinates": [ 9.3482333, 53.705735 ] } },
{ "type": "Feature", "properties": { "osm_type": "node", "osm_id": 11182133194, "category": "suction", "type_de": "Saugstelle", "all_tags": { "emergency": "suction_point" }, "name": null, "ref": null, "operator": null, "access": null, "description": null, "note": null, "check_date": null, "fire_hydrant_type": null, "fire_hydrant_diameter": null, "fire_hydrant_pressure": null, "fire_hydrant_couplings": null, "fire_hydrant_position": null, "water_source": null, "water_tank_volume": null, "capacity": null, "diameter": null, "pressure": null, "source": null, "lon": 9.378081, "lat": 53.7478353 }, "geometry": { "type": "Point", "coordinates": [ 9.378081, 53.7478353 ] } },
{ "type": "Feature", "properties": { "osm_type": "node", "osm_id": 11182140604, "category": "suction", "type_de": "Saugstelle", "all_tags": { "emergency": "suction_point" }, "name": null, "ref": null, "operator": null, "access": null, "description": null, "note": null, "check_date": null, "fire_hydrant_type": null, "fire_hydrant_diameter": null, "fire_hydrant_pressure": null, "fire_hydrant_couplings": null, "fire_hydrant_position": null, "water_source": null, "water_tank_volume": null, "capacity": null, "diameter": null, "pressure": null, "source": null, "lon": 9.3442315, "lat": 53.7358078 }, "geometry": { "type": "Point", "coordinates": [ 9.3442315, 53.7358078 ] } },
{ "type": "Feature", "properties": { "osm_type": "node", "osm_id": 11182155139, "category": "suction", "type_de": "Saugstelle", "all_tags": { "emergency": "suction_point" }, "name": null, "ref": null, "operator": null, "access": null, "description": null, "note": null, "check_date": null, "fire_hydrant_type": null, "fire_hydrant_diameter": null, "fire_hydrant_pressure": null, "fire_hydrant_couplings": null, "fire_hydrant_position": null, "water_source": null, "water_tank_volume": null, "capacity": null, "diameter": null, "pressure": null, "source": null, "lon": 9.3723732, "lat": 53.6831934 }, "geometry": { "type": "Point", "coordinates": [ 9.3723732, 53.6831934 ] } },
{ "type": "Feature", "properties": { "osm_type": "node", "osm_id": 11182155140, "category": "suction", "type_de": "Saugstelle", "all_tags": { "emergency": "suction_point" }, "name": null, "ref": null, "operator": null, "access": null, "description": null, "note": null, "check_date": null, "fire_hydrant_type": null, "fire_hydrant_diameter": null, "fire_hydrant_pressure": null, "fire_hydrant_couplings": null, "fire_hydrant_position": null, "water_source": null, "water_tank_volume": null, "capacity": null, "diameter": null, "pressure": null, "source": null, "lon": 9.339602, "lat": 53.7082244 }, "geometry": { "type": "Point", "coordinates": [ 9.339602, 53.7082244 ] } },
{ "type": "Feature", "properties": { "osm_type": "node", "osm_id": 11182165225, "category": "suction", "type_de": "Saugstelle", "all_tags": { "emergency": "suction_point" }, "name": null, "ref": null, "operator": null, "access": null, "description": null, "note": null, "check_date": null, "fire_hydrant_type": null, "fire_hydrant_diameter": null, "fire_hydrant_pressure": null, "fire_hydrant_couplings": null, "fire_hydrant_position": null, "water_source": null, "water_tank_volume": null, "capacity": null, "diameter": null, "pressure": null, "source": null, "lon": 9.3545151, "lat": 53.7763785 }, "geometry": { "type": "Point", "coordinates": [ 9.3545151, 53.7763785 ] } },
{ "type": "Feature", "properties": { "osm_type": "node", "osm_id": 11182165386, "category": "suction", "type_de": "Saugstelle", "all_tags": { "emergency": "suction_point" }, "name": null, "ref": null, "operator": null, "access": null, "description": null, "note": null, "check_date": null, "fire_hydrant_type": null, "fire_hydrant_diameter": null, "fire_hydrant_pressure": null, "fire_hydrant_couplings": null, "fire_hydrant_position": null, "water_source": null, "water_tank_volume": null, "capacity": null, "diameter": null, "pressure": null, "source": null, "lon": 9.3567145, "lat": 53.7668737 }, "geometry": { "type": "Point", "coordinates": [ 9.3567145, 53.7668737 ] } },
{ "type": "Feature", "properties": { "osm_type": "node", "osm_id": 11182167008, "category": "suction", "type_de": "Saugstelle", "all_tags": { "emergency": "suction_point" }, "name": null, "ref": null, "operator": null, "access": null, "description": null, "note": null, "check_date": null, "fire_hydrant_type": null, "fire_hydrant_diameter": null, "fire_hydrant_pressure": null, "fire_hydrant_couplings": null, "fire_hydrant_position": null, "water_source": null, "water_tank_volume": null, "capacity": null, "diameter": null, "pressure": null, "source": null, "lon": 9.3433678, "lat": 53.7393805 }, "geometry": { "type": "Point", "coordinates": [ 9.3433678, 53.7393805 ] } },
{ "type": "Feature", "properties": { "osm_type": "node", "osm_id": 11182173212, "category": "suction", "type_de": "Saugstelle", "all_tags": { "emergency": "suction_point" }, "name": null, "ref": null, "operator": null, "access": null, "description": null, "note": null, "check_date": null, "fire_hydrant_type": null, "fire_hydrant_diameter": null, "fire_hydrant_pressure": null, "fire_hydrant_couplings": null, "fire_hydrant_position": null, "water_source": null, "water_tank_volume": null, "capacity": null, "diameter": null, "pressure": null, "source": null, "lon": 9.2831844, "lat": 53.714968 }, "geometry": { "type": "Point", "coordinates": [ 9.2831844, 53.714968 ] } },
{ "type": "Feature", "properties": { "osm_type": "node", "osm_id": 11182176460, "category": "suction", "type_de": "Saugstelle", "all_tags": { "emergency": "suction_point" }, "name": null, "ref": null, "operator": null, "access": null, "description": null, "note": null, "check_date": null, "fire_hydrant_type": null, "fire_hydrant_diameter": null, "fire_hydrant_pressure": null, "fire_hydrant_couplings": null, "fire_hydrant_position": null, "water_source": null, "water_tank_volume": null, "capacity": null, "diameter": null, "pressure": null, "source": null, "lon": 9.3619072, "lat": 53.7732749 }, "geometry": { "type": "Point", "coordinates": [ 9.3619072, 53.7732749 ] } },
{ "type": "Feature", "properties": { "osm_type": "node", "osm_id": 11182181096, "category": "suction", "type_de": "Saugstelle", "all_tags": { "emergency": "suction_point" }, "name": null, "ref": null, "operator": null, "access": null, "description": null, "note": null, "check_date": null, "fire_hydrant_type": null, "fire_hydrant_diameter": null, "fire_hydrant_pressure": null, "fire_hydrant_couplings": null, "fire_hydrant_position": null, "water_source": null, "water_tank_volume": null, "capacity": null, "diameter": null, "pressure": null, "source": null, "lon": 9.3624973, "lat": 53.7726345 }, "geometry": { "type": "Point", "coordinates": [ 9.3624973, 53.7726345 ] } },
{ "type": "Feature", "properties": { "osm_type": "node", "osm_id": 11182181296, "category": "suction", "type_de": "Saugstelle", "all_tags": { "emergency": "suction_point" }, "name": null, "ref": null, "operator": null, "access": null, "description": null, "note": null, "check_date": null, "fire_hydrant_type": null, "fire_hydrant_diameter": null, "fire_hydrant_pressure": null, "fire_hydrant_couplings": null, "fire_hydrant_position": null, "water_source": null, "water_tank_volume": null, "capacity": null, "diameter": null, "pressure": null, "source": null, "lon": 9.3503362, "lat": 53.7612642 }, "geometry": { "type": "Point", "coordinates": [ 9.3503362, 53.7612642 ] } },
{ "type": "Feature", "properties": { "osm_type": "node", "osm_id": 11182181663, "category": "suction", "type_de": "Saugstelle", "all_tags": { "emergency": "suction_point" }, "name": null, "ref": null, "operator": null, "access": null, "description": null, "note": null, "check_date": null, "fire_hydrant_type": null, "fire_hydrant_diameter": null, "fire_hydrant_pressure": null, "fire_hydrant_couplings": null, "fire_hydrant_position": null, "water_source": null, "water_tank_volume": null, "capacity": null, "diameter": null, "pressure": null, "source": null, "lon": 9.3665528, "lat": 53.7689822 }, "geometry": { "type": "Point", "coordinates": [ 9.3665528, 53.7689822 ] } },
{ "type": "Feature", "properties": { "osm_type": "node", "osm_id": 11182186038, "category": "suction", "type_de": "Saugstelle", "all_tags": { "emergency": "suction_point" }, "name": null, "ref": null, "operator": null, "access": null, "description": null, "note": null, "check_date": null, "fire_hydrant_type": null, "fire_hydrant_diameter": null, "fire_hydrant_pressure": null, "fire_hydrant_couplings": null, "fire_hydrant_position": null, "water_source": null, "water_tank_volume": null, "capacity": null, "diameter": null, "pressure": null, "source": null, "lon": 9.3343395, "lat": 53.7130219 }, "geometry": { "type": "Point", "coordinates": [ 9.3343395, 53.7130219 ] } },
{ "type": "Feature", "properties": { "osm_type": "node", "osm_id": 11182193526, "category": "suction", "type_de": "Saugstelle", "all_tags": { "emergency": "suction_point" }, "name": null, "ref": null, "operator": null, "access": null, "description": null, "note": null, "check_date": null, "fire_hydrant_type": null, "fire_hydrant_diameter": null, "fire_hydrant_pressure": null, "fire_hydrant_couplings": null, "fire_hydrant_position": null, "water_source": null, "water_tank_volume": null, "capacity": null, "diameter": null, "pressure": null, "source": null, "lon": 9.3383199, "lat": 53.7353477 }, "geometry": { "type": "Point", "coordinates": [ 9.3383199, 53.7353477 ] } },
{ "type": "Feature", "properties": { "osm_type": "node", "osm_id": 11182193991, "category": "suction", "type_de": "Saugstelle", "all_tags": { "emergency": "suction_point" }, "name": null, "ref": null, "operator": null, "access": null, "description": null, "note": null, "check_date": null, "fire_hydrant_type": null, "fire_hydrant_diameter": null, "fire_hydrant_pressure": null, "fire_hydrant_couplings": null, "fire_hydrant_position": null, "water_source": null, "water_tank_volume": null, "capacity": null, "diameter": null, "pressure": null, "source": null, "lon": 9.3546063, "lat": 53.7277283 }, "geometry": { "type": "Point", "coordinates": [ 9.3546063, 53.7277283 ] } },
{ "type": "Feature", "properties": { "osm_type": "node", "osm_id": 11182195511, "category": "suction", "type_de": "Saugstelle", "all_tags": { "emergency": "suction_point" }, "name": null, "ref": null, "operator": null, "access": null, "description": null, "note": null, "check_date": null, "fire_hydrant_type": null, "fire_hydrant_diameter": null, "fire_hydrant_pressure": null, "fire_hydrant_couplings": null, "fire_hydrant_position": null, "water_source": null, "water_tank_volume": null, "capacity": null, "diameter": null, "pressure": null, "source": null, "lon": 9.3345433, "lat": 53.7690265 }, "geometry": { "type": "Point", "coordinates": [ 9.3345433, 53.7690265 ] } },
{ "type": "Feature", "properties": { "osm_type": "node", "osm_id": 11182225405, "category": "suction", "type_de": "Saugstelle", "all_tags": { "emergency": "suction_point" }, "name": null, "ref": null, "operator": null, "access": null, "description": null, "note": null, "check_date": null, "fire_hydrant_type": null, "fire_hydrant_diameter": null, "fire_hydrant_pressure": null, "fire_hydrant_couplings": null, "fire_hydrant_position": null, "water_source": null, "water_tank_volume": null, "capacity": null, "diameter": null, "pressure": null, "source": null, "lon": 9.2767417, "lat": 53.7147172 }, "geometry": { "type": "Point", "coordinates": [ 9.2767417, 53.7147172 ] } },
{ "type": "Feature", "properties": { "osm_type": "node", "osm_id": 11182226021, "category": "suction", "type_de": "Saugstelle", "all_tags": { "emergency": "suction_point" }, "name": null, "ref": null, "operator": null, "access": null, "description": null, "note": null, "check_date": null, "fire_hydrant_type": null, "fire_hydrant_diameter": null, "fire_hydrant_pressure": null, "fire_hydrant_couplings": null, "fire_hydrant_position": null, "water_source": null, "water_tank_volume": null, "capacity": null, "diameter": null, "pressure": null, "source": null, "lon": 9.2765057, "lat": 53.711155 }, "geometry": { "type": "Point", "coordinates": [ 9.2765057, 53.711155 ] } },
{ "type": "Feature", "properties": { "osm_type": "node", "osm_id": 11741414566, "category": "suction", "type_de": "Saugrohr/Sauganschluss", "all_tags": { "couplings": "1", "couplings:type": "Storz", "description": "Brunnen mit elektr. Tiefenpumpe", "emergency": "fire_hydrant", "fire_hydrant:diameter": "A", "fire_hydrant:pressure": "suction", "fire_hydrant:type": "pipe", "survey:date": "14.03.2024", "water_source": "groundwater" }, "name": null, "ref": null, "operator": null, "access": null, "description": "Brunnen mit elektr. Tiefenpumpe", "note": null, "check_date": null, "fire_hydrant_type": "pipe", "fire_hydrant_diameter": "A", "fire_hydrant_pressure": "suction", "fire_hydrant_couplings": null, "fire_hydrant_position": null, "water_source": "groundwater", "water_tank_volume": null, "capacity": null, "diameter": null, "pressure": null, "source": null, "lon": 9.4039363, "lat": 53.4307982 }, "geometry": { "type": "Point", "coordinates": [ 9.4039363, 53.4307982 ] } },
{ "type": "Feature", "properties": { "osm_type": "node", "osm_id": 11964159902, "category": "suction", "type_de": "Saugstelle", "all_tags": { "emergency": "suction_point", "survey:date": "2023-06-08" }, "name": null, "ref": null, "operator": null, "access": null, "description": null, "note": null, "check_date": null, "fire_hydrant_type": null, "fire_hydrant_diameter": null, "fire_hydrant_pressure": null, "fire_hydrant_couplings": null, "fire_hydrant_position": null, "water_source": null, "water_tank_volume": null, "capacity": null, "diameter": null, "pressure": null, "source": null, "lon": 9.5118991, "lat": 53.4456359 }, "geometry": { "type": "Point", "coordinates": [ 9.5118991, 53.4456359 ] } },
{ "type": "Feature", "properties": { "osm_type": "node", "osm_id": 12373468330, "category": "suction", "type_de": "Saugrohr/Sauganschluss", "all_tags": { "couplings": "1", "couplings:diameters": "A", "couplings:type": "Storz", "emergency": "fire_hydrant", "fire_hydrant:position": "green", "fire_hydrant:pressure": "suction", "fire_hydrant:type": "pipe", "water_source": "groundwater" }, "name": null, "ref": null, "operator": null, "access": null, "description": null, "note": null, "check_date": null, "fire_hydrant_type": "pipe", "fire_hydrant_diameter": null, "fire_hydrant_pressure": "suction", "fire_hydrant_couplings": null, "fire_hydrant_position": "green", "water_source": "groundwater", "water_tank_volume": null, "capacity": null, "diameter": null, "pressure": null, "source": null, "lon": 9.6883247, "lat": 53.5375655 }, "geometry": { "type": "Point", "coordinates": [ 9.6883247, 53.5375655 ] } },
{ "type": "Feature", "properties": { "osm_type": "node", "osm_id": 12377301339, "category": "suction", "type_de": "Saugrohr/Sauganschluss", "all_tags": { "couplings": "1", "description": "Brunnen", "emergency": "fire_hydrant", "fire_hydrant:position": "green", "fire_hydrant:pressure": "suction", "fire_hydrant:type": "pipe", "water_source": "groundwater" }, "name": null, "ref": null, "operator": null, "access": null, "description": "Brunnen", "note": null, "check_date": null, "fire_hydrant_type": "pipe", "fire_hydrant_diameter": null, "fire_hydrant_pressure": "suction", "fire_hydrant_couplings": null, "fire_hydrant_position": "green", "water_source": "groundwater", "water_tank_volume": null, "capacity": null, "diameter": null, "pressure": null, "source": null, "lon": 9.6923902, "lat": 53.5388096 }, "geometry": { "type": "Point", "coordinates": [ 9.6923902, 53.5388096 ] } },
{ "type": "Feature", "properties": { "osm_type": "node", "osm_id": 12431989080, "category": "suction", "type_de": "Saugrohr/Sauganschluss", "all_tags": { "couplings": "1", "description": "Elektrische Tiefenpumpe (Aggregat erforderlich)", "emergency": "fire_hydrant", "fire_hydrant:diameter": "A", "fire_hydrant:pressure": "suction", "fire_hydrant:type": "pipe", "name": "Tiefenpumpe", "survey:date": "2024-12-19", "water_source": "groundwater" }, "name": "Tiefenpumpe", "ref": null, "operator": null, "access": null, "description": "Elektrische Tiefenpumpe (Aggregat erforderlich)", "note": null, "check_date": null, "fire_hydrant_type": "pipe", "fire_hydrant_diameter": "A", "fire_hydrant_pressure": "suction", "fire_hydrant_couplings": null, "fire_hydrant_position": null, "water_source": "groundwater", "water_tank_volume": null, "capacity": null, "diameter": null, "pressure": null, "source": null, "lon": 9.4381933, "lat": 53.3947457 }, "geometry": { "type": "Point", "coordinates": [ 9.4381933, 53.3947457 ] } },
{ "type": "Feature", "properties": { "osm_type": "node", "osm_id": 12546601203, "category": "suction", "type_de": "Saugrohr/Sauganschluss", "all_tags": { "couplings": "1", "emergency": "fire_hydrant", "fire_hydrant:pressure": "suction", "fire_hydrant:type": "pipe", "water_source": "groundwater" }, "name": null, "ref": null, "operator": null, "access": null, "description": null, "note": null, "check_date": null, "fire_hydrant_type": "pipe", "fire_hydrant_diameter": null, "fire_hydrant_pressure": "suction", "fire_hydrant_couplings": null, "fire_hydrant_position": null, "water_source": "groundwater", "water_tank_volume": null, "capacity": null, "diameter": null, "pressure": null, "source": null, "lon": 9.6882006, "lat": 53.53951 }, "geometry": { "type": "Point", "coordinates": [ 9.6882006, 53.53951 ] } },
{ "type": "Feature", "properties": { "osm_type": "node", "osm_id": 12551417001, "category": "suction", "type_de": "Saugrohr/Sauganschluss", "all_tags": { "emergency": "fire_hydrant", "fire_hydrant:pressure": "suction", "fire_hydrant:type": "pipe", "water_source": "groundwater" }, "name": null, "ref": null, "operator": null, "access": null, "description": null, "note": null, "check_date": null, "fire_hydrant_type": "pipe", "fire_hydrant_diameter": null, "fire_hydrant_pressure": "suction", "fire_hydrant_couplings": null, "fire_hydrant_position": null, "water_source": "groundwater", "water_tank_volume": null, "capacity": null, "diameter": null, "pressure": null, "source": null, "lon": 9.6914774, "lat": 53.5400002 }, "geometry": { "type": "Point", "coordinates": [ 9.6914774, 53.5400002 ] } },
{ "type": "Feature", "properties": { "osm_type": "node", "osm_id": 12589846614, "category": "suction", "type_de": "Saugrohr/Sauganschluss", "all_tags": { "emergency": "fire_hydrant", "fire_hydrant:position": "green", "fire_hydrant:pressure": "suction", "fire_hydrant:type": "pipe", "water_source": "groundwater" }, "name": null, "ref": null, "operator": null, "access": null, "description": null, "note": null, "check_date": null, "fire_hydrant_type": "pipe", "fire_hydrant_diameter": null, "fire_hydrant_pressure": "suction", "fire_hydrant_couplings": null, "fire_hydrant_position": "green", "water_source": "groundwater", "water_tank_volume": null, "capacity": null, "diameter": null, "pressure": null, "source": null, "lon": 9.6835435, "lat": 53.53692 }, "geometry": { "type": "Point", "coordinates": [ 9.6835435, 53.53692 ] } },
{ "type": "Feature", "properties": { "osm_type": "node", "osm_id": 12641369541, "category": "suction", "type_de": "Saugrohr/Sauganschluss", "all_tags": { "emergency": "fire_hydrant", "fire_hydrant:position": "green", "fire_hydrant:pressure": "suction", "fire_hydrant:type": "pipe", "water_source": "groundwater" }, "name": null, "ref": null, "operator": null, "access": null, "description": null, "note": null, "check_date": null, "fire_hydrant_type": "pipe", "fire_hydrant_diameter": null, "fire_hydrant_pressure": "suction", "fire_hydrant_couplings": null, "fire_hydrant_position": "green", "water_source": "groundwater", "water_tank_volume": null, "capacity": null, "diameter": null, "pressure": null, "source": null, "lon": 9.6740983, "lat": 53.5457411 }, "geometry": { "type": "Point", "coordinates": [ 9.6740983, 53.5457411 ] } },
{ "type": "Feature", "properties": { "osm_type": "node", "osm_id": 12657406215, "category": "suction", "type_de": "Saugstelle", "all_tags": { "emergency": "suction_point", "survey:date": "2025-02-16" }, "name": null, "ref": null, "operator": null, "access": null, "description": null, "note": null, "check_date": null, "fire_hydrant_type": null, "fire_hydrant_diameter": null, "fire_hydrant_pressure": null, "fire_hydrant_couplings": null, "fire_hydrant_position": null, "water_source": null, "water_tank_volume": null, "capacity": null, "diameter": null, "pressure": null, "source": null, "lon": 9.4192836, "lat": 53.4141674 }, "geometry": { "type": "Point", "coordinates": [ 9.4192836, 53.4141674 ] } },
{ "type": "Feature", "properties": { "osm_type": "node", "osm_id": 12705825577, "category": "suction", "type_de": "Saugrohr/Sauganschluss", "all_tags": { "couplings": "1", "description": "Elektrische Tiefenpumpe (Aggregat erforderlich)", "emergency": "fire_hydrant", "fire_hydrant:diameter": "A", "fire_hydrant:pressure": "suction", "fire_hydrant:type": "pipe", "name": "Tiefenpumpe", "survey:date": "2025-03-27", "water_source": "groundwater" }, "name": "Tiefenpumpe", "ref": null, "operator": null, "access": null, "description": "Elektrische Tiefenpumpe (Aggregat erforderlich)", "note": null, "check_date": null, "fire_hydrant_type": "pipe", "fire_hydrant_diameter": "A", "fire_hydrant_pressure": "suction", "fire_hydrant_couplings": null, "fire_hydrant_position": null, "water_source": "groundwater", "water_tank_volume": null, "capacity": null, "diameter": null, "pressure": null, "source": null, "lon": 9.5038539, "lat": 53.4041434 }, "geometry": { "type": "Point", "coordinates": [ 9.5038539, 53.4041434 ] } },
{ "type": "Feature", "properties": { "osm_type": "node", "osm_id": 12705825578, "category": "suction", "type_de": "Saugrohr/Sauganschluss", "all_tags": { "couplings": "1", "description": "Sauganschluß", "emergency": "fire_hydrant", "fire_hydrant:position": "green", "fire_hydrant:pressure": "suction", "fire_hydrant:type": "pipe", "survey:date": "27.03.2025", "water_source": "groundwater" }, "name": null, "ref": null, "operator": null, "access": null, "description": "Sauganschluß", "note": null, "check_date": null, "fire_hydrant_type": "pipe", "fire_hydrant_diameter": null, "fire_hydrant_pressure": "suction", "fire_hydrant_couplings": null, "fire_hydrant_position": "green", "water_source": "groundwater", "water_tank_volume": null, "capacity": null, "diameter": null, "pressure": null, "source": null, "lon": 9.4975494, "lat": 53.382698 }, "geometry": { "type": "Point", "coordinates": [ 9.4975494, 53.382698 ] } },
{ "type": "Feature", "properties": { "osm_type": "node", "osm_id": 12758099340, "category": "suction", "type_de": "Saugrohr/Sauganschluss", "all_tags": { "emergency": "fire_hydrant", "fire_hydrant:position": "green", "fire_hydrant:pressure": "suction", "fire_hydrant:type": "pipe", "water_source": "groundwater" }, "name": null, "ref": null, "operator": null, "access": null, "description": null, "note": null, "check_date": null, "fire_hydrant_type": "pipe", "fire_hydrant_diameter": null, "fire_hydrant_pressure": "suction", "fire_hydrant_couplings": null, "fire_hydrant_position": "green", "water_source": "groundwater", "water_tank_volume": null, "capacity": null, "diameter": null, "pressure": null, "source": null, "lon": 9.677692, "lat": 53.5359534 }, "geometry": { "type": "Point", "coordinates": [ 9.677692, 53.5359534 ] } },
{ "type": "Feature", "properties": { "osm_type": "node", "osm_id": 12907498541, "category": "suction", "type_de": "Saugrohr/Sauganschluss", "all_tags": { "emergency": "fire_hydrant", "fire_hydrant:position": "green", "fire_hydrant:pressure": "suction", "fire_hydrant:type": "pipe", "water_source": "groundwater" }, "name": null, "ref": null, "operator": null, "access": null, "description": null, "note": null, "check_date": null, "fire_hydrant_type": "pipe", "fire_hydrant_diameter": null, "fire_hydrant_pressure": "suction", "fire_hydrant_couplings": null, "fire_hydrant_position": "green", "water_source": "groundwater", "water_tank_volume": null, "capacity": null, "diameter": null, "pressure": null, "source": null, "lon": 9.6553163, "lat": 53.5603233 }, "geometry": { "type": "Point", "coordinates": [ 9.6553163, 53.5603233 ] } },
{ "type": "Feature", "properties": { "osm_type": "node", "osm_id": 12907538316, "category": "suction", "type_de": "Saugrohr/Sauganschluss", "all_tags": { "emergency": "fire_hydrant", "fire_hydrant:position": "green", "fire_hydrant:pressure": "suction", "fire_hydrant:type": "pipe", "water_source": "groundwater" }, "name": null, "ref": null, "operator": null, "access": null, "description": null, "note": null, "check_date": null, "fire_hydrant_type": "pipe", "fire_hydrant_diameter": null, "fire_hydrant_pressure": "suction", "fire_hydrant_couplings": null, "fire_hydrant_position": "green", "water_source": "groundwater", "water_tank_volume": null, "capacity": null, "diameter": null, "pressure": null, "source": null, "lon": 9.6553901, "lat": 53.5599709 }, "geometry": { "type": "Point", "coordinates": [ 9.6553901, 53.5599709 ] } },
{ "type": "Feature", "properties": { "osm_type": "node", "osm_id": 12965961876, "category": "suction", "type_de": "Saugrohr/Sauganschluss", "all_tags": { "emergency": "fire_hydrant", "fire_hydrant:position": "green", "fire_hydrant:pressure": "suction", "fire_hydrant:type": "pipe", "water_source": "groundwater" }, "name": null, "ref": null, "operator": null, "access": null, "description": null, "note": null, "check_date": null, "fire_hydrant_type": "pipe", "fire_hydrant_diameter": null, "fire_hydrant_pressure": "suction", "fire_hydrant_couplings": null, "fire_hydrant_position": "green", "water_source": "groundwater", "water_tank_volume": null, "capacity": null, "diameter": null, "pressure": null, "source": null, "lon": 9.7524637, "lat": 53.5460913 }, "geometry": { "type": "Point", "coordinates": [ 9.7524637, 53.5460913 ] } },
{ "type": "Feature", "properties": { "osm_type": "node", "osm_id": 12966008026, "category": "suction", "type_de": "Saugrohr/Sauganschluss", "all_tags": { "emergency": "fire_hydrant", "fire_hydrant:position": "green", "fire_hydrant:pressure": "suction", "fire_hydrant:type": "pipe", "water_source": "groundwater" }, "name": null, "ref": null, "operator": null, "access": null, "description": null, "note": null, "check_date": null, "fire_hydrant_type": "pipe", "fire_hydrant_diameter": null, "fire_hydrant_pressure": "suction", "fire_hydrant_couplings": null, "fire_hydrant_position": "green", "water_source": "groundwater", "water_tank_volume": null, "capacity": null, "diameter": null, "pressure": null, "source": null, "lon": 9.7598938, "lat": 53.5459434 }, "geometry": { "type": "Point", "coordinates": [ 9.7598938, 53.5459434 ] } },
{ "type": "Feature", "properties": { "osm_type": "node", "osm_id": 12966057343, "category": "suction", "type_de": "Saugrohr/Sauganschluss", "all_tags": { "emergency": "fire_hydrant", "fire_hydrant:position": "green", "fire_hydrant:pressure": "suction", "fire_hydrant:type": "pipe", "water_source": "groundwater" }, "name": null, "ref": null, "operator": null, "access": null, "description": null, "note": null, "check_date": null, "fire_hydrant_type": "pipe", "fire_hydrant_diameter": null, "fire_hydrant_pressure": "suction", "fire_hydrant_couplings": null, "fire_hydrant_position": "green", "water_source": "groundwater", "water_tank_volume": null, "capacity": null, "diameter": null, "pressure": null, "source": null, "lon": 9.768032, "lat": 53.5443072 }, "geometry": { "type": "Point", "coordinates": [ 9.768032, 53.5443072 ] } },
{ "type": "Feature", "properties": { "osm_type": "node", "osm_id": 12966057344, "category": "suction", "type_de": "Saugrohr/Sauganschluss", "all_tags": { "emergency": "fire_hydrant", "fire_hydrant:position": "green", "fire_hydrant:pressure": "suction", "fire_hydrant:type": "pipe", "water_source": "groundwater" }, "name": null, "ref": null, "operator": null, "access": null, "description": null, "note": null, "check_date": null, "fire_hydrant_type": "pipe", "fire_hydrant_diameter": null, "fire_hydrant_pressure": "suction", "fire_hydrant_couplings": null, "fire_hydrant_position": "green", "water_source": "groundwater", "water_tank_volume": null, "capacity": null, "diameter": null, "pressure": null, "source": null, "lon": 9.7678573, "lat": 53.5444698 }, "geometry": { "type": "Point", "coordinates": [ 9.7678573, 53.5444698 ] } },
{ "type": "Feature", "properties": { "osm_type": "node", "osm_id": 13094578301, "category": "suction", "type_de": "Saugrohr/Sauganschluss", "all_tags": { "emergency": "fire_hydrant", "fire_hydrant:position": "green", "fire_hydrant:pressure": "suction", "fire_hydrant:type": "pipe", "water_source": "groundwater" }, "name": null, "ref": null, "operator": null, "access": null, "description": null, "note": null, "check_date": null, "fire_hydrant_type": "pipe", "fire_hydrant_diameter": null, "fire_hydrant_pressure": "suction", "fire_hydrant_couplings": null, "fire_hydrant_position": "green", "water_source": "groundwater", "water_tank_volume": null, "capacity": null, "diameter": null, "pressure": null, "source": null, "lon": 9.7046814, "lat": 53.5375825 }, "geometry": { "type": "Point", "coordinates": [ 9.7046814, 53.5375825 ] } },
{ "type": "Feature", "properties": { "osm_type": "node", "osm_id": 13127617193, "category": "suction", "type_de": "Saugrohr/Sauganschluss", "all_tags": { "emergency": "fire_hydrant", "fire_hydrant:position": "green", "fire_hydrant:pressure": "suction", "fire_hydrant:type": "pipe", "water_source": "groundwater" }, "name": null, "ref": null, "operator": null, "access": null, "description": null, "note": null, "check_date": null, "fire_hydrant_type": "pipe", "fire_hydrant_diameter": null, "fire_hydrant_pressure": "suction", "fire_hydrant_couplings": null, "fire_hydrant_position": "green", "water_source": "groundwater", "water_tank_volume": null, "capacity": null, "diameter": null, "pressure": null, "source": null, "lon": 9.6800322, "lat": 53.5429121 }, "geometry": { "type": "Point", "coordinates": [ 9.6800322, 53.5429121 ] } },
{ "type": "Feature", "properties": { "osm_type": "node", "osm_id": 13127617194, "category": "suction", "type_de": "Saugrohr/Sauganschluss", "all_tags": { "emergency": "fire_hydrant", "fire_hydrant:position": "green", "fire_hydrant:pressure": "suction", "fire_hydrant:type": "pipe", "water_source": "groundwater" }, "name": null, "ref": null, "operator": null, "access": null, "description": null, "note": null, "check_date": null, "fire_hydrant_type": "pipe", "fire_hydrant_diameter": null, "fire_hydrant_pressure": "suction", "fire_hydrant_couplings": null, "fire_hydrant_position": "green", "water_source": "groundwater", "water_tank_volume": null, "capacity": null, "diameter": null, "pressure": null, "source": null, "lon": 9.6700131, "lat": 53.5473308 }, "geometry": { "type": "Point", "coordinates": [ 9.6700131, 53.5473308 ] } },
{ "type": "Feature", "properties": { "osm_type": "node", "osm_id": 13127716458, "category": "suction", "type_de": "Saugrohr/Sauganschluss", "all_tags": { "emergency": "fire_hydrant", "fire_hydrant:position": "green", "fire_hydrant:pressure": "suction", "fire_hydrant:type": "pipe", "water_source": "groundwater" }, "name": null, "ref": null, "operator": null, "access": null, "description": null, "note": null, "check_date": null, "fire_hydrant_type": "pipe", "fire_hydrant_diameter": null, "fire_hydrant_pressure": "suction", "fire_hydrant_couplings": null, "fire_hydrant_position": "green", "water_source": "groundwater", "water_tank_volume": null, "capacity": null, "diameter": null, "pressure": null, "source": null, "lon": 9.6585272, "lat": 53.5568471 }, "geometry": { "type": "Point", "coordinates": [ 9.6585272, 53.5568471 ] } },
{ "type": "Feature", "properties": { "osm_type": "node", "osm_id": 13127716459, "category": "suction", "type_de": "Saugrohr/Sauganschluss", "all_tags": { "emergency": "fire_hydrant", "fire_hydrant:position": "green", "fire_hydrant:pressure": "suction", "fire_hydrant:type": "pipe", "water_source": "groundwater" }, "name": null, "ref": null, "operator": null, "access": null, "description": null, "note": null, "check_date": null, "fire_hydrant_type": "pipe", "fire_hydrant_diameter": null, "fire_hydrant_pressure": "suction", "fire_hydrant_couplings": null, "fire_hydrant_position": "green", "water_source": "groundwater", "water_tank_volume": null, "capacity": null, "diameter": null, "pressure": null, "source": null, "lon": 9.6615111, "lat": 53.5533298 }, "geometry": { "type": "Point", "coordinates": [ 9.6615111, 53.5533298 ] } },
{ "type": "Feature", "properties": { "osm_type": "node", "osm_id": 13127716461, "category": "suction", "type_de": "Saugrohr/Sauganschluss", "all_tags": { "emergency": "fire_hydrant", "fire_hydrant:position": "green", "fire_hydrant:pressure": "suction", "fire_hydrant:type": "pipe", "water_source": "groundwater" }, "name": null, "ref": null, "operator": null, "access": null, "description": null, "note": null, "check_date": null, "fire_hydrant_type": "pipe", "fire_hydrant_diameter": null, "fire_hydrant_pressure": "suction", "fire_hydrant_couplings": null, "fire_hydrant_position": "green", "water_source": "groundwater", "water_tank_volume": null, "capacity": null, "diameter": null, "pressure": null, "source": null, "lon": 9.6646506, "lat": 53.5507351 }, "geometry": { "type": "Point", "coordinates": [ 9.6646506, 53.5507351 ] } },
{ "type": "Feature", "properties": { "osm_type": "node", "osm_id": 13176729899, "category": "suction", "type_de": "Saugrohr/Sauganschluss", "all_tags": { "emergency": "fire_hydrant", "fire_hydrant:position": "green", "fire_hydrant:pressure": "suction", "fire_hydrant:type": "pipe", "water_source": "groundwater" }, "name": null, "ref": null, "operator": null, "access": null, "description": null, "note": null, "check_date": null, "fire_hydrant_type": "pipe", "fire_hydrant_diameter": null, "fire_hydrant_pressure": "suction", "fire_hydrant_couplings": null, "fire_hydrant_position": "green", "water_source": "groundwater", "water_tank_volume": null, "capacity": null, "diameter": null, "pressure": null, "source": null, "lon": 9.6507645, "lat": 53.5646303 }, "geometry": { "type": "Point", "coordinates": [ 9.6507645, 53.5646303 ] } },
{ "type": "Feature", "properties": { "osm_type": "node", "osm_id": 13176788803, "category": "suction", "type_de": "Saugrohr/Sauganschluss", "all_tags": { "emergency": "fire_hydrant", "fire_hydrant:position": "green", "fire_hydrant:pressure": "suction", "fire_hydrant:type": "pipe", "water_source": "groundwater" }, "name": null, "ref": null, "operator": null, "access": null, "description": null, "note": null, "check_date": null, "fire_hydrant_type": "pipe", "fire_hydrant_diameter": null, "fire_hydrant_pressure": "suction", "fire_hydrant_couplings": null, "fire_hydrant_position": "green", "water_source": "groundwater", "water_tank_volume": null, "capacity": null, "diameter": null, "pressure": null, "source": null, "lon": 9.6392267, "lat": 53.5689746 }, "geometry": { "type": "Point", "coordinates": [ 9.6392267, 53.5689746 ] } },
{ "type": "Feature", "properties": { "osm_type": "node", "osm_id": 13176788804, "category": "suction", "type_de": "Saugrohr/Sauganschluss", "all_tags": { "emergency": "fire_hydrant", "fire_hydrant:position": "green", "fire_hydrant:pressure": "suction", "fire_hydrant:type": "pipe", "water_source": "groundwater" }, "name": null, "ref": null, "operator": null, "access": null, "description": null, "note": null, "check_date": null, "fire_hydrant_type": "pipe", "fire_hydrant_diameter": null, "fire_hydrant_pressure": "suction", "fire_hydrant_couplings": null, "fire_hydrant_position": "green", "water_source": "groundwater", "water_tank_volume": null, "capacity": null, "diameter": null, "pressure": null, "source": null, "lon": 9.6341741, "lat": 53.5709131 }, "geometry": { "type": "Point", "coordinates": [ 9.6341741, 53.5709131 ] } },
{ "type": "Feature", "properties": { "osm_type": "node", "osm_id": 13176788806, "category": "suction", "type_de": "Saugrohr/Sauganschluss", "all_tags": { "emergency": "fire_hydrant", "fire_hydrant:position": "green", "fire_hydrant:pressure": "suction", "fire_hydrant:type": "pipe", "water_source": "groundwater" }, "name": null, "ref": null, "operator": null, "access": null, "description": null, "note": null, "check_date": null, "fire_hydrant_type": "pipe", "fire_hydrant_diameter": null, "fire_hydrant_pressure": "suction", "fire_hydrant_couplings": null, "fire_hydrant_position": "green", "water_source": "groundwater", "water_tank_volume": null, "capacity": null, "diameter": null, "pressure": null, "source": null, "lon": 9.6453878, "lat": 53.5673742 }, "geometry": { "type": "Point", "coordinates": [ 9.6453878, 53.5673742 ] } },
{ "type": "Feature", "properties": { "osm_type": "node", "osm_id": 13176788808, "category": "suction", "type_de": "Saugrohr/Sauganschluss", "all_tags": { "emergency": "fire_hydrant", "fire_hydrant:position": "green", "fire_hydrant:pressure": "suction", "fire_hydrant:type": "pipe", "water_source": "groundwater" }, "name": null, "ref": null, "operator": null, "access": null, "description": null, "note": null, "check_date": null, "fire_hydrant_type": "pipe", "fire_hydrant_diameter": null, "fire_hydrant_pressure": "suction", "fire_hydrant_couplings": null, "fire_hydrant_position": "green", "water_source": "groundwater", "water_tank_volume": null, "capacity": null, "diameter": null, "pressure": null, "source": null, "lon": 9.6536255, "lat": 53.5621936 }, "geometry": { "type": "Point", "coordinates": [ 9.6536255, 53.5621936 ] } },
{ "type": "Feature", "properties": { "osm_type": "node", "osm_id": 13176788810, "category": "suction", "type_de": "Saugrohr/Sauganschluss", "all_tags": { "emergency": "fire_hydrant", "fire_hydrant:position": "green", "fire_hydrant:pressure": "suction", "fire_hydrant:type": "pipe", "water_source": "groundwater" }, "name": null, "ref": null, "operator": null, "access": null, "description": null, "note": null, "check_date": null, "fire_hydrant_type": "pipe", "fire_hydrant_diameter": null, "fire_hydrant_pressure": "suction", "fire_hydrant_couplings": null, "fire_hydrant_position": "green", "water_source": "groundwater", "water_tank_volume": null, "capacity": null, "diameter": null, "pressure": null, "source": null, "lon": 9.6363703, "lat": 53.5700805 }, "geometry": { "type": "Point", "coordinates": [ 9.6363703, 53.5700805 ] } },
{ "type": "Feature", "properties": { "osm_type": "node", "osm_id": 13299659178, "category": "suction", "type_de": "Saugrohr/Sauganschluss", "all_tags": { "emergency": "fire_hydrant", "fire_hydrant:position": "green", "fire_hydrant:pressure": "suction", "fire_hydrant:type": "pipe", "water_source": "groundwater" }, "name": null, "ref": null, "operator": null, "access": null, "description": null, "note": null, "check_date": null, "fire_hydrant_type": "pipe", "fire_hydrant_diameter": null, "fire_hydrant_pressure": "suction", "fire_hydrant_couplings": null, "fire_hydrant_position": "green", "water_source": "groundwater", "water_tank_volume": null, "capacity": null, "diameter": null, "pressure": null, "source": null, "lon": 9.6350933, "lat": 53.5647217 }, "geometry": { "type": "Point", "coordinates": [ 9.6350933, 53.5647217 ] } },
{ "type": "Feature", "properties": { "osm_type": "node", "osm_id": 13362348931, "category": "suction", "type_de": "Saugstelle", "all_tags": { "emergency": "suction_point" }, "name": null, "ref": null, "operator": null, "access": null, "description": null, "note": null, "check_date": null, "fire_hydrant_type": null, "fire_hydrant_diameter": null, "fire_hydrant_pressure": null, "fire_hydrant_couplings": null, "fire_hydrant_position": null, "water_source": null, "water_tank_volume": null, "capacity": null, "diameter": null, "pressure": null, "source": null, "lon": 9.3989169, "lat": 53.5015818 }, "geometry": { "type": "Point", "coordinates": [ 9.3989169, 53.5015818 ] } },
{ "type": "Feature", "properties": { "osm_type": "node", "osm_id": 13395337742, "category": "suction", "type_de": "Saugrohr/Sauganschluss", "all_tags": { "emergency": "fire_hydrant", "fire_hydrant:position": "green", "fire_hydrant:pressure": "suction", "fire_hydrant:type": "pipe", "water_source": "groundwater" }, "name": null, "ref": null, "operator": null, "access": null, "description": null, "note": null, "check_date": null, "fire_hydrant_type": "pipe", "fire_hydrant_diameter": null, "fire_hydrant_pressure": "suction", "fire_hydrant_couplings": null, "fire_hydrant_position": "green", "water_source": "groundwater", "water_tank_volume": null, "capacity": null, "diameter": null, "pressure": null, "source": null, "lon": 9.7425198, "lat": 53.5452411 }, "geometry": { "type": "Point", "coordinates": [ 9.7425198, 53.5452411 ] } },
{ "type": "Feature", "properties": { "osm_type": "node", "osm_id": 13415852092, "category": "suction", "type_de": "Saugrohr/Sauganschluss", "all_tags": { "emergency": "fire_hydrant", "fire_hydrant:position": "green", "fire_hydrant:pressure": "suction", "fire_hydrant:type": "pipe", "water_source": "groundwater" }, "name": null, "ref": null, "operator": null, "access": null, "description": null, "note": null, "check_date": null, "fire_hydrant_type": "pipe", "fire_hydrant_diameter": null, "fire_hydrant_pressure": "suction", "fire_hydrant_couplings": null, "fire_hydrant_position": "green", "water_source": "groundwater", "water_tank_volume": null, "capacity": null, "diameter": null, "pressure": null, "source": null, "lon": 9.6837651, "lat": 53.5410606 }, "geometry": { "type": "Point", "coordinates": [ 9.6837651, 53.5410606 ] } },
{ "type": "Feature", "properties": { "osm_type": "node", "osm_id": 13955313590, "category": "suction", "type_de": "Saugrohr/Sauganschluss", "all_tags": { "emergency": "fire_hydrant", "fire_hydrant:position": "green", "fire_hydrant:pressure": "suction", "fire_hydrant:type": "pipe", "water_source": "groundwater" }, "name": null, "ref": null, "operator": null, "access": null, "description": null, "note": null, "check_date": null, "fire_hydrant_type": "pipe", "fire_hydrant_diameter": null, "fire_hydrant_pressure": "suction", "fire_hydrant_couplings": null, "fire_hydrant_position": "green", "water_source": "groundwater", "water_tank_volume": null, "capacity": null, "diameter": null, "pressure": null, "source": null, "lon": 9.6871835, "lat": 53.5464806 }, "geometry": { "type": "Point", "coordinates": [ 9.6871835, 53.5464806 ] } }
]
}
