{
"type": "FeatureCollection",
"name": "sonstige_wasserstellen",
"features": [
{ "type": "Feature", "properties": { "osm_type": "node", "osm_id": 323466024, "category": "other", "type_de": "Sonstige Löschwasser-/Wasserstelle", "all_tags": { "content": "slurry", "man_made": "storage_tank" }, "name": null, "ref": null, "operator": null, "access": null, "description": null, "note": null, "check_date": null, "fire_hydrant_type": null, "fire_hydrant_diameter": null, "fire_hydrant_pressure": null, "fire_hydrant_couplings": null, "fire_hydrant_position": null, "water_source": null, "water_tank_volume": null, "capacity": null, "diameter": null, "pressure": null, "source": null, "lon": 9.2864889, "lat": 53.7215129 }, "geometry": { "type": "Point", "coordinates": [ 9.2864889, 53.7215129 ] } },
{ "type": "Feature", "properties": { "osm_type": "node", "osm_id": 3510447536, "category": "other", "type_de": "Sonstige Wasserstelle: drinking_water", "all_tags": { "amenity": "drinking_water", "check_date": "2025-09-19 00:00:00", "fee": "yes", "man_made": "water_tap" }, "name": null, "ref": null, "operator": null, "access": null, "description": null, "note": null, "check_date": "2025-09-19T00:00:00", "fire_hydrant_type": null, "fire_hydrant_diameter": null, "fire_hydrant_pressure": null, "fire_hydrant_couplings": null, "fire_hydrant_position": null, "water_source": null, "water_tank_volume": null, "capacity": null, "diameter": null, "pressure": null, "source": null, "lon": 9.6948946, "lat": 53.4713099 }, "geometry": { "type": "Point", "coordinates": [ 9.6948946, 53.4713099 ] } },
{ "type": "Feature", "properties": { "osm_type": "node", "osm_id": 7684684007, "category": "other", "type_de": "Sonstige Wasserstelle: drinking_water", "all_tags": { "access": "yes", "amenity": "drinking_water", "bottle": "yes", "fee": "no", "fountain": "bubbler", "indoor": "no", "operator": "Stackmann", "wheelchair": "yes" }, "name": null, "ref": null, "operator": "Stackmann", "access": "yes", "description": null, "note": null, "check_date": null, "fire_hydrant_type": null, "fire_hydrant_diameter": null, "fire_hydrant_pressure": null, "fire_hydrant_couplings": null, "fire_hydrant_position": null, "water_source": null, "water_tank_volume": null, "capacity": null, "diameter": null, "pressure": null, "source": null, "lon": 9.6983091, "lat": 53.4756649 }, "geometry": { "type": "Point", "coordinates": [ 9.6983091, 53.4756649 ] } },
{ "type": "Feature", "properties": { "osm_type": "node", "osm_id": 7732459988, "category": "other", "type_de": "Sonstige Wasserstelle: drinking_water", "all_tags": { "access": "yes", "amenity": "drinking_water", "bottle": "yes", "fee": "no", "indoor": "no", "operator": "TWV Stader Land", "wheelchair": "limited" }, "name": null, "ref": null, "operator": "TWV Stader Land", "access": "yes", "description": null, "note": null, "check_date": null, "fire_hydrant_type": null, "fire_hydrant_diameter": null, "fire_hydrant_pressure": null, "fire_hydrant_couplings": null, "fire_hydrant_position": null, "water_source": null, "water_tank_volume": null, "capacity": null, "diameter": null, "pressure": null, "source": null, "lon": 9.5576731, "lat": 53.5362489 }, "geometry": { "type": "Point", "coordinates": [ 9.5576731, 53.5362489 ] } },
{ "type": "Feature", "properties": { "osm_type": "node", "osm_id": 8951978005, "category": "other", "type_de": "Sonstige Wasserstelle: drinking_water", "all_tags": { "amenity": "drinking_water", "bottle": "yes", "fee": "no", "wheelchair": "yes" }, "name": null, "ref": null, "operator": null, "access": null, "description": null, "note": null, "check_date": null, "fire_hydrant_type": null, "fire_hydrant_diameter": null, "fire_hydrant_pressure": null, "fire_hydrant_couplings": null, "fire_hydrant_position": null, "water_source": null, "water_tank_volume": null, "capacity": null, "diameter": null, "pressure": null, "source": null, "lon": 9.1704738, "lat": 53.597161 }, "geometry": { "type": "Point", "coordinates": [ 9.1704738, 53.597161 ] } },
{ "type": "Feature", "properties": { "osm_type": "node", "osm_id": 9879349831, "category": "other", "type_de": "Sonstige Wasserstelle: drinking_water", "all_tags": { "amenity": "drinking_water" }, "name": null, "ref": null, "operator": null, "access": null, "description": null, "note": null, "check_date": null, "fire_hydrant_type": null, "fire_hydrant_diameter": null, "fire_hydrant_pressure": null, "fire_hydrant_couplings": null, "fire_hydrant_position": null, "water_source": null, "water_tank_volume": null, "capacity": null, "diameter": null, "pressure": null, "source": null, "lon": 9.6143, "lat": 53.5422435 }, "geometry": { "type": "Point", "coordinates": [ 9.6143, 53.5422435 ] } },
{ "type": "Feature", "properties": { "osm_type": "node", "osm_id": 9924597561, "category": "other", "type_de": "Sonstige Löschwasser-/Wasserstelle", "all_tags": { "content": "gas", "man_made": "storage_tank" }, "name": null, "ref": null, "operator": null, "access": null, "description": null, "note": null, "check_date": null, "fire_hydrant_type": null, "fire_hydrant_diameter": null, "fire_hydrant_pressure": null, "fire_hydrant_couplings": null, "fire_hydrant_position": null, "water_source": null, "water_tank_volume": null, "capacity": null, "diameter": null, "pressure": null, "source": null, "lon": 9.5976841, "lat": 53.3716842 }, "geometry": { "type": "Point", "coordinates": [ 9.5976841, 53.3716842 ] } },
{ "type": "Feature", "properties": { "osm_type": "node", "osm_id": 10603773097, "category": "other", "type_de": "Sonstige Löschwasser-/Wasserstelle", "all_tags": { "capacity": "1.21 KWh", "industrial": "gas", "landuse": "industrial", "man_made": "storage_tank", "name": "UGS Harsefeld", "operational_status": "operational", "operator": "Storengy Deutschland GmbH", "operator:short": "Storengy Deutschland", "ref:EU:ENTSOE_EIC": "21W000000000092T", "start_date": "2011-01-01 00:00:00" }, "name": "UGS Harsefeld", "ref": null, "operator": "Storengy Deutschland GmbH", "access": null, "description": null, "note": null, "check_date": null, "fire_hydrant_type": null, "fire_hydrant_diameter": null, "fire_hydrant_pressure": null, "fire_hydrant_couplings": null, "fire_hydrant_position": null, "water_source": null, "water_tank_volume": null, "capacity": "1.21 KWh", "diameter": null, "pressure": null, "source": null, "lon": 9.4828318, "lat": 53.4359385 }, "geometry": { "type": "Point", "coordinates": [ 9.4828318, 53.4359385 ] } },
{ "type": "Feature", "properties": { "osm_type": "node", "osm_id": 11162650832, "category": "other", "type_de": "Sonstige Wasserstelle: drinking_water", "all_tags": { "amenity": "drinking_water", "fountain": "bubbler" }, "name": null, "ref": null, "operator": null, "access": null, "description": null, "note": null, "check_date": null, "fire_hydrant_type": null, "fire_hydrant_diameter": null, "fire_hydrant_pressure": null, "fire_hydrant_couplings": null, "fire_hydrant_position": null, "water_source": null, "water_tank_volume": null, "capacity": null, "diameter": null, "pressure": null, "source": null, "lon": 9.4357914, "lat": 53.5970331 }, "geometry": { "type": "Point", "coordinates": [ 9.4357914, 53.5970331 ] } },
{ "type": "Feature", "properties": { "osm_type": "node", "osm_id": 11579525987, "category": "other", "type_de": "Sonstige Wasserstelle: drinking_water", "all_tags": { "amenity": "drinking_water" }, "name": null, "ref": null, "operator": null, "access": null, "description": null, "note": null, "check_date": null, "fire_hydrant_type": null, "fire_hydrant_diameter": null, "fire_hydrant_pressure": null, "fire_hydrant_couplings": null, "fire_hydrant_position": null, "water_source": null, "water_tank_volume": null, "capacity": null, "diameter": null, "pressure": null, "source": null, "lon": 9.7029602, "lat": 53.4763481 }, "geometry": { "type": "Point", "coordinates": [ 9.7029602, 53.4763481 ] } },
{ "type": "Feature", "properties": { "osm_type": "node", "osm_id": 12973049485, "category": "other", "type_de": "Sonstige Wasserstelle: drinking_water", "all_tags": { "access": "yes", "amenity": "drinking_water", "fee": "no", "operator": "Flecken Harsefeld", "wheelchair": "yes" }, "name": null, "ref": null, "operator": "Flecken Harsefeld", "access": "yes", "description": null, "note": null, "check_date": null, "fire_hydrant_type": null, "fire_hydrant_diameter": null, "fire_hydrant_pressure": null, "fire_hydrant_couplings": null, "fire_hydrant_position": null, "water_source": null, "water_tank_volume": null, "capacity": null, "diameter": null, "pressure": null, "source": null, "lon": 9.5009429, "lat": 53.4523823 }, "geometry": { "type": "Point", "coordinates": [ 9.5009429, 53.4523823 ] } },
{ "type": "Feature", "properties": { "osm_type": "node", "osm_id": 13266835078, "category": "other", "type_de": "Sonstige Wasserstelle: drinking_water", "all_tags": { "amenity": "drinking_water", "fountain": "bubbler" }, "name": null, "ref": null, "operator": null, "access": null, "description": null, "note": null, "check_date": null, "fire_hydrant_type": null, "fire_hydrant_diameter": null, "fire_hydrant_pressure": null, "fire_hydrant_couplings": null, "fire_hydrant_position": null, "water_source": null, "water_tank_volume": null, "capacity": null, "diameter": null, "pressure": null, "source": null, "lon": 9.5829874, "lat": 53.5084957 }, "geometry": { "type": "Point", "coordinates": [ 9.5829874, 53.5084957 ] } },
{ "type": "Feature", "properties": { "osm_type": "node", "osm_id": 13440202845, "category": "other", "type_de": "Sonstige Wasserstelle: drinking_water", "all_tags": { "amenity": "drinking_water" }, "name": null, "ref": null, "operator": null, "access": null, "description": null, "note": null, "check_date": null, "fire_hydrant_type": null, "fire_hydrant_diameter": null, "fire_hydrant_pressure": null, "fire_hydrant_couplings": null, "fire_hydrant_position": null, "water_source": null, "water_tank_volume": null, "capacity": null, "diameter": null, "pressure": null, "source": null, "lon": 9.6159178, "lat": 53.5418582 }, "geometry": { "type": "Point", "coordinates": [ 9.6159178, 53.5418582 ] } },
{ "type": "Feature", "properties": { "osm_type": "node", "osm_id": 13440202846, "category": "other", "type_de": "Sonstige Wasserstelle: drinking_water", "all_tags": { "amenity": "drinking_water" }, "name": null, "ref": null, "operator": null, "access": null, "description": null, "note": null, "check_date": null, "fire_hydrant_type": null, "fire_hydrant_diameter": null, "fire_hydrant_pressure": null, "fire_hydrant_couplings": null, "fire_hydrant_position": null, "water_source": null, "water_tank_volume": null, "capacity": null, "diameter": null, "pressure": null, "source": null, "lon": 9.6144124, "lat": 53.5420443 }, "geometry": { "type": "Point", "coordinates": [ 9.6144124, 53.5420443 ] } },
{ "type": "Feature", "properties": { "osm_type": "node", "osm_id": 13440202847, "category": "other", "type_de": "Sonstige Wasserstelle: drinking_water", "all_tags": { "amenity": "drinking_water" }, "name": null, "ref": null, "operator": null, "access": null, "description": null, "note": null, "check_date": null, "fire_hydrant_type": null, "fire_hydrant_diameter": null, "fire_hydrant_pressure": null, "fire_hydrant_couplings": null, "fire_hydrant_position": null, "water_source": null, "water_tank_volume": null, "capacity": null, "diameter": null, "pressure": null, "source": null, "lon": 9.615036, "lat": 53.5419658 }, "geometry": { "type": "Point", "coordinates": [ 9.615036, 53.5419658 ] } },
{ "type": "Feature", "properties": { "osm_type": "node", "osm_id": 13440202848, "category": "other", "type_de": "Sonstige Wasserstelle: drinking_water", "all_tags": { "amenity": "drinking_water" }, "name": null, "ref": null, "operator": null, "access": null, "description": null, "note": null, "check_date": null, "fire_hydrant_type": null, "fire_hydrant_diameter": null, "fire_hydrant_pressure": null, "fire_hydrant_couplings": null, "fire_hydrant_position": null, "water_source": null, "water_tank_volume": null, "capacity": null, "diameter": null, "pressure": null, "source": null, "lon": 9.6152486, "lat": 53.5421467 }, "geometry": { "type": "Point", "coordinates": [ 9.6152486, 53.5421467 ] } },
{ "type": "Feature", "properties": { "osm_type": "node", "osm_id": 13625385148, "category": "other", "type_de": "Sonstige Wasserstelle: drinking_water", "all_tags": { "amenity": "drinking_water" }, "name": null, "ref": null, "operator": null, "access": null, "description": null, "note": null, "check_date": null, "fire_hydrant_type": null, "fire_hydrant_diameter": null, "fire_hydrant_pressure": null, "fire_hydrant_couplings": null, "fire_hydrant_position": null, "water_source": null, "water_tank_volume": null, "capacity": null, "diameter": null, "pressure": null, "source": null, "lon": 9.6144871, "lat": 53.5415083 }, "geometry": { "type": "Point", "coordinates": [ 9.6144871, 53.5415083 ] } },
{ "type": "Feature", "properties": { "osm_type": "node", "osm_id": 13625385149, "category": "other", "type_de": "Sonstige Wasserstelle: drinking_water", "all_tags": { "amenity": "drinking_water" }, "name": null, "ref": null, "operator": null, "access": null, "description": null, "note": null, "check_date": null, "fire_hydrant_type": null, "fire_hydrant_diameter": null, "fire_hydrant_pressure": null, "fire_hydrant_couplings": null, "fire_hydrant_position": null, "water_source": null, "water_tank_volume": null, "capacity": null, "diameter": null, "pressure": null, "source": null, "lon": 9.6138031, "lat": 53.5417095 }, "geometry": { "type": "Point", "coordinates": [ 9.6138031, 53.5417095 ] } },
{ "type": "Feature", "properties": { "osm_type": "node", "osm_id": 13625385150, "category": "other", "type_de": "Sonstige Wasserstelle: drinking_water", "all_tags": { "amenity": "drinking_water" }, "name": null, "ref": null, "operator": null, "access": null, "description": null, "note": null, "check_date": null, "fire_hydrant_type": null, "fire_hydrant_diameter": null, "fire_hydrant_pressure": null, "fire_hydrant_couplings": null, "fire_hydrant_position": null, "water_source": null, "water_tank_volume": null, "capacity": null, "diameter": null, "pressure": null, "source": null, "lon": 9.614054, "lat": 53.5416989 }, "geometry": { "type": "Point", "coordinates": [ 9.614054, 53.5416989 ] } },
{ "type": "Feature", "properties": { "osm_type": "node", "osm_id": 13626542877, "category": "other", "type_de": "Sonstige Wasserstelle: drinking_water", "all_tags": { "amenity": "drinking_water" }, "name": null, "ref": null, "operator": null, "access": null, "description": null, "note": null, "check_date": null, "fire_hydrant_type": null, "fire_hydrant_diameter": null, "fire_hydrant_pressure": null, "fire_hydrant_couplings": null, "fire_hydrant_position": null, "water_source": null, "water_tank_volume": null, "capacity": null, "diameter": null, "pressure": null, "source": null, "lon": 9.616237, "lat": 53.5413339 }, "geometry": { "type": "Point", "coordinates": [ 9.616237, 53.5413339 ] } },
{ "type": "Feature", "properties": { "osm_type": "node", "osm_id": 13626542878, "category": "other", "type_de": "Sonstige Wasserstelle: drinking_water", "all_tags": { "amenity": "drinking_water" }, "name": null, "ref": null, "operator": null, "access": null, "description": null, "note": null, "check_date": null, "fire_hydrant_type": null, "fire_hydrant_diameter": null, "fire_hydrant_pressure": null, "fire_hydrant_couplings": null, "fire_hydrant_position": null, "water_source": null, "water_tank_volume": null, "capacity": null, "diameter": null, "pressure": null, "source": null, "lon": 9.6153049, "lat": 53.5415498 }, "geometry": { "type": "Point", "coordinates": [ 9.6153049, 53.5415498 ] } },
{ "type": "Feature", "properties": { "osm_type": "node", "osm_id": 13669792645, "category": "other", "type_de": "Sonstige Löschwasser-/Wasserstelle", "all_tags": { "man_made": "storage_tank" }, "name": null, "ref": null, "operator": null, "access": null, "description": null, "note": null, "check_date": null, "fire_hydrant_type": null, "fire_hydrant_diameter": null, "fire_hydrant_pressure": null, "fire_hydrant_couplings": null, "fire_hydrant_position": null, "water_source": null, "water_tank_volume": null, "capacity": null, "diameter": null, "pressure": null, "source": null, "lon": 9.5028597, "lat": 53.5769894 }, "geometry": { "type": "Point", "coordinates": [ 9.5028597, 53.5769894 ] } },
{ "type": "Feature", "properties": { "osm_type": "node", "osm_id": 13700725244, "category": "other", "type_de": "Sonstige Löschwasser-/Wasserstelle", "all_tags": { "content": "gas", "man_made": "storage_tank" }, "name": null, "ref": null, "operator": null, "access": null, "description": null, "note": null, "check_date": null, "fire_hydrant_type": null, "fire_hydrant_diameter": null, "fire_hydrant_pressure": null, "fire_hydrant_couplings": null, "fire_hydrant_position": null, "water_source": null, "water_tank_volume": null, "capacity": null, "diameter": null, "pressure": null, "source": null, "lon": 9.4418151, "lat": 53.5954153 }, "geometry": { "type": "Point", "coordinates": [ 9.4418151, 53.5954153 ] } },
{ "type": "Feature", "properties": { "osm_type": "node", "osm_id": 13825419456, "category": "other", "type_de": "Sonstige Wasserstelle: drinking_water", "all_tags": { "access": "yes", "amenity": "drinking_water", "fee": "no", "fountain": "bubbler", "wheelchair": "yes" }, "name": null, "ref": null, "operator": null, "access": "yes", "description": null, "note": null, "check_date": null, "fire_hydrant_type": null, "fire_hydrant_diameter": null, "fire_hydrant_pressure": null, "fire_hydrant_couplings": null, "fire_hydrant_position": null, "water_source": null, "water_tank_volume": null, "capacity": null, "diameter": null, "pressure": null, "source": null, "lon": 9.4760885, "lat": 53.6026671 }, "geometry": { "type": "Point", "coordinates": [ 9.4760885, 53.6026671 ] } },
{ "type": "Feature", "properties": { "osm_type": "way", "osm_id": 127226042, "category": "other", "type_de": "Sonstige Löschwasser-/Wasserstelle", "all_tags": { "content": "sewage", "man_made": "storage_tank" }, "name": null, "ref": null, "operator": null, "access": null, "description": null, "note": null, "check_date": null, "fire_hydrant_type": null, "fire_hydrant_diameter": null, "fire_hydrant_pressure": null, "fire_hydrant_couplings": null, "fire_hydrant_position": null, "water_source": null, "water_tank_volume": null, "capacity": null, "diameter": null, "pressure": null, "source": null, "lon": 9.1915223, "lat": 53.5898114 }, "geometry": { "type": "LineString", "coordinates": [ [ 9.191533, 53.5899579 ], [ 9.1914258, 53.589926 ], [ 9.1913936, 53.5898624 ], [ 9.1914472, 53.5898242 ], [ 9.1915223, 53.5898114 ], [ 9.1915878, 53.5898229 ], [ 9.1916521, 53.5898738 ], [ 9.1916199, 53.5899311 ], [ 9.191533, 53.5899579 ] ] } },
{ "type": "Feature", "properties": { "osm_type": "way", "osm_id": 127226055, "category": "other", "type_de": "Sonstige Löschwasser-/Wasserstelle", "all_tags": { "content": "sewage", "man_made": "storage_tank" }, "name": null, "ref": null, "operator": null, "access": null, "description": null, "note": null, "check_date": null, "fire_hydrant_type": null, "fire_hydrant_diameter": null, "fire_hydrant_pressure": null, "fire_hydrant_couplings": null, "fire_hydrant_position": null, "water_source": null, "water_tank_volume": null, "capacity": null, "diameter": null, "pressure": null, "source": null, "lon": 9.1949771, "lat": 53.5932105 }, "geometry": { "type": "LineString", "coordinates": [ [ 9.1950316, 53.593379 ], [ 9.1949312, 53.5933834 ], [ 9.194837, 53.5933365 ], [ 9.1948236, 53.593288 ], [ 9.1948629, 53.5932382 ], [ 9.1949771, 53.5932105 ], [ 9.1950895, 53.5932455 ], [ 9.1951175, 53.5933129 ], [ 9.1950316, 53.593379 ] ] } },
{ "type": "Feature", "properties": { "osm_type": "way", "osm_id": 127239431, "category": "other", "type_de": "Sonstige Löschwasser-/Wasserstelle", "all_tags": { "content": "sewage", "man_made": "storage_tank" }, "name": null, "ref": null, "operator": null, "access": null, "description": null, "note": null, "check_date": null, "fire_hydrant_type": null, "fire_hydrant_diameter": null, "fire_hydrant_pressure": null, "fire_hydrant_couplings": null, "fire_hydrant_position": null, "water_source": null, "water_tank_volume": null, "capacity": null, "diameter": null, "pressure": null, "source": null, "lon": 9.2013923, "lat": 53.5671357 }, "geometry": { "type": "LineString", "coordinates": [ [ 9.2014338, 53.5672971 ], [ 9.2013117, 53.5672918 ], [ 9.2012426, 53.5672319 ], [ 9.2012784, 53.5671624 ], [ 9.2013923, 53.5671357 ], [ 9.2014984, 53.5671719 ], [ 9.2015169, 53.5672437 ], [ 9.2014338, 53.5672971 ] ] } },
{ "type": "Feature", "properties": { "osm_type": "way", "osm_id": 137967957, "category": "other", "type_de": "Sonstige Löschwasser-/Wasserstelle", "all_tags": { "building": "yes", "man_made": "storage_tank" }, "name": null, "ref": null, "operator": null, "access": null, "description": null, "note": null, "check_date": null, "fire_hydrant_type": null, "fire_hydrant_diameter": null, "fire_hydrant_pressure": null, "fire_hydrant_couplings": null, "fire_hydrant_position": null, "water_source": null, "water_tank_volume": null, "capacity": null, "diameter": null, "pressure": null, "source": null, "lon": 9.2388437, "lat": 53.8276202 }, "geometry": { "type": "LineString", "coordinates": [ [ 9.2388425, 53.8277656 ], [ 9.2388959, 53.8277585 ], [ 9.2389389, 53.8277385 ], [ 9.238963, 53.8277094 ], [ 9.2389632, 53.8276771 ], [ 9.2389397, 53.8276479 ], [ 9.2388971, 53.8276276 ], [ 9.2388437, 53.8276202 ], [ 9.2387902, 53.8276273 ], [ 9.2387472, 53.8276473 ], [ 9.2387232, 53.8276764 ], [ 9.2387229, 53.8277087 ], [ 9.2387464, 53.8277379 ], [ 9.2387891, 53.8277582 ], [ 9.2388425, 53.8277656 ] ] } },
{ "type": "Feature", "properties": { "osm_type": "way", "osm_id": 149417385, "category": "other", "type_de": "Sonstige Löschwasser-/Wasserstelle", "all_tags": { "content": "slurry", "man_made": "storage_tank" }, "name": null, "ref": null, "operator": null, "access": null, "description": null, "note": null, "check_date": null, "fire_hydrant_type": null, "fire_hydrant_diameter": null, "fire_hydrant_pressure": null, "fire_hydrant_couplings": null, "fire_hydrant_position": null, "water_source": null, "water_tank_volume": null, "capacity": null, "diameter": null, "pressure": null, "source": null, "lon": 9.3357497, "lat": 53.7171451 }, "geometry": { "type": "LineString", "coordinates": [ [ 9.3357063, 53.7173143 ], [ 9.3358067, 53.7173129 ], [ 9.3358821, 53.7172736 ], [ 9.3358971, 53.7172148 ], [ 9.3358448, 53.7171641 ], [ 9.3357497, 53.7171451 ], [ 9.3356561, 53.7171668 ], [ 9.335608, 53.7172189 ], [ 9.3356278, 53.7172772 ], [ 9.3357063, 53.7173143 ] ] } },
{ "type": "Feature", "properties": { "osm_type": "way", "osm_id": 156616508, "category": "other", "type_de": "Sonstige Löschwasser-/Wasserstelle", "all_tags": { "building": "farm_auxiliary", "content": "slurry", "man_made": "storage_tank" }, "name": null, "ref": null, "operator": null, "access": null, "description": null, "note": null, "check_date": null, "fire_hydrant_type": null, "fire_hydrant_diameter": null, "fire_hydrant_pressure": null, "fire_hydrant_couplings": null, "fire_hydrant_position": null, "water_source": null, "water_tank_volume": null, "capacity": null, "diameter": null, "pressure": null, "source": null, "lon": 9.3799597, "lat": 53.620283 }, "geometry": { "type": "LineString", "coordinates": [ [ 9.3797967, 53.6203564 ], [ 9.3797885, 53.6203855 ], [ 9.3797942, 53.6204148 ], [ 9.3798134, 53.620442 ], [ 9.3798446, 53.620465 ], [ 9.3798853, 53.620482 ], [ 9.3799324, 53.6204916 ], [ 9.3799821, 53.620493 ], [ 9.3800267, 53.6204871 ], [ 9.3800673, 53.6204746 ], [ 9.3801011, 53.6204564 ], [ 9.380126, 53.6204336 ], [ 9.3801403, 53.6204079 ], [ 9.380143, 53.6203808 ], [ 9.3801309, 53.6203494 ], [ 9.3801034, 53.6203216 ], [ 9.380063, 53.6203001 ], [ 9.3800136, 53.6202868 ], [ 9.3799597, 53.620283 ], [ 9.3799063, 53.620289 ], [ 9.3798586, 53.6203043 ], [ 9.3798209, 53.6203275 ], [ 9.3797967, 53.6203564 ] ] } },
{ "type": "Feature", "properties": { "osm_type": "way", "osm_id": 159388757, "category": "other", "type_de": "Sonstige Löschwasser-/Wasserstelle", "all_tags": { "content": "slurry", "man_made": "storage_tank" }, "name": null, "ref": null, "operator": null, "access": null, "description": null, "note": null, "check_date": null, "fire_hydrant_type": null, "fire_hydrant_diameter": null, "fire_hydrant_pressure": null, "fire_hydrant_couplings": null, "fire_hydrant_position": null, "water_source": null, "water_tank_volume": null, "capacity": null, "diameter": null, "pressure": null, "source": null, "lon": 9.448982, "lat": 53.5672434 }, "geometry": { "type": "LineString", "coordinates": [ [ 9.4488805, 53.5673662 ], [ 9.4489131, 53.5673848 ], [ 9.4489544, 53.5673957 ], [ 9.4489995, 53.5673975 ], [ 9.4490429, 53.56739 ], [ 9.4490664, 53.5673812 ], [ 9.4490964, 53.5673612 ], [ 9.4491131, 53.5673362 ], [ 9.4491107, 53.5672993 ], [ 9.4490909, 53.5672752 ], [ 9.4490583, 53.5672565 ], [ 9.4490267, 53.5672473 ], [ 9.448982, 53.5672434 ], [ 9.4489377, 53.5672488 ], [ 9.4488935, 53.5672661 ], [ 9.4488676, 53.5672881 ], [ 9.448856, 53.567314 ], [ 9.44886, 53.5673407 ], [ 9.4488805, 53.5673662 ] ] } },
{ "type": "Feature", "properties": { "osm_type": "way", "osm_id": 169831573, "category": "other", "type_de": "Sonstige Löschwasser-/Wasserstelle", "all_tags": { "building": "yes", "building:type": "silo", "building:use": "storage", "man_made": "storage_tank" }, "name": null, "ref": null, "operator": null, "access": null, "description": null, "note": null, "check_date": null, "fire_hydrant_type": null, "fire_hydrant_diameter": null, "fire_hydrant_pressure": null, "fire_hydrant_couplings": null, "fire_hydrant_position": null, "water_source": null, "water_tank_volume": null, "capacity": null, "diameter": null, "pressure": null, "source": null, "lon": 9.4373835, "lat": 53.5493017 }, "geometry": { "type": "LineString", "coordinates": [ [ 9.4374445, 53.5493321 ], [ 9.4374417, 53.5493259 ], [ 9.4374372, 53.5493201 ], [ 9.437431, 53.5493148 ], [ 9.4374233, 53.5493103 ], [ 9.4374145, 53.5493066 ], [ 9.4374047, 53.5493039 ], [ 9.4373942, 53.5493022 ], [ 9.4373835, 53.5493017 ], [ 9.4373727, 53.5493022 ], [ 9.4373623, 53.5493039 ], [ 9.4373525, 53.5493066 ], [ 9.4373436, 53.5493103 ], [ 9.437336, 53.5493148 ], [ 9.4373298, 53.5493201 ], [ 9.4373252, 53.5493259 ], [ 9.4373224, 53.5493321 ], [ 9.4373215, 53.5493385 ], [ 9.4373224, 53.5493449 ], [ 9.4373252, 53.5493511 ], [ 9.4373298, 53.5493569 ], [ 9.437336, 53.5493622 ], [ 9.4373436, 53.5493667 ], [ 9.4373525, 53.5493704 ], [ 9.4373623, 53.5493731 ], [ 9.4373727, 53.5493748 ], [ 9.4373835, 53.5493754 ], [ 9.4373942, 53.5493748 ], [ 9.4374047, 53.5493731 ], [ 9.4374145, 53.5493704 ], [ 9.4374233, 53.5493667 ], [ 9.437431, 53.5493622 ], [ 9.4374372, 53.5493569 ], [ 9.4374417, 53.5493511 ], [ 9.4374445, 53.5493449 ], [ 9.4374455, 53.5493385 ], [ 9.4374445, 53.5493321 ] ] } },
{ "type": "Feature", "properties": { "osm_type": "way", "osm_id": 169831574, "category": "other", "type_de": "Sonstige Löschwasser-/Wasserstelle", "all_tags": { "building": "yes", "building:type": "silo", "building:use": "storage", "man_made": "storage_tank" }, "name": null, "ref": null, "operator": null, "access": null, "description": null, "note": null, "check_date": null, "fire_hydrant_type": null, "fire_hydrant_diameter": null, "fire_hydrant_pressure": null, "fire_hydrant_couplings": null, "fire_hydrant_position": null, "water_source": null, "water_tank_volume": null, "capacity": null, "diameter": null, "pressure": null, "source": null, "lon": 9.4372443, "lat": 53.5489143 }, "geometry": { "type": "LineString", "coordinates": [ [ 9.4373042, 53.5488718 ], [ 9.4373015, 53.5488657 ], [ 9.437297, 53.54886 ], [ 9.4372909, 53.5488549 ], [ 9.4372834, 53.5488504 ], [ 9.4372747, 53.5488468 ], [ 9.4372651, 53.5488441 ], [ 9.4372549, 53.5488425 ], [ 9.4372443, 53.5488419 ], [ 9.4372337, 53.5488425 ], [ 9.4372235, 53.5488441 ], [ 9.4372138, 53.5488468 ], [ 9.4372052, 53.5488504 ], [ 9.4371977, 53.5488549 ], [ 9.4371916, 53.54886 ], [ 9.4371871, 53.5488657 ], [ 9.4371843, 53.5488718 ], [ 9.4371834, 53.5488781 ], [ 9.4371843, 53.5488844 ], [ 9.4371871, 53.5488905 ], [ 9.4371916, 53.5488962 ], [ 9.4371977, 53.5489014 ], [ 9.4372052, 53.5489058 ], [ 9.4372138, 53.5489094 ], [ 9.4372235, 53.5489121 ], [ 9.4372337, 53.5489137 ], [ 9.4372443, 53.5489143 ], [ 9.4372549, 53.5489137 ], [ 9.4372651, 53.5489121 ], [ 9.4372747, 53.5489094 ], [ 9.4372834, 53.5489058 ], [ 9.4372909, 53.5489014 ], [ 9.437297, 53.5488962 ], [ 9.4373015, 53.5488905 ], [ 9.4373042, 53.5488844 ], [ 9.4373052, 53.5488781 ], [ 9.4373042, 53.5488718 ] ] } },
{ "type": "Feature", "properties": { "osm_type": "way", "osm_id": 169831575, "category": "other", "type_de": "Sonstige Löschwasser-/Wasserstelle", "all_tags": { "building": "yes", "building:type": "silo", "building:use": "storage", "man_made": "storage_tank" }, "name": null, "ref": null, "operator": null, "access": null, "description": null, "note": null, "check_date": null, "fire_hydrant_type": null, "fire_hydrant_diameter": null, "fire_hydrant_pressure": null, "fire_hydrant_couplings": null, "fire_hydrant_position": null, "water_source": null, "water_tank_volume": null, "capacity": null, "diameter": null, "pressure": null, "source": null, "lon": 9.4371609, "lat": 53.5493688 }, "geometry": { "type": "LineString", "coordinates": [ [ 9.4373329, 53.5494545 ], [ 9.4373251, 53.5494371 ], [ 9.4373122, 53.5494207 ], [ 9.4372947, 53.5494059 ], [ 9.4372732, 53.5493931 ], [ 9.4372483, 53.5493827 ], [ 9.4372207, 53.549375 ], [ 9.4371912, 53.5493704 ], [ 9.4371609, 53.5493688 ], [ 9.4371306, 53.5493704 ], [ 9.4371012, 53.549375 ], [ 9.4370736, 53.5493827 ], [ 9.4370486, 53.5493931 ], [ 9.4370271, 53.5494059 ], [ 9.4370096, 53.5494207 ], [ 9.4369968, 53.5494371 ], [ 9.4369889, 53.5494545 ], [ 9.4369862, 53.5494726 ], [ 9.4369889, 53.5494906 ], [ 9.4369968, 53.5495081 ], [ 9.4370096, 53.5495245 ], [ 9.4370271, 53.5495393 ], [ 9.4370486, 53.5495521 ], [ 9.4370736, 53.5495624 ], [ 9.4371012, 53.5495701 ], [ 9.4371306, 53.5495748 ], [ 9.4371609, 53.5495764 ], [ 9.4371912, 53.5495748 ], [ 9.4372207, 53.5495701 ], [ 9.4372483, 53.5495624 ], [ 9.4372732, 53.5495521 ], [ 9.4372947, 53.5495393 ], [ 9.4373122, 53.5495245 ], [ 9.4373251, 53.5495081 ], [ 9.4373329, 53.5494906 ], [ 9.4373356, 53.5494726 ], [ 9.4373329, 53.5494545 ] ] } },
{ "type": "Feature", "properties": { "osm_type": "way", "osm_id": 171917037, "category": "other", "type_de": "Sonstige Löschwasser-/Wasserstelle", "all_tags": { "building": "yes", "content": "slurry", "man_made": "storage_tank" }, "name": null, "ref": null, "operator": null, "access": null, "description": null, "note": null, "check_date": null, "fire_hydrant_type": null, "fire_hydrant_diameter": null, "fire_hydrant_pressure": null, "fire_hydrant_couplings": null, "fire_hydrant_position": null, "water_source": null, "water_tank_volume": null, "capacity": null, "diameter": null, "pressure": null, "source": null, "lon": 9.4207095, "lat": 53.431271 }, "geometry": { "type": "LineString", "coordinates": [ [ 9.4205585, 53.431129 ], [ 9.4205437, 53.4311611 ], [ 9.4205474, 53.4311943 ], [ 9.4205692, 53.431225 ], [ 9.4206067, 53.4312496 ], [ 9.4206557, 53.4312656 ], [ 9.4207095, 53.431271 ], [ 9.4207633, 53.4312659 ], [ 9.4208116, 53.4312508 ], [ 9.4208491, 53.4312272 ], [ 9.4208719, 53.4311977 ], [ 9.4208776, 53.4311654 ], [ 9.4208656, 53.4311337 ], [ 9.4208372, 53.431106 ], [ 9.4207953, 53.4310852 ], [ 9.4207445, 53.4310735 ], [ 9.4206887, 53.4310722 ], [ 9.4206352, 53.431082 ], [ 9.4205902, 53.4311016 ], [ 9.4205585, 53.431129 ] ] } },
{ "type": "Feature", "properties": { "osm_type": "way", "osm_id": 171917045, "category": "other", "type_de": "Sonstige Löschwasser-/Wasserstelle", "all_tags": { "building": "yes", "content": "slurry", "man_made": "storage_tank" }, "name": null, "ref": null, "operator": null, "access": null, "description": null, "note": null, "check_date": null, "fire_hydrant_type": null, "fire_hydrant_diameter": null, "fire_hydrant_pressure": null, "fire_hydrant_couplings": null, "fire_hydrant_position": null, "water_source": null, "water_tank_volume": null, "capacity": null, "diameter": null, "pressure": null, "source": null, "lon": 9.4203739, "lat": 53.4300586 }, "geometry": { "type": "LineString", "coordinates": [ [ 9.4202887, 53.4300762 ], [ 9.4202573, 53.4300959 ], [ 9.420238, 53.4301206 ], [ 9.4202327, 53.4301476 ], [ 9.420242, 53.4301743 ], [ 9.4202649, 53.4301978 ], [ 9.4203014, 53.4302167 ], [ 9.4203464, 53.4302273 ], [ 9.4203948, 53.4302284 ], [ 9.420441, 53.4302197 ], [ 9.4204797, 53.4302024 ], [ 9.4205065, 53.4301784 ], [ 9.4205184, 53.4301505 ], [ 9.4205139, 53.4301217 ], [ 9.4204936, 53.4300956 ], [ 9.4204598, 53.4300749 ], [ 9.4204191, 53.4300626 ], [ 9.4203739, 53.4300586 ], [ 9.4203289, 53.4300633 ], [ 9.4202887, 53.4300762 ] ] } },
{ "type": "Feature", "properties": { "osm_type": "way", "osm_id": 172419779, "category": "other", "type_de": "Sonstige Löschwasser-/Wasserstelle", "all_tags": { "building": "yes", "content": "slurry", "man_made": "storage_tank" }, "name": null, "ref": null, "operator": null, "access": null, "description": null, "note": null, "check_date": null, "fire_hydrant_type": null, "fire_hydrant_diameter": null, "fire_hydrant_pressure": null, "fire_hydrant_couplings": null, "fire_hydrant_position": null, "water_source": null, "water_tank_volume": null, "capacity": null, "diameter": null, "pressure": null, "source": null, "lon": 9.3988521, "lat": 53.4316182 }, "geometry": { "type": "LineString", "coordinates": [ [ 9.3987501, 53.431445 ], [ 9.3987164, 53.4314712 ], [ 9.3986988, 53.4315024 ], [ 9.3986992, 53.4315354 ], [ 9.3987175, 53.4315665 ], [ 9.3987518, 53.4315924 ], [ 9.3987983, 53.4316103 ], [ 9.3988521, 53.4316182 ], [ 9.3989073, 53.4316152 ], [ 9.3989579, 53.4316018 ], [ 9.3989984, 53.4315793 ], [ 9.3990244, 53.4315501 ], [ 9.3990331, 53.4315175 ], [ 9.3990236, 53.431485 ], [ 9.3989969, 53.4314561 ], [ 9.3989558, 53.4314339 ], [ 9.398905, 53.4314209 ], [ 9.3988498, 53.4314184 ], [ 9.3987962, 53.4314268 ], [ 9.3987501, 53.431445 ] ] } },
{ "type": "Feature", "properties": { "osm_type": "way", "osm_id": 175069910, "category": "other", "type_de": "Sonstige Löschwasser-/Wasserstelle", "all_tags": { "content": "slurry", "man_made": "storage_tank" }, "name": null, "ref": null, "operator": null, "access": null, "description": null, "note": null, "check_date": null, "fire_hydrant_type": null, "fire_hydrant_diameter": null, "fire_hydrant_pressure": null, "fire_hydrant_couplings": null, "fire_hydrant_position": null, "water_source": null, "water_tank_volume": null, "capacity": null, "diameter": null, "pressure": null, "source": null, "lon": 9.4216504, "lat": 53.5149417 }, "geometry": { "type": "LineString", "coordinates": [ [ 9.4216168, 53.5147136 ], [ 9.4215572, 53.5147195 ], [ 9.4215036, 53.5147361 ], [ 9.4214613, 53.5147617 ], [ 9.4214343, 53.5147939 ], [ 9.4214253, 53.5148294 ], [ 9.4214373, 53.5148683 ], [ 9.4214707, 53.5149024 ], [ 9.4215216, 53.5149278 ], [ 9.4215839, 53.5149414 ], [ 9.4216504, 53.5149417 ], [ 9.421713, 53.5149286 ], [ 9.4217645, 53.5149036 ], [ 9.4217987, 53.5148698 ], [ 9.4218116, 53.514831 ], [ 9.4218017, 53.514792 ], [ 9.4217738, 53.5147601 ], [ 9.4217307, 53.5147349 ], [ 9.4216766, 53.5147189 ], [ 9.4216168, 53.5147136 ] ] } },
{ "type": "Feature", "properties": { "osm_type": "way", "osm_id": 175951982, "category": "other", "type_de": "Sonstige Löschwasser-/Wasserstelle", "all_tags": { "man_made": "storage_tank" }, "name": null, "ref": null, "operator": null, "access": null, "description": null, "note": null, "check_date": null, "fire_hydrant_type": null, "fire_hydrant_diameter": null, "fire_hydrant_pressure": null, "fire_hydrant_couplings": null, "fire_hydrant_position": null, "water_source": null, "water_tank_volume": null, "capacity": null, "diameter": null, "pressure": null, "source": null, "lon": 9.3569821, "lat": 53.5320156 }, "geometry": { "type": "LineString", "coordinates": [ [ 9.3571158, 53.531921 ], [ 9.3571096, 53.5319074 ], [ 9.3570996, 53.5318946 ], [ 9.3570861, 53.5318831 ], [ 9.3570694, 53.5318732 ], [ 9.35705, 53.5318651 ], [ 9.3570286, 53.5318592 ], [ 9.3570057, 53.5318555 ], [ 9.3569821, 53.5318543 ], [ 9.3569586, 53.5318555 ], [ 9.3569357, 53.5318592 ], [ 9.3569143, 53.5318651 ], [ 9.3568949, 53.5318732 ], [ 9.3568782, 53.5318831 ], [ 9.3568646, 53.5318946 ], [ 9.3568547, 53.5319074 ], [ 9.3568485, 53.531921 ], [ 9.3568465, 53.531935 ], [ 9.3568485, 53.531949 ], [ 9.3568547, 53.5319625 ], [ 9.3568646, 53.5319753 ], [ 9.3568782, 53.5319868 ], [ 9.3568949, 53.5319967 ], [ 9.3569143, 53.5320048 ], [ 9.3569357, 53.5320107 ], [ 9.3569586, 53.5320144 ], [ 9.3569821, 53.5320156 ], [ 9.3570057, 53.5320144 ], [ 9.3570286, 53.5320107 ], [ 9.35705, 53.5320048 ], [ 9.3570694, 53.5319967 ], [ 9.3570861, 53.5319868 ], [ 9.3570996, 53.5319753 ], [ 9.3571096, 53.5319625 ], [ 9.3571158, 53.531949 ], [ 9.3571178, 53.531935 ], [ 9.3571158, 53.531921 ] ] } },
{ "type": "Feature", "properties": { "osm_type": "way", "osm_id": 177298122, "category": "other", "type_de": "Sonstige Löschwasser-/Wasserstelle", "all_tags": { "man_made": "storage_tank" }, "name": null, "ref": null, "operator": null, "access": null, "description": null, "note": null, "check_date": null, "fire_hydrant_type": null, "fire_hydrant_diameter": null, "fire_hydrant_pressure": null, "fire_hydrant_couplings": null, "fire_hydrant_position": null, "water_source": null, "water_tank_volume": null, "capacity": null, "diameter": null, "pressure": null, "source": null, "lon": 9.5572452, "lat": 53.504371 }, "geometry": { "type": "LineString", "coordinates": [ [ 9.5572092, 53.504365 ], [ 9.5572452, 53.504371 ], [ 9.5572823, 53.5043693 ], [ 9.5573135, 53.5043612 ], [ 9.557341, 53.5043461 ], [ 9.5573577, 53.5043272 ], [ 9.5573629, 53.5043052 ], [ 9.5573524, 53.5042798 ], [ 9.5573307, 53.5042618 ], [ 9.5573015, 53.5042497 ], [ 9.5572655, 53.5042438 ], [ 9.5572208, 53.504247 ], [ 9.5571881, 53.5042577 ], [ 9.557162, 53.5042761 ], [ 9.5571496, 53.504297 ], [ 9.5571516, 53.5043233 ], [ 9.557167, 53.5043435 ], [ 9.5571931, 53.5043593 ], [ 9.5572092, 53.504365 ] ] } },
{ "type": "Feature", "properties": { "osm_type": "way", "osm_id": 177813741, "category": "other", "type_de": "Sonstige Löschwasser-/Wasserstelle", "all_tags": { "building": "yes", "man_made": "storage_tank" }, "name": null, "ref": null, "operator": null, "access": null, "description": null, "note": null, "check_date": null, "fire_hydrant_type": null, "fire_hydrant_diameter": null, "fire_hydrant_pressure": null, "fire_hydrant_couplings": null, "fire_hydrant_position": null, "water_source": null, "water_tank_volume": null, "capacity": null, "diameter": null, "pressure": null, "source": null, "lon": 9.4658109, "lat": 53.551204 }, "geometry": { "type": "LineString", "coordinates": [ [ 9.4656831, 53.5511267 ], [ 9.4656863, 53.5511512 ], [ 9.4657035, 53.5511735 ], [ 9.4657324, 53.5511911 ], [ 9.4657697, 53.5512016 ], [ 9.4658109, 53.551204 ], [ 9.4658471, 53.5511988 ], [ 9.4658788, 53.5511873 ], [ 9.465903, 53.5511704 ], [ 9.4659173, 53.55115 ], [ 9.4659202, 53.5511279 ], [ 9.4659115, 53.5511064 ], [ 9.465892, 53.5510876 ], [ 9.4658637, 53.5510732 ], [ 9.4658293, 53.5510647 ], [ 9.4657922, 53.551063 ], [ 9.4657522, 53.5510692 ], [ 9.4657181, 53.5510831 ], [ 9.4656941, 53.5511031 ], [ 9.4656831, 53.5511267 ] ] } },
{ "type": "Feature", "properties": { "osm_type": "way", "osm_id": 183192927, "category": "other", "type_de": "Sonstige Löschwasser-/Wasserstelle", "all_tags": { "building": "farm_auxiliary", "content": "slurry", "man_made": "storage_tank" }, "name": null, "ref": null, "operator": null, "access": null, "description": null, "note": null, "check_date": null, "fire_hydrant_type": null, "fire_hydrant_diameter": null, "fire_hydrant_pressure": null, "fire_hydrant_couplings": null, "fire_hydrant_position": null, "water_source": null, "water_tank_volume": null, "capacity": null, "diameter": null, "pressure": null, "source": null, "lon": 9.6301688, "lat": 53.4708469 }, "geometry": { "type": "LineString", "coordinates": [ [ 9.6300617, 53.4707479 ], [ 9.6300516, 53.4707703 ], [ 9.6300544, 53.4707935 ], [ 9.6300698, 53.4708148 ], [ 9.6300961, 53.470832 ], [ 9.6301304, 53.4708431 ], [ 9.6301688, 53.4708469 ], [ 9.6302073, 53.470843 ], [ 9.6302406, 53.4708323 ], [ 9.6302664, 53.4708158 ], [ 9.630282, 53.4707953 ], [ 9.6302859, 53.4707729 ], [ 9.6302777, 53.4707509 ], [ 9.630253, 53.4707282 ], [ 9.6302157, 53.4707128 ], [ 9.6301714, 53.470707 ], [ 9.6301266, 53.4707116 ], [ 9.6300882, 53.4707259 ], [ 9.6300617, 53.4707479 ] ] } },
{ "type": "Feature", "properties": { "osm_type": "way", "osm_id": 188251059, "category": "other", "type_de": "Sonstige Löschwasser-/Wasserstelle", "all_tags": { "building": "yes", "man_made": "storage_tank" }, "name": null, "ref": null, "operator": null, "access": null, "description": null, "note": null, "check_date": null, "fire_hydrant_type": null, "fire_hydrant_diameter": null, "fire_hydrant_pressure": null, "fire_hydrant_couplings": null, "fire_hydrant_position": null, "water_source": null, "water_tank_volume": null, "capacity": null, "diameter": null, "pressure": null, "source": null, "lon": 9.5486134, "lat": 53.5073642 }, "geometry": { "type": "LineString", "coordinates": [ [ 9.5485683, 53.5075122 ], [ 9.5486125, 53.5075218 ], [ 9.5486592, 53.5075219 ], [ 9.5487032, 53.5075125 ], [ 9.5487387, 53.5074949 ], [ 9.5487667, 53.5074626 ], [ 9.5487703, 53.5074353 ], [ 9.5487577, 53.5074085 ], [ 9.5487302, 53.5073856 ], [ 9.5487045, 53.507374 ], [ 9.5486601, 53.5073643 ], [ 9.5486134, 53.5073642 ], [ 9.5485697, 53.5073735 ], [ 9.5485286, 53.5073951 ], [ 9.5485076, 53.5074197 ], [ 9.5485019, 53.5074473 ], [ 9.5485125, 53.5074744 ], [ 9.5485381, 53.5074978 ], [ 9.5485683, 53.5075122 ] ] } },
{ "type": "Feature", "properties": { "osm_type": "way", "osm_id": 188251060, "category": "other", "type_de": "Sonstige Löschwasser-/Wasserstelle", "all_tags": { "building": "yes", "man_made": "storage_tank" }, "name": null, "ref": null, "operator": null, "access": null, "description": null, "note": null, "check_date": null, "fire_hydrant_type": null, "fire_hydrant_diameter": null, "fire_hydrant_pressure": null, "fire_hydrant_couplings": null, "fire_hydrant_position": null, "water_source": null, "water_tank_volume": null, "capacity": null, "diameter": null, "pressure": null, "source": null, "lon": 9.5487939, "lat": 53.5075139 }, "geometry": { "type": "LineString", "coordinates": [ [ 9.5487478, 53.5076653 ], [ 9.548793, 53.5076752 ], [ 9.5488408, 53.5076753 ], [ 9.5488858, 53.5076657 ], [ 9.5489222, 53.5076476 ], [ 9.5489508, 53.5076147 ], [ 9.5489544, 53.5075866 ], [ 9.5489416, 53.5075592 ], [ 9.5489135, 53.5075358 ], [ 9.5488871, 53.5075239 ], [ 9.5488417, 53.507514 ], [ 9.5487939, 53.5075139 ], [ 9.5487491, 53.5075234 ], [ 9.5487072, 53.5075455 ], [ 9.5486856, 53.5075707 ], [ 9.5486798, 53.5075989 ], [ 9.5486906, 53.5076266 ], [ 9.5487168, 53.5076506 ], [ 9.5487478, 53.5076653 ] ] } },
{ "type": "Feature", "properties": { "osm_type": "way", "osm_id": 217672931, "category": "other", "type_de": "Sonstige Löschwasser-/Wasserstelle", "all_tags": { "man_made": "storage_tank" }, "name": null, "ref": null, "operator": null, "access": null, "description": null, "note": null, "check_date": null, "fire_hydrant_type": null, "fire_hydrant_diameter": null, "fire_hydrant_pressure": null, "fire_hydrant_couplings": null, "fire_hydrant_position": null, "water_source": null, "water_tank_volume": null, "capacity": null, "diameter": null, "pressure": null, "source": null, "lon": 9.6027573, "lat": 53.4918795 }, "geometry": { "type": "LineString", "coordinates": [ [ 9.6025892, 53.4920649 ], [ 9.6026405, 53.4920891 ], [ 9.6027026, 53.4921013 ], [ 9.6027681, 53.4921002 ], [ 9.6028289, 53.4920858 ], [ 9.6028778, 53.4920599 ], [ 9.6029088, 53.4920257 ], [ 9.6029183, 53.4919871 ], [ 9.6029051, 53.491949 ], [ 9.6028708, 53.4919159 ], [ 9.6028194, 53.4918917 ], [ 9.6027573, 53.4918795 ], [ 9.6026919, 53.4918806 ], [ 9.6026311, 53.491895 ], [ 9.6025822, 53.4919208 ], [ 9.6025511, 53.4919551 ], [ 9.6025416, 53.4919936 ], [ 9.6025548, 53.4920318 ], [ 9.6025892, 53.4920649 ] ] } },
{ "type": "Feature", "properties": { "osm_type": "way", "osm_id": 221328591, "category": "other", "type_de": "Sonstige Löschwasser-/Wasserstelle", "all_tags": { "building": "farm_auxiliary", "content": "slurry", "man_made": "storage_tank" }, "name": null, "ref": null, "operator": null, "access": null, "description": null, "note": null, "check_date": null, "fire_hydrant_type": null, "fire_hydrant_diameter": null, "fire_hydrant_pressure": null, "fire_hydrant_couplings": null, "fire_hydrant_position": null, "water_source": null, "water_tank_volume": null, "capacity": null, "diameter": null, "pressure": null, "source": null, "lon": 9.4912776, "lat": 53.398623 }, "geometry": { "type": "LineString", "coordinates": [ [ 9.4914008, 53.3985493 ], [ 9.491391, 53.3985261 ], [ 9.4913686, 53.3985063 ], [ 9.4913361, 53.3984922 ], [ 9.4912975, 53.3984856 ], [ 9.4912575, 53.3984873 ], [ 9.4912241, 53.3984957 ], [ 9.4911968, 53.3985099 ], [ 9.4911781, 53.3985284 ], [ 9.4911699, 53.3985494 ], [ 9.4911731, 53.398571 ], [ 9.4911873, 53.3985908 ], [ 9.4912111, 53.3986071 ], [ 9.4912422, 53.3986182 ], [ 9.4912776, 53.398623 ], [ 9.4913137, 53.3986211 ], [ 9.4913503, 53.3986113 ], [ 9.4913791, 53.3985946 ], [ 9.4913966, 53.3985731 ], [ 9.4914008, 53.3985493 ] ] } },
{ "type": "Feature", "properties": { "osm_type": "way", "osm_id": 221328601, "category": "other", "type_de": "Sonstige Löschwasser-/Wasserstelle", "all_tags": { "building": "yes", "content": "slurry", "man_made": "storage_tank" }, "name": null, "ref": null, "operator": null, "access": null, "description": null, "note": null, "check_date": null, "fire_hydrant_type": null, "fire_hydrant_diameter": null, "fire_hydrant_pressure": null, "fire_hydrant_couplings": null, "fire_hydrant_position": null, "water_source": null, "water_tank_volume": null, "capacity": null, "diameter": null, "pressure": null, "source": null, "lon": 9.4730928, "lat": 53.4011903 }, "geometry": { "type": "LineString", "coordinates": [ [ 9.4729843, 53.4011562 ], [ 9.4730928, 53.4011903 ], [ 9.4731887, 53.4011719 ], [ 9.4732433, 53.4011075 ], [ 9.4732145, 53.4010529 ], [ 9.4731275, 53.4010203 ], [ 9.4730101, 53.4010372 ], [ 9.4729569, 53.4010919 ], [ 9.4729843, 53.4011562 ] ] } },
{ "type": "Feature", "properties": { "osm_type": "way", "osm_id": 221328602, "category": "other", "type_de": "Sonstige Löschwasser-/Wasserstelle", "all_tags": { "building": "yes", "content": "slurry", "man_made": "storage_tank" }, "name": null, "ref": null, "operator": null, "access": null, "description": null, "note": null, "check_date": null, "fire_hydrant_type": null, "fire_hydrant_diameter": null, "fire_hydrant_pressure": null, "fire_hydrant_couplings": null, "fire_hydrant_position": null, "water_source": null, "water_tank_volume": null, "capacity": null, "diameter": null, "pressure": null, "source": null, "lon": 9.4733394, "lat": 53.4013748 }, "geometry": { "type": "LineString", "coordinates": [ [ 9.4732886, 53.4012253 ], [ 9.4732283, 53.4012746 ], [ 9.4732474, 53.4013398 ], [ 9.4733394, 53.4013748 ], [ 9.4734329, 53.4013635 ], [ 9.4734933, 53.4013141 ], [ 9.4734741, 53.401249 ], [ 9.4733898, 53.4012149 ], [ 9.4732886, 53.4012253 ] ] } },
{ "type": "Feature", "properties": { "osm_type": "way", "osm_id": 221328603, "category": "other", "type_de": "Sonstige Löschwasser-/Wasserstelle", "all_tags": { "building": "farm_auxiliary", "content": "slurry", "man_made": "storage_tank", "material": "concrete" }, "name": null, "ref": null, "operator": null, "access": null, "description": null, "note": null, "check_date": null, "fire_hydrant_type": null, "fire_hydrant_diameter": null, "fire_hydrant_pressure": null, "fire_hydrant_couplings": null, "fire_hydrant_position": null, "water_source": null, "water_tank_volume": null, "capacity": null, "diameter": null, "pressure": null, "source": null, "lon": 9.4675912, "lat": 53.4126039 }, "geometry": { "type": "LineString", "coordinates": [ [ 9.4677271, 53.412548 ], [ 9.4677313, 53.4125215 ], [ 9.4677201, 53.4124958 ], [ 9.4676948, 53.4124738 ], [ 9.4676585, 53.4124584 ], [ 9.4676156, 53.4124513 ], [ 9.4675753, 53.4124527 ], [ 9.4675378, 53.4124615 ], [ 9.4675067, 53.4124768 ], [ 9.4674851, 53.412497 ], [ 9.467475, 53.4125203 ], [ 9.4674775, 53.4125443 ], [ 9.4674923, 53.4125666 ], [ 9.4675181, 53.4125851 ], [ 9.4675521, 53.412598 ], [ 9.4675912, 53.4126039 ], [ 9.4676356, 53.4126017 ], [ 9.4676762, 53.4125907 ], [ 9.4677079, 53.412572 ], [ 9.4677271, 53.412548 ] ] } },
{ "type": "Feature", "properties": { "osm_type": "way", "osm_id": 221328604, "category": "other", "type_de": "Sonstige Löschwasser-/Wasserstelle", "all_tags": { "building": "farm_auxiliary", "content": "slurry", "man_made": "storage_tank" }, "name": null, "ref": null, "operator": null, "access": null, "description": null, "note": null, "check_date": null, "fire_hydrant_type": null, "fire_hydrant_diameter": null, "fire_hydrant_pressure": null, "fire_hydrant_couplings": null, "fire_hydrant_position": null, "water_source": null, "water_tank_volume": null, "capacity": null, "diameter": null, "pressure": null, "source": null, "lon": 9.500189, "lat": 53.3877537 }, "geometry": { "type": "LineString", "coordinates": [ [ 9.5002187, 53.3875727 ], [ 9.5001671, 53.3875722 ], [ 9.5001181, 53.3875819 ], [ 9.5000773, 53.3876007 ], [ 9.5000494, 53.3876266 ], [ 9.5000374, 53.3876566 ], [ 9.5000428, 53.3876872 ], [ 9.500065, 53.387715 ], [ 9.5000987, 53.3877356 ], [ 9.5001414, 53.3877489 ], [ 9.500189, 53.3877537 ], [ 9.5002367, 53.3877493 ], [ 9.5002798, 53.3877364 ], [ 9.5003139, 53.3877161 ], [ 9.5003358, 53.3876904 ], [ 9.5003431, 53.3876599 ], [ 9.500333, 53.3876297 ], [ 9.5003067, 53.3876033 ], [ 9.5002671, 53.3875835 ], [ 9.5002187, 53.3875727 ] ] } },
{ "type": "Feature", "properties": { "osm_type": "way", "osm_id": 221809606, "category": "other", "type_de": "Sonstige Löschwasser-/Wasserstelle", "all_tags": { "building": "yes", "content": "slurry", "man_made": "storage_tank" }, "name": null, "ref": null, "operator": null, "access": null, "description": null, "note": null, "check_date": null, "fire_hydrant_type": null, "fire_hydrant_diameter": null, "fire_hydrant_pressure": null, "fire_hydrant_couplings": null, "fire_hydrant_position": null, "water_source": null, "water_tank_volume": null, "capacity": null, "diameter": null, "pressure": null, "source": null, "lon": 9.4254551, "lat": 53.3857677 }, "geometry": { "type": "LineString", "coordinates": [ [ 9.425604, 53.3856987 ], [ 9.4256063, 53.3856684 ], [ 9.4255912, 53.3856394 ], [ 9.4255606, 53.3856152 ], [ 9.425518, 53.3855987 ], [ 9.4254685, 53.3855917 ], [ 9.4254221, 53.3855945 ], [ 9.4253795, 53.3856057 ], [ 9.4253448, 53.3856243 ], [ 9.4253217, 53.3856484 ], [ 9.4253122, 53.3856757 ], [ 9.4253175, 53.3857033 ], [ 9.4253369, 53.3857286 ], [ 9.4253686, 53.3857489 ], [ 9.4254094, 53.3857624 ], [ 9.4254551, 53.3857677 ], [ 9.4255055, 53.3857634 ], [ 9.4255504, 53.3857492 ], [ 9.4255846, 53.3857267 ], [ 9.425604, 53.3856987 ] ] } },
{ "type": "Feature", "properties": { "osm_type": "way", "osm_id": 221961962, "category": "other", "type_de": "Sonstige Löschwasser-/Wasserstelle", "all_tags": { "building": "yes", "content": "slurry", "man_made": "storage_tank" }, "name": null, "ref": null, "operator": null, "access": null, "description": null, "note": null, "check_date": null, "fire_hydrant_type": null, "fire_hydrant_diameter": null, "fire_hydrant_pressure": null, "fire_hydrant_couplings": null, "fire_hydrant_position": null, "water_source": null, "water_tank_volume": null, "capacity": null, "diameter": null, "pressure": null, "source": null, "lon": 9.3647558, "lat": 53.5530512 }, "geometry": { "type": "LineString", "coordinates": [ [ 9.3648884, 53.5531459 ], [ 9.3648854, 53.5531187 ], [ 9.3648684, 53.5530934 ], [ 9.3648391, 53.5530724 ], [ 9.3648003, 53.5530579 ], [ 9.3647558, 53.5530512 ], [ 9.36471, 53.553053 ], [ 9.3646632, 53.5530647 ], [ 9.3646258, 53.5530852 ], [ 9.3646026, 53.553112 ], [ 9.3645961, 53.553142 ], [ 9.3646073, 53.5531714 ], [ 9.3646347, 53.5531968 ], [ 9.3646752, 53.5532152 ], [ 9.3647237, 53.5532242 ], [ 9.3647745, 53.5532228 ], [ 9.3648171, 53.5532128 ], [ 9.3648525, 53.5531954 ], [ 9.364877, 53.5531723 ], [ 9.3648884, 53.5531459 ] ] } },
{ "type": "Feature", "properties": { "osm_type": "way", "osm_id": 223425594, "category": "other", "type_de": "Sonstige Löschwasser-/Wasserstelle", "all_tags": { "man_made": "storage_tank" }, "name": null, "ref": null, "operator": null, "access": null, "description": null, "note": null, "check_date": null, "fire_hydrant_type": null, "fire_hydrant_diameter": null, "fire_hydrant_pressure": null, "fire_hydrant_couplings": null, "fire_hydrant_position": null, "water_source": null, "water_tank_volume": null, "capacity": null, "diameter": null, "pressure": null, "source": null, "lon": 9.4756779, "lat": 53.5157297 }, "geometry": { "type": "LineString", "coordinates": [ [ 9.4756502, 53.5157305 ], [ 9.4756093, 53.515739 ], [ 9.4755651, 53.5157636 ], [ 9.4755483, 53.5157874 ], [ 9.4755471, 53.5158164 ], [ 9.4755617, 53.5158406 ], [ 9.4756033, 53.5158664 ], [ 9.4756434, 53.5158762 ], [ 9.4756889, 53.5158771 ], [ 9.4757299, 53.5158688 ], [ 9.4757629, 53.5158532 ], [ 9.4757858, 53.5158313 ], [ 9.4757946, 53.5158068 ], [ 9.4757888, 53.5157813 ], [ 9.475756, 53.5157501 ], [ 9.47572, 53.5157358 ], [ 9.4756779, 53.5157297 ], [ 9.4756502, 53.5157305 ] ] } },
{ "type": "Feature", "properties": { "osm_type": "way", "osm_id": 223425595, "category": "other", "type_de": "Sonstige Löschwasser-/Wasserstelle", "all_tags": { "man_made": "storage_tank" }, "name": null, "ref": null, "operator": null, "access": null, "description": null, "note": null, "check_date": null, "fire_hydrant_type": null, "fire_hydrant_diameter": null, "fire_hydrant_pressure": null, "fire_hydrant_couplings": null, "fire_hydrant_position": null, "water_source": null, "water_tank_volume": null, "capacity": null, "diameter": null, "pressure": null, "source": null, "lon": 9.4759521, "lat": 53.5157174 }, "geometry": { "type": "LineString", "coordinates": [ [ 9.4759713, 53.5158608 ], [ 9.476012, 53.5158545 ], [ 9.4760595, 53.5158312 ], [ 9.4760778, 53.5158087 ], [ 9.476082, 53.5157838 ], [ 9.476077, 53.5157679 ], [ 9.4760578, 53.5157457 ], [ 9.4760313, 53.5157304 ], [ 9.4759933, 53.5157197 ], [ 9.4759521, 53.5157174 ], [ 9.4759114, 53.5157236 ], [ 9.4758703, 53.5157417 ], [ 9.4758486, 53.5157631 ], [ 9.4758406, 53.5157934 ], [ 9.4758503, 53.5158177 ], [ 9.4758804, 53.5158426 ], [ 9.4759161, 53.5158559 ], [ 9.4759713, 53.5158608 ] ] } },
{ "type": "Feature", "properties": { "osm_type": "way", "osm_id": 226691169, "category": "other", "type_de": "Sonstige Löschwasser-/Wasserstelle", "all_tags": { "building": "yes", "man_made": "storage_tank" }, "name": null, "ref": null, "operator": null, "access": null, "description": null, "note": null, "check_date": null, "fire_hydrant_type": null, "fire_hydrant_diameter": null, "fire_hydrant_pressure": null, "fire_hydrant_couplings": null, "fire_hydrant_position": null, "water_source": null, "water_tank_volume": null, "capacity": null, "diameter": null, "pressure": null, "source": null, "lon": 9.6292649, "lat": 53.4078439 }, "geometry": { "type": "LineString", "coordinates": [ [ 9.6292623, 53.4077505 ], [ 9.6292087, 53.4077639 ], [ 9.6291853, 53.4077992 ], [ 9.6292137, 53.4078332 ], [ 9.6292649, 53.4078439 ], [ 9.6293227, 53.4078279 ], [ 9.6293418, 53.4077952 ], [ 9.6293162, 53.4077626 ], [ 9.6292623, 53.4077505 ] ] } },
{ "type": "Feature", "properties": { "osm_type": "way", "osm_id": 226996516, "category": "other", "type_de": "Sonstige Löschwasser-/Wasserstelle", "all_tags": { "building": "yes", "man_made": "storage_tank" }, "name": null, "ref": null, "operator": null, "access": null, "description": null, "note": null, "check_date": null, "fire_hydrant_type": null, "fire_hydrant_diameter": null, "fire_hydrant_pressure": null, "fire_hydrant_couplings": null, "fire_hydrant_position": null, "water_source": null, "water_tank_volume": null, "capacity": null, "diameter": null, "pressure": null, "source": null, "lon": 9.4703595, "lat": 53.3734649 }, "geometry": { "type": "LineString", "coordinates": [ [ 9.470367, 53.37333 ], [ 9.4703198, 53.373332 ], [ 9.4702781, 53.3733453 ], [ 9.470249, 53.3733675 ], [ 9.4702377, 53.3733949 ], [ 9.4702459, 53.3734227 ], [ 9.4702725, 53.3734461 ], [ 9.4703126, 53.373461 ], [ 9.4703595, 53.3734649 ], [ 9.4704049, 53.3734571 ], [ 9.4704411, 53.3734389 ], [ 9.4704618, 53.3734135 ], [ 9.4704634, 53.3733853 ], [ 9.4704456, 53.3733591 ], [ 9.4704115, 53.3733396 ], [ 9.470367, 53.37333 ] ] } },
{ "type": "Feature", "properties": { "osm_type": "way", "osm_id": 227942012, "category": "other", "type_de": "Sonstige Löschwasser-/Wasserstelle", "all_tags": { "building": "yes", "content": "slurry", "man_made": "storage_tank" }, "name": null, "ref": null, "operator": null, "access": null, "description": null, "note": null, "check_date": null, "fire_hydrant_type": null, "fire_hydrant_diameter": null, "fire_hydrant_pressure": null, "fire_hydrant_couplings": null, "fire_hydrant_position": null, "water_source": null, "water_tank_volume": null, "capacity": null, "diameter": null, "pressure": null, "source": null, "lon": 9.4830798, "lat": 53.3925012 }, "geometry": { "type": "LineString", "coordinates": [ [ 9.4830088, 53.3924764 ], [ 9.4830798, 53.3925012 ], [ 9.4831693, 53.3924892 ], [ 9.4832174, 53.3924435 ], [ 9.4831922, 53.3923867 ], [ 9.4831241, 53.3923622 ], [ 9.4830317, 53.3923739 ], [ 9.4829836, 53.3924196 ], [ 9.4830088, 53.3924764 ] ] } },
{ "type": "Feature", "properties": { "osm_type": "way", "osm_id": 230377494, "category": "other", "type_de": "Sonstige Löschwasser-/Wasserstelle", "all_tags": { "man_made": "storage_tank", "name": "Faulbehälter" }, "name": "Faulbehälter", "ref": null, "operator": null, "access": null, "description": null, "note": null, "check_date": null, "fire_hydrant_type": null, "fire_hydrant_diameter": null, "fire_hydrant_pressure": null, "fire_hydrant_couplings": null, "fire_hydrant_position": null, "water_source": null, "water_tank_volume": null, "capacity": null, "diameter": null, "pressure": null, "source": null, "lon": 9.5912373, "lat": 53.581959 }, "geometry": { "type": "LineString", "coordinates": [ [ 9.5912178, 53.5821276 ], [ 9.5911656, 53.5821204 ], [ 9.5911266, 53.5821052 ], [ 9.5910989, 53.5820842 ], [ 9.5910826, 53.5820563 ], [ 9.5910822, 53.5820315 ], [ 9.5910931, 53.5820088 ], [ 9.591112, 53.5819903 ], [ 9.5911415, 53.5819739 ], [ 9.5911864, 53.5819614 ], [ 9.5912373, 53.581959 ], [ 9.5912863, 53.5819673 ], [ 9.5913258, 53.5819844 ], [ 9.5913531, 53.5820084 ], [ 9.5913653, 53.5820371 ], [ 9.5913611, 53.5820644 ], [ 9.5913416, 53.5820901 ], [ 9.5913116, 53.5821094 ], [ 9.5912751, 53.5821218 ], [ 9.5912178, 53.5821276 ] ] } },
{ "type": "Feature", "properties": { "osm_type": "way", "osm_id": 231561814, "category": "other", "type_de": "Sonstige Löschwasser-/Wasserstelle", "all_tags": { "building": "yes", "content": "slurry", "man_made": "storage_tank" }, "name": null, "ref": null, "operator": null, "access": null, "description": null, "note": null, "check_date": null, "fire_hydrant_type": null, "fire_hydrant_diameter": null, "fire_hydrant_pressure": null, "fire_hydrant_couplings": null, "fire_hydrant_position": null, "water_source": null, "water_tank_volume": null, "capacity": null, "diameter": null, "pressure": null, "source": null, "lon": 9.4207386, "lat": 53.4316782 }, "geometry": { "type": "LineString", "coordinates": [ [ 9.4205531, 53.4314847 ], [ 9.4205302, 53.4315266 ], [ 9.4205317, 53.4315707 ], [ 9.4205575, 53.4316121 ], [ 9.4206047, 53.4316461 ], [ 9.420668, 53.431669 ], [ 9.4207386, 53.4316782 ], [ 9.4208104, 53.4316734 ], [ 9.4208759, 53.431655 ], [ 9.420928, 53.4316252 ], [ 9.4209612, 53.4315869 ], [ 9.4209721, 53.4315444 ], [ 9.4209594, 53.431502 ], [ 9.4209246, 53.4314642 ], [ 9.4208713, 53.4314351 ], [ 9.4208051, 53.4314178 ], [ 9.4207313, 53.4314141 ], [ 9.4206596, 53.4314251 ], [ 9.4205979, 53.4314495 ], [ 9.4205531, 53.4314847 ] ] } },
{ "type": "Feature", "properties": { "osm_type": "way", "osm_id": 231760124, "category": "other", "type_de": "Sonstige Löschwasser-/Wasserstelle", "all_tags": { "building": "storage_tank", "content": "fuel", "man_made": "storage_tank" }, "name": null, "ref": null, "operator": null, "access": null, "description": null, "note": null, "check_date": null, "fire_hydrant_type": null, "fire_hydrant_diameter": null, "fire_hydrant_pressure": null, "fire_hydrant_couplings": null, "fire_hydrant_position": null, "water_source": null, "water_tank_volume": null, "capacity": null, "diameter": null, "pressure": null, "source": null, "lon": 9.4786487, "lat": 53.6018789 }, "geometry": { "type": "LineString", "coordinates": [ [ 9.4785892, 53.6019381 ], [ 9.478602, 53.6019517 ], [ 9.4786219, 53.6019619 ], [ 9.4786466, 53.6019675 ], [ 9.4786729, 53.6019677 ], [ 9.4786978, 53.6019626 ], [ 9.4787202, 53.6019512 ], [ 9.4787328, 53.6019375 ], [ 9.4787366, 53.601922 ], [ 9.4787324, 53.6019085 ], [ 9.4787196, 53.6018949 ], [ 9.4786996, 53.6018846 ], [ 9.478675, 53.6018791 ], [ 9.4786487, 53.6018789 ], [ 9.4786222, 53.6018845 ], [ 9.4786022, 53.6018947 ], [ 9.4785893, 53.6019083 ], [ 9.478585, 53.6019237 ], [ 9.4785892, 53.6019381 ] ] } },
{ "type": "Feature", "properties": { "osm_type": "way", "osm_id": 231760126, "category": "other", "type_de": "Sonstige Löschwasser-/Wasserstelle", "all_tags": { "building": "storage_tank", "content": "fuel", "man_made": "storage_tank", "source": "Bing" }, "name": null, "ref": null, "operator": null, "access": null, "description": null, "note": null, "check_date": null, "fire_hydrant_type": null, "fire_hydrant_diameter": null, "fire_hydrant_pressure": null, "fire_hydrant_couplings": null, "fire_hydrant_position": null, "water_source": null, "water_tank_volume": null, "capacity": null, "diameter": null, "pressure": null, "source": "Bing", "lon": 9.4788278, "lat": 53.6019961 }, "geometry": { "type": "LineString", "coordinates": [ [ 9.4787439, 53.6019664 ], [ 9.4787568, 53.6019801 ], [ 9.4787767, 53.6019903 ], [ 9.4788014, 53.6019959 ], [ 9.4788278, 53.6019961 ], [ 9.4788528, 53.6019909 ], [ 9.4788753, 53.6019796 ], [ 9.4788878, 53.6019658 ], [ 9.4788917, 53.6019503 ], [ 9.4788875, 53.6019367 ], [ 9.4788746, 53.601923 ], [ 9.4788546, 53.6019128 ], [ 9.47883, 53.6019072 ], [ 9.4788035, 53.601907 ], [ 9.478777, 53.6019127 ], [ 9.4787569, 53.6019229 ], [ 9.478744, 53.6019365 ], [ 9.4787397, 53.601952 ], [ 9.4787439, 53.6019664 ] ] } },
{ "type": "Feature", "properties": { "osm_type": "way", "osm_id": 242367489, "category": "other", "type_de": "Sonstige Löschwasser-/Wasserstelle", "all_tags": { "building": "yes", "content": "slurry", "man_made": "storage_tank" }, "name": null, "ref": null, "operator": null, "access": null, "description": null, "note": null, "check_date": null, "fire_hydrant_type": null, "fire_hydrant_diameter": null, "fire_hydrant_pressure": null, "fire_hydrant_couplings": null, "fire_hydrant_position": null, "water_source": null, "water_tank_volume": null, "capacity": null, "diameter": null, "pressure": null, "source": null, "lon": 9.3987214, "lat": 53.4284326 }, "geometry": { "type": "LineString", "coordinates": [ [ 9.3985612, 53.4284799 ], [ 9.398536, 53.4285137 ], [ 9.3985317, 53.4285506 ], [ 9.3985486, 53.4285862 ], [ 9.3985849, 53.4286162 ], [ 9.3986315, 53.4286358 ], [ 9.3986861, 53.4286456 ], [ 9.3987432, 53.4286448 ], [ 9.3987969, 53.4286334 ], [ 9.3988419, 53.4286125 ], [ 9.3988737, 53.4285843 ], [ 9.398889, 53.4285516 ], [ 9.3988863, 53.4285176 ], [ 9.3988659, 53.4284859 ], [ 9.3988299, 53.4284595 ], [ 9.3987818, 53.4284412 ], [ 9.3987214, 53.4284326 ], [ 9.3986597, 53.4284368 ], [ 9.3986041, 53.4284532 ], [ 9.3985612, 53.4284799 ] ] } },
{ "type": "Feature", "properties": { "osm_type": "way", "osm_id": 242367490, "category": "other", "type_de": "Sonstige Löschwasser-/Wasserstelle", "all_tags": { "building": "yes", "content": "slurry", "man_made": "storage_tank" }, "name": null, "ref": null, "operator": null, "access": null, "description": null, "note": null, "check_date": null, "fire_hydrant_type": null, "fire_hydrant_diameter": null, "fire_hydrant_pressure": null, "fire_hydrant_couplings": null, "fire_hydrant_position": null, "water_source": null, "water_tank_volume": null, "capacity": null, "diameter": null, "pressure": null, "source": null, "lon": 9.3985559, "lat": 53.4278762 }, "geometry": { "type": "LineString", "coordinates": [ [ 9.3984101, 53.4279057 ], [ 9.3983571, 53.4279399 ], [ 9.3983256, 53.4279824 ], [ 9.3983189, 53.4280288 ], [ 9.3983379, 53.4280739 ], [ 9.3983804, 53.4281129 ], [ 9.3984419, 53.4281416 ], [ 9.3985156, 53.4281568 ], [ 9.3985937, 53.4281569 ], [ 9.3986676, 53.428142 ], [ 9.3987293, 53.4281135 ], [ 9.3987722, 53.4280746 ], [ 9.3987916, 53.4280295 ], [ 9.3987854, 53.4279832 ], [ 9.3987542, 53.4279405 ], [ 9.3987015, 53.4279062 ], [ 9.3986329, 53.4278839 ], [ 9.3985559, 53.4278762 ], [ 9.3984789, 53.4278837 ], [ 9.3984101, 53.4279057 ] ] } },
{ "type": "Feature", "properties": { "osm_type": "way", "osm_id": 242367491, "category": "other", "type_de": "Sonstige Löschwasser-/Wasserstelle", "all_tags": { "building": "yes", "content": "slurry", "man_made": "storage_tank" }, "name": null, "ref": null, "operator": null, "access": null, "description": null, "note": null, "check_date": null, "fire_hydrant_type": null, "fire_hydrant_diameter": null, "fire_hydrant_pressure": null, "fire_hydrant_couplings": null, "fire_hydrant_position": null, "water_source": null, "water_tank_volume": null, "capacity": null, "diameter": null, "pressure": null, "source": null, "lon": 9.3986544, "lat": 53.4281785 }, "geometry": { "type": "LineString", "coordinates": [ [ 9.3985467, 53.4282 ], [ 9.3985067, 53.4282247 ], [ 9.3984817, 53.4282555 ], [ 9.3984743, 53.4282895 ], [ 9.3984851, 53.4283232 ], [ 9.398513, 53.4283531 ], [ 9.3985554, 53.4283763 ], [ 9.3986121, 53.4283911 ], [ 9.3986739, 53.4283937 ], [ 9.3987334, 53.4283837 ], [ 9.3987839, 53.4283623 ], [ 9.3988193, 53.428332 ], [ 9.3988355, 53.4282964 ], [ 9.3988307, 53.4282596 ], [ 9.3988053, 53.428226 ], [ 9.3987624, 53.4281994 ], [ 9.3987112, 53.4281838 ], [ 9.3986544, 53.4281785 ], [ 9.3985976, 53.4281841 ], [ 9.3985467, 53.4282 ] ] } },
{ "type": "Feature", "properties": { "osm_type": "way", "osm_id": 254369646, "category": "other", "type_de": "Sonstige Löschwasser-/Wasserstelle", "all_tags": { "building": "storage_tank", "content": "manure", "man_made": "storage_tank" }, "name": null, "ref": null, "operator": null, "access": null, "description": null, "note": null, "check_date": null, "fire_hydrant_type": null, "fire_hydrant_diameter": null, "fire_hydrant_pressure": null, "fire_hydrant_couplings": null, "fire_hydrant_position": null, "water_source": null, "water_tank_volume": null, "capacity": null, "diameter": null, "pressure": null, "source": null, "lon": 9.2189201, "lat": 53.5995645 }, "geometry": { "type": "LineString", "coordinates": [ [ 9.218792, 53.5995148 ], [ 9.2188239, 53.5995401 ], [ 9.2188684, 53.5995573 ], [ 9.2189201, 53.5995645 ], [ 9.2189729, 53.5995607 ], [ 9.2190203, 53.5995464 ], [ 9.2190567, 53.5995234 ], [ 9.2190764, 53.5994972 ], [ 9.219081, 53.5994658 ], [ 9.219065, 53.5994327 ], [ 9.2190332, 53.5994075 ], [ 9.2189886, 53.5993903 ], [ 9.2189369, 53.5993831 ], [ 9.2188841, 53.5993869 ], [ 9.2188367, 53.5994011 ], [ 9.2187995, 53.5994249 ], [ 9.2187791, 53.5994541 ], [ 9.2187768, 53.5994856 ], [ 9.218792, 53.5995148 ] ] } },
{ "type": "Feature", "properties": { "osm_type": "way", "osm_id": 269037120, "category": "other", "type_de": "Sonstige Löschwasser-/Wasserstelle", "all_tags": { "man_made": "storage_tank" }, "name": null, "ref": null, "operator": null, "access": null, "description": null, "note": null, "check_date": null, "fire_hydrant_type": null, "fire_hydrant_diameter": null, "fire_hydrant_pressure": null, "fire_hydrant_couplings": null, "fire_hydrant_position": null, "water_source": null, "water_tank_volume": null, "capacity": null, "diameter": null, "pressure": null, "source": null, "lon": 9.7118821, "lat": 53.4639115 }, "geometry": { "type": "LineString", "coordinates": [ [ 9.7118007, 53.4639357 ], [ 9.7119996, 53.4641725 ], [ 9.7120809, 53.4641482 ], [ 9.7118821, 53.4639115 ], [ 9.7118007, 53.4639357 ] ] } },
{ "type": "Feature", "properties": { "osm_type": "way", "osm_id": 447996307, "category": "other", "type_de": "Sonstige Löschwasser-/Wasserstelle", "all_tags": { "building": "yes", "man_made": "storage_tank" }, "name": null, "ref": null, "operator": null, "access": null, "description": null, "note": null, "check_date": null, "fire_hydrant_type": null, "fire_hydrant_diameter": null, "fire_hydrant_pressure": null, "fire_hydrant_couplings": null, "fire_hydrant_position": null, "water_source": null, "water_tank_volume": null, "capacity": null, "diameter": null, "pressure": null, "source": null, "lon": 9.464773, "lat": 53.5531014 }, "geometry": { "type": "LineString", "coordinates": [ [ 9.4649216, 53.5531732 ], [ 9.4649229, 53.5532039 ], [ 9.4649066, 53.5532331 ], [ 9.4648747, 53.5532572 ], [ 9.4648309, 53.5532735 ], [ 9.4647804, 53.55328 ], [ 9.4647336, 53.5532767 ], [ 9.4646908, 53.5532651 ], [ 9.4646562, 53.5532461 ], [ 9.4646332, 53.5532217 ], [ 9.464624, 53.5531943 ], [ 9.4646295, 53.5531666 ], [ 9.4646492, 53.5531412 ], [ 9.4646811, 53.5531206 ], [ 9.4647221, 53.553107 ], [ 9.464773, 53.5531014 ], [ 9.464824, 53.5531065 ], [ 9.4648691, 53.5531214 ], [ 9.464903, 53.5531446 ], [ 9.4649216, 53.5531732 ] ] } },
{ "type": "Feature", "properties": { "osm_type": "way", "osm_id": 448157217, "category": "other", "type_de": "Sonstige Löschwasser-/Wasserstelle", "all_tags": { "building": "yes", "man_made": "storage_tank" }, "name": null, "ref": null, "operator": null, "access": null, "description": null, "note": null, "check_date": null, "fire_hydrant_type": null, "fire_hydrant_diameter": null, "fire_hydrant_pressure": null, "fire_hydrant_couplings": null, "fire_hydrant_position": null, "water_source": null, "water_tank_volume": null, "capacity": null, "diameter": null, "pressure": null, "source": null, "lon": 9.4652156, "lat": 53.5511407 }, "geometry": { "type": "LineString", "coordinates": [ [ 9.4652927, 53.5511749 ], [ 9.4652958, 53.55119 ], [ 9.4652908, 53.551205 ], [ 9.465278, 53.5512182 ], [ 9.4652588, 53.5512283 ], [ 9.4652352, 53.5512344 ], [ 9.4652096, 53.5512356 ], [ 9.4651834, 53.5512317 ], [ 9.4651609, 53.5512227 ], [ 9.4651447, 53.5512099 ], [ 9.4651366, 53.5511945 ], [ 9.4651376, 53.5511785 ], [ 9.4651476, 53.5511635 ], [ 9.4651654, 53.5511514 ], [ 9.465189, 53.5511435 ], [ 9.4652156, 53.5511407 ], [ 9.465241, 53.5511431 ], [ 9.4652637, 53.5511502 ], [ 9.4652816, 53.5511611 ], [ 9.4652927, 53.5511749 ] ] } },
{ "type": "Feature", "properties": { "osm_type": "way", "osm_id": 483800859, "category": "other", "type_de": "Sonstige Löschwasser-/Wasserstelle", "all_tags": { "building": "yes", "man_made": "storage_tank" }, "name": null, "ref": null, "operator": null, "access": null, "description": null, "note": null, "check_date": null, "fire_hydrant_type": null, "fire_hydrant_diameter": null, "fire_hydrant_pressure": null, "fire_hydrant_couplings": null, "fire_hydrant_position": null, "water_source": null, "water_tank_volume": null, "capacity": null, "diameter": null, "pressure": null, "source": null, "lon": 9.4552236, "lat": 53.4129281 }, "geometry": { "type": "LineString", "coordinates": [ [ 9.4551166, 53.4129609 ], [ 9.4551452, 53.4129431 ], [ 9.4551819, 53.4129318 ], [ 9.4552236, 53.4129281 ], [ 9.4552652, 53.4129328 ], [ 9.4553018, 53.4129453 ], [ 9.4553295, 53.4129643 ], [ 9.4553452, 53.4129877 ], [ 9.4553472, 53.4130129 ], [ 9.4553352, 53.413037 ], [ 9.4553105, 53.4130575 ], [ 9.455276, 53.413072 ], [ 9.4552354, 53.4130789 ], [ 9.4551942, 53.4130777 ], [ 9.4551558, 53.4130686 ], [ 9.4551244, 53.4130527 ], [ 9.4551032, 53.4130316 ], [ 9.4550944, 53.4130076 ], [ 9.4550991, 53.4129831 ], [ 9.4551166, 53.4129609 ] ] } },
{ "type": "Feature", "properties": { "osm_type": "way", "osm_id": 558451051, "category": "other", "type_de": "Sonstige Löschwasser-/Wasserstelle", "all_tags": { "man_made": "storage_tank", "source": "Bing" }, "name": null, "ref": null, "operator": null, "access": null, "description": null, "note": null, "check_date": null, "fire_hydrant_type": null, "fire_hydrant_diameter": null, "fire_hydrant_pressure": null, "fire_hydrant_couplings": null, "fire_hydrant_position": null, "water_source": null, "water_tank_volume": null, "capacity": null, "diameter": null, "pressure": null, "source": "Bing", "lon": 9.5535185, "lat": 53.4176074 }, "geometry": { "type": "LineString", "coordinates": [ [ 9.5534322, 53.4175824 ], [ 9.5534554, 53.4175967 ], [ 9.5534853, 53.4176054 ], [ 9.5535185, 53.4176074 ], [ 9.5535509, 53.4176026 ], [ 9.5535785, 53.4175915 ], [ 9.5536004, 53.4175724 ], [ 9.5536077, 53.417553 ], [ 9.5536034, 53.4175333 ], [ 9.5535913, 53.4175183 ], [ 9.5535681, 53.417504 ], [ 9.5535381, 53.4174953 ], [ 9.5535049, 53.4174932 ], [ 9.5534726, 53.4174981 ], [ 9.5534421, 53.4175109 ], [ 9.5534237, 53.4175274 ], [ 9.5534159, 53.4175468 ], [ 9.5534196, 53.4175665 ], [ 9.5534322, 53.4175824 ] ] } },
{ "type": "Feature", "properties": { "osm_type": "way", "osm_id": 617139429, "category": "other", "type_de": "Sonstige Löschwasser-/Wasserstelle", "all_tags": { "building": "yes", "content": "slurry", "man_made": "storage_tank", "source": "Bing" }, "name": null, "ref": null, "operator": null, "access": null, "description": null, "note": null, "check_date": null, "fire_hydrant_type": null, "fire_hydrant_diameter": null, "fire_hydrant_pressure": null, "fire_hydrant_couplings": null, "fire_hydrant_position": null, "water_source": null, "water_tank_volume": null, "capacity": null, "diameter": null, "pressure": null, "source": "Bing", "lon": 9.4501498, "lat": 53.3817066 }, "geometry": { "type": "LineString", "coordinates": [ [ 9.4500181, 53.3818666 ], [ 9.4500596, 53.3818924 ], [ 9.4501133, 53.3819082 ], [ 9.4501729, 53.381912 ], [ 9.4502311, 53.3819034 ], [ 9.4502809, 53.3818835 ], [ 9.4503194, 53.3818506 ], [ 9.4503335, 53.3818159 ], [ 9.4503269, 53.3817803 ], [ 9.4503047, 53.381752 ], [ 9.4502632, 53.3817262 ], [ 9.4502094, 53.3817105 ], [ 9.4501498, 53.3817066 ], [ 9.4500917, 53.3817152 ], [ 9.4500386, 53.381737 ], [ 9.4500046, 53.3817664 ], [ 9.4499894, 53.381801 ], [ 9.449995, 53.3818366 ], [ 9.4500181, 53.3818666 ] ] } },
{ "type": "Feature", "properties": { "osm_type": "way", "osm_id": 672487348, "category": "other", "type_de": "Sonstige Löschwasser-/Wasserstelle", "all_tags": { "building": "storage_tank", "man_made": "storage_tank" }, "name": null, "ref": null, "operator": null, "access": null, "description": null, "note": null, "check_date": null, "fire_hydrant_type": null, "fire_hydrant_diameter": null, "fire_hydrant_pressure": null, "fire_hydrant_couplings": null, "fire_hydrant_position": null, "water_source": null, "water_tank_volume": null, "capacity": null, "diameter": null, "pressure": null, "source": null, "lon": 9.4171234, "lat": 53.4979327 }, "geometry": { "type": "LineString", "coordinates": [ [ 9.4171866, 53.4977729 ], [ 9.4172228, 53.4977868 ], [ 9.4172501, 53.4978066 ], [ 9.4172661, 53.4978303 ], [ 9.4172693, 53.4978559 ], [ 9.4172593, 53.4978808 ], [ 9.4172371, 53.4979027 ], [ 9.4172047, 53.4979197 ], [ 9.4171658, 53.4979299 ], [ 9.4171234, 53.4979327 ], [ 9.4170816, 53.4979278 ], [ 9.4170441, 53.4979157 ], [ 9.4170145, 53.4978975 ], [ 9.4169954, 53.4978749 ], [ 9.4169886, 53.4978478 ], [ 9.4169969, 53.4978208 ], [ 9.4170194, 53.4977969 ], [ 9.4170537, 53.4977786 ], [ 9.4170961, 53.4977679 ], [ 9.4171421, 53.4977659 ], [ 9.4171866, 53.4977729 ] ] } },
{ "type": "Feature", "properties": { "osm_type": "way", "osm_id": 672487349, "category": "other", "type_de": "Sonstige Löschwasser-/Wasserstelle", "all_tags": { "building": "storage_tank", "man_made": "storage_tank" }, "name": null, "ref": null, "operator": null, "access": null, "description": null, "note": null, "check_date": null, "fire_hydrant_type": null, "fire_hydrant_diameter": null, "fire_hydrant_pressure": null, "fire_hydrant_couplings": null, "fire_hydrant_position": null, "water_source": null, "water_tank_volume": null, "capacity": null, "diameter": null, "pressure": null, "source": null, "lon": 9.4184334, "lat": 53.4974599 }, "geometry": { "type": "LineString", "coordinates": [ [ 9.4183216, 53.4975213 ], [ 9.4183338, 53.4974979 ], [ 9.4183587, 53.4974785 ], [ 9.4183933, 53.4974653 ], [ 9.4184334, 53.4974599 ], [ 9.4184741, 53.497463 ], [ 9.4185107, 53.4974742 ], [ 9.4185385, 53.4974922 ], [ 9.4185544, 53.4975147 ], [ 9.4185563, 53.4975391 ], [ 9.4185441, 53.4975625 ], [ 9.4185192, 53.4975819 ], [ 9.4184846, 53.4975951 ], [ 9.4184445, 53.4976005 ], [ 9.4184038, 53.4975974 ], [ 9.4183673, 53.4975862 ], [ 9.4183394, 53.4975682 ], [ 9.4183236, 53.4975457 ], [ 9.4183216, 53.4975213 ] ] } },
{ "type": "Feature", "properties": { "osm_type": "way", "osm_id": 672487350, "category": "other", "type_de": "Sonstige Löschwasser-/Wasserstelle", "all_tags": { "building": "storage_tank", "man_made": "storage_tank" }, "name": null, "ref": null, "operator": null, "access": null, "description": null, "note": null, "check_date": null, "fire_hydrant_type": null, "fire_hydrant_diameter": null, "fire_hydrant_pressure": null, "fire_hydrant_couplings": null, "fire_hydrant_position": null, "water_source": null, "water_tank_volume": null, "capacity": null, "diameter": null, "pressure": null, "source": null, "lon": 9.4180767, "lat": 53.497543 }, "geometry": { "type": "LineString", "coordinates": [ [ 9.4179587, 53.4976198 ], [ 9.4179607, 53.4975977 ], [ 9.4179757, 53.4975757 ], [ 9.4180023, 53.4975581 ], [ 9.4180373, 53.4975467 ], [ 9.4180767, 53.497543 ], [ 9.4181158, 53.4975474 ], [ 9.4181502, 53.4975594 ], [ 9.4181759, 53.4975776 ], [ 9.4181897, 53.4975998 ], [ 9.4181902, 53.4976235 ], [ 9.4181786, 53.4976445 ], [ 9.4181564, 53.4976623 ], [ 9.418126, 53.497675 ], [ 9.4180904, 53.4976814 ], [ 9.4180532, 53.4976808 ], [ 9.4180182, 53.4976733 ], [ 9.417989, 53.4976596 ], [ 9.4179684, 53.4976412 ], [ 9.4179587, 53.4976198 ] ] } },
{ "type": "Feature", "properties": { "osm_type": "way", "osm_id": 672487351, "category": "other", "type_de": "Sonstige Löschwasser-/Wasserstelle", "all_tags": { "building": "storage_tank", "man_made": "storage_tank" }, "name": null, "ref": null, "operator": null, "access": null, "description": null, "note": null, "check_date": null, "fire_hydrant_type": null, "fire_hydrant_diameter": null, "fire_hydrant_pressure": null, "fire_hydrant_couplings": null, "fire_hydrant_position": null, "water_source": null, "water_tank_volume": null, "capacity": null, "diameter": null, "pressure": null, "source": null, "lon": 9.417774, "lat": 53.4976187 }, "geometry": { "type": "LineString", "coordinates": [ [ 9.4177023, 53.4976334 ], [ 9.4177345, 53.4976228 ], [ 9.417774, 53.4976187 ], [ 9.4178135, 53.4976229 ], [ 9.4178483, 53.4976347 ], [ 9.4178743, 53.4976529 ], [ 9.4178884, 53.4976752 ], [ 9.4178889, 53.4976991 ], [ 9.4178758, 53.4977216 ], [ 9.4178506, 53.4977402 ], [ 9.4178164, 53.4977525 ], [ 9.4177804, 53.4977572 ], [ 9.4177439, 53.4977549 ], [ 9.4177103, 53.497746 ], [ 9.4176831, 53.4977314 ], [ 9.4176649, 53.4977123 ], [ 9.4176576, 53.4976909 ], [ 9.4176618, 53.4976692 ], [ 9.4176773, 53.4976494 ], [ 9.4177023, 53.4976334 ] ] } },
{ "type": "Feature", "properties": { "osm_type": "way", "osm_id": 672487352, "category": "other", "type_de": "Sonstige Löschwasser-/Wasserstelle", "all_tags": { "building": "storage_tank", "man_made": "storage_tank" }, "name": null, "ref": null, "operator": null, "access": null, "description": null, "note": null, "check_date": null, "fire_hydrant_type": null, "fire_hydrant_diameter": null, "fire_hydrant_pressure": null, "fire_hydrant_couplings": null, "fire_hydrant_position": null, "water_source": null, "water_tank_volume": null, "capacity": null, "diameter": null, "pressure": null, "source": null, "lon": 9.4192472, "lat": 53.4972985 }, "geometry": { "type": "LineString", "coordinates": [ [ 9.419061, 53.4973644 ], [ 9.4190953, 53.4973378 ], [ 9.4191398, 53.4973171 ], [ 9.4191915, 53.4973038 ], [ 9.4192472, 53.4972985 ], [ 9.4193033, 53.4973017 ], [ 9.4193563, 53.4973132 ], [ 9.4194064, 53.4973342 ], [ 9.4194451, 53.4973625 ], [ 9.4194693, 53.497396 ], [ 9.4194774, 53.4974321 ], [ 9.4194686, 53.4974682 ], [ 9.4194437, 53.4975015 ], [ 9.4194045, 53.4975296 ], [ 9.419354, 53.4975502 ], [ 9.4192959, 53.4975619 ], [ 9.4192347, 53.4975637 ], [ 9.4191749, 53.4975556 ], [ 9.419126, 53.4975403 ], [ 9.419085, 53.4975182 ], [ 9.4190543, 53.4974909 ], [ 9.4190358, 53.4974599 ], [ 9.4190307, 53.4974271 ], [ 9.4190393, 53.4973947 ], [ 9.419061, 53.4973644 ] ] } },
{ "type": "Feature", "properties": { "osm_type": "way", "osm_id": 672536871, "category": "other", "type_de": "Sonstige Löschwasser-/Wasserstelle", "all_tags": { "building": "slurry_tank", "content": "slurry", "man_made": "storage_tank" }, "name": null, "ref": null, "operator": null, "access": null, "description": null, "note": null, "check_date": null, "fire_hydrant_type": null, "fire_hydrant_diameter": null, "fire_hydrant_pressure": null, "fire_hydrant_couplings": null, "fire_hydrant_position": null, "water_source": null, "water_tank_volume": null, "capacity": null, "diameter": null, "pressure": null, "source": null, "lon": 9.4008725, "lat": 53.4963353 }, "geometry": { "type": "LineString", "coordinates": [ [ 9.4007939, 53.4963465 ], [ 9.4008313, 53.4963363 ], [ 9.4008725, 53.4963353 ], [ 9.4009111, 53.4963438 ], [ 9.4009414, 53.4963604 ], [ 9.4009586, 53.4963827 ], [ 9.4009602, 53.4964072 ], [ 9.4009457, 53.4964303 ], [ 9.4009174, 53.4964484 ], [ 9.4008795, 53.4964585 ], [ 9.400838, 53.4964592 ], [ 9.4007993, 53.4964503 ], [ 9.4007697, 53.4964335 ], [ 9.4007531, 53.4964113 ], [ 9.4007519, 53.4963871 ], [ 9.4007662, 53.4963643 ], [ 9.4007939, 53.4963465 ] ] } },
{ "type": "Feature", "properties": { "osm_type": "way", "osm_id": 807802878, "category": "other", "type_de": "Sonstige Löschwasser-/Wasserstelle", "all_tags": { "building": "yes", "man_made": "storage_tank" }, "name": null, "ref": null, "operator": null, "access": null, "description": null, "note": null, "check_date": null, "fire_hydrant_type": null, "fire_hydrant_diameter": null, "fire_hydrant_pressure": null, "fire_hydrant_couplings": null, "fire_hydrant_position": null, "water_source": null, "water_tank_volume": null, "capacity": null, "diameter": null, "pressure": null, "source": null, "lon": 9.4077321, "lat": 53.4028971 }, "geometry": { "type": "LineString", "coordinates": [ [ 9.4076916, 53.4028899 ], [ 9.4077321, 53.4028971 ], [ 9.4077743, 53.4028964 ], [ 9.4078175, 53.4028868 ], [ 9.4078527, 53.4028691 ], [ 9.4078758, 53.4028453 ], [ 9.407884, 53.4028183 ], [ 9.4078765, 53.4027912 ], [ 9.4078541, 53.4027672 ], [ 9.4078194, 53.4027492 ], [ 9.4077765, 53.4027391 ], [ 9.4077305, 53.4027383 ], [ 9.4076867, 53.4027468 ], [ 9.407653, 53.402762 ], [ 9.4076288, 53.4027826 ], [ 9.4076165, 53.4028067 ], [ 9.4076174, 53.4028318 ], [ 9.4076313, 53.4028556 ], [ 9.4076569, 53.4028756 ], [ 9.4076916, 53.4028899 ] ] } },
{ "type": "Feature", "properties": { "osm_type": "way", "osm_id": 807812897, "category": "other", "type_de": "Sonstige Löschwasser-/Wasserstelle", "all_tags": { "building": "yes", "content": "slurry", "man_made": "storage_tank" }, "name": null, "ref": null, "operator": null, "access": null, "description": null, "note": null, "check_date": null, "fire_hydrant_type": null, "fire_hydrant_diameter": null, "fire_hydrant_pressure": null, "fire_hydrant_couplings": null, "fire_hydrant_position": null, "water_source": null, "water_tank_volume": null, "capacity": null, "diameter": null, "pressure": null, "source": null, "lon": 9.4046263, "lat": 53.4216052 }, "geometry": { "type": "LineString", "coordinates": [ [ 9.404494, 53.4214804 ], [ 9.4044818, 53.4215084 ], [ 9.4044852, 53.4215373 ], [ 9.4045041, 53.4215639 ], [ 9.4045364, 53.4215855 ], [ 9.4045786, 53.4215998 ], [ 9.4046263, 53.4216052 ], [ 9.4046743, 53.4216012 ], [ 9.4047177, 53.4215882 ], [ 9.4047517, 53.4215676 ], [ 9.404773, 53.421541 ], [ 9.4047786, 53.4215117 ], [ 9.4047678, 53.421483 ], [ 9.4047418, 53.421458 ], [ 9.4047034, 53.4214394 ], [ 9.404657, 53.4214293 ], [ 9.4046076, 53.4214288 ], [ 9.4045607, 53.421438 ], [ 9.4045214, 53.4214559 ], [ 9.404494, 53.4214804 ] ] } },
{ "type": "Feature", "properties": { "osm_type": "way", "osm_id": 807855637, "category": "other", "type_de": "Sonstige Löschwasser-/Wasserstelle", "all_tags": { "building": "yes", "content": "slurry", "man_made": "storage_tank" }, "name": null, "ref": null, "operator": null, "access": null, "description": null, "note": null, "check_date": null, "fire_hydrant_type": null, "fire_hydrant_diameter": null, "fire_hydrant_pressure": null, "fire_hydrant_couplings": null, "fire_hydrant_position": null, "water_source": null, "water_tank_volume": null, "capacity": null, "diameter": null, "pressure": null, "source": null, "lon": 9.4095426, "lat": 53.4079658 }, "geometry": { "type": "LineString", "coordinates": [ [ 9.4094739, 53.408208 ], [ 9.4095382, 53.4082208 ], [ 9.4096061, 53.4082211 ], [ 9.4096773, 53.4082069 ], [ 9.409736, 53.408179 ], [ 9.4097752, 53.4081408 ], [ 9.4097902, 53.408097 ], [ 9.4097792, 53.4080528 ], [ 9.4097435, 53.4080134 ], [ 9.4096874, 53.4079837 ], [ 9.4096176, 53.4079671 ], [ 9.4095426, 53.4079658 ], [ 9.4094778, 53.4079778 ], [ 9.4094224, 53.4080012 ], [ 9.4093819, 53.4080336 ], [ 9.4093603, 53.408072 ], [ 9.4093596, 53.4081124 ], [ 9.4093799, 53.408151 ], [ 9.4094193, 53.408184 ], [ 9.4094739, 53.408208 ] ] } },
{ "type": "Feature", "properties": { "osm_type": "way", "osm_id": 807875054, "category": "other", "type_de": "Sonstige Löschwasser-/Wasserstelle", "all_tags": { "building": "yes", "content": "sewage", "man_made": "storage_tank", "material": "concrete" }, "name": null, "ref": null, "operator": null, "access": null, "description": null, "note": null, "check_date": null, "fire_hydrant_type": null, "fire_hydrant_diameter": null, "fire_hydrant_pressure": null, "fire_hydrant_couplings": null, "fire_hydrant_position": null, "water_source": null, "water_tank_volume": null, "capacity": null, "diameter": null, "pressure": null, "source": null, "lon": 9.4267827, "lat": 53.4069934 }, "geometry": { "type": "LineString", "coordinates": [ [ 9.4266722, 53.4071775 ], [ 9.4267189, 53.407198 ], [ 9.426774, 53.4072088 ], [ 9.4268362, 53.4072082 ], [ 9.4268944, 53.4071952 ], [ 9.4269419, 53.4071713 ], [ 9.4269732, 53.4071392 ], [ 9.4269846, 53.4071028 ], [ 9.4269748, 53.4070662 ], [ 9.4269448, 53.4070337 ], [ 9.4268983, 53.4070091 ], [ 9.4268407, 53.4069952 ], [ 9.4267827, 53.4069934 ], [ 9.4267268, 53.4070026 ], [ 9.4266785, 53.4070218 ], [ 9.4266428, 53.407049 ], [ 9.4266232, 53.4070816 ], [ 9.4266218, 53.4071161 ], [ 9.4266387, 53.4071492 ], [ 9.4266722, 53.4071775 ] ] } },
{ "type": "Feature", "properties": { "osm_type": "way", "osm_id": 807875055, "category": "other", "type_de": "Sonstige Löschwasser-/Wasserstelle", "all_tags": { "building": "yes", "content": "sewage", "man_made": "storage_tank", "material": "concrete" }, "name": null, "ref": null, "operator": null, "access": null, "description": null, "note": null, "check_date": null, "fire_hydrant_type": null, "fire_hydrant_diameter": null, "fire_hydrant_pressure": null, "fire_hydrant_couplings": null, "fire_hydrant_position": null, "water_source": null, "water_tank_volume": null, "capacity": null, "diameter": null, "pressure": null, "source": null, "lon": 9.4268878, "lat": 53.4073745 }, "geometry": { "type": "LineString", "coordinates": [ [ 9.4268744, 53.4075667 ], [ 9.4269298, 53.4075633 ], [ 9.4269799, 53.4075489 ], [ 9.4270157, 53.4075278 ], [ 9.4270388, 53.4075011 ], [ 9.4270471, 53.4074715 ], [ 9.4270396, 53.4074418 ], [ 9.4270172, 53.407415 ], [ 9.426982, 53.4073935 ], [ 9.4269374, 53.4073796 ], [ 9.4268878, 53.4073745 ], [ 9.426838, 53.4073788 ], [ 9.4267884, 53.4073939 ], [ 9.4267504, 53.4074182 ], [ 9.4267285, 53.4074487 ], [ 9.4267253, 53.4074818 ], [ 9.4267411, 53.4075136 ], [ 9.4267741, 53.4075403 ], [ 9.4268204, 53.4075588 ], [ 9.4268744, 53.4075667 ] ] } },
{ "type": "Feature", "properties": { "osm_type": "way", "osm_id": 807875057, "category": "other", "type_de": "Sonstige Löschwasser-/Wasserstelle", "all_tags": { "building": "yes", "content": "sewage", "man_made": "storage_tank" }, "name": null, "ref": null, "operator": null, "access": null, "description": null, "note": null, "check_date": null, "fire_hydrant_type": null, "fire_hydrant_diameter": null, "fire_hydrant_pressure": null, "fire_hydrant_couplings": null, "fire_hydrant_position": null, "water_source": null, "water_tank_volume": null, "capacity": null, "diameter": null, "pressure": null, "source": null, "lon": 9.4272778, "lat": 53.4075294 }, "geometry": { "type": "LineString", "coordinates": [ [ 9.4272481, 53.4075045 ], [ 9.4272458, 53.4075105 ], [ 9.427247, 53.4075165 ], [ 9.4272515, 53.407522 ], [ 9.4272589, 53.4075263 ], [ 9.4272682, 53.4075288 ], [ 9.4272778, 53.4075294 ], [ 9.4272871, 53.4075282 ], [ 9.4272953, 53.4075252 ], [ 9.4273016, 53.4075209 ], [ 9.4273053, 53.4075157 ], [ 9.427306, 53.40751 ], [ 9.4273038, 53.4075045 ], [ 9.4272987, 53.4074996 ], [ 9.4272914, 53.407496 ], [ 9.4272818, 53.4074938 ], [ 9.4272715, 53.4074936 ], [ 9.4272617, 53.4074956 ], [ 9.4272536, 53.4074993 ], [ 9.4272481, 53.4075045 ] ] } },
{ "type": "Feature", "properties": { "osm_type": "way", "osm_id": 807883061, "category": "other", "type_de": "Sonstige Löschwasser-/Wasserstelle", "all_tags": { "building": "yes", "content": "gas", "man_made": "storage_tank" }, "name": null, "ref": null, "operator": null, "access": null, "description": null, "note": null, "check_date": null, "fire_hydrant_type": null, "fire_hydrant_diameter": null, "fire_hydrant_pressure": null, "fire_hydrant_couplings": null, "fire_hydrant_position": null, "water_source": null, "water_tank_volume": null, "capacity": null, "diameter": null, "pressure": null, "source": null, "lon": 9.4357624, "lat": 53.4135029 }, "geometry": { "type": "LineString", "coordinates": [ [ 9.4355252, 53.4133985 ], [ 9.4355584, 53.41344 ], [ 9.4356117, 53.4134733 ], [ 9.4356797, 53.413495 ], [ 9.4357624, 53.4135029 ], [ 9.4358448, 53.4134937 ], [ 9.435917, 53.4134684 ], [ 9.4359707, 53.4134301 ], [ 9.4359994, 53.4133831 ], [ 9.4359998, 53.4133332 ], [ 9.4359718, 53.4132861 ], [ 9.4359187, 53.4132475 ], [ 9.4358468, 53.4132218 ], [ 9.4357713, 53.4132123 ], [ 9.4356946, 53.4132173 ], [ 9.4356244, 53.4132364 ], [ 9.4355676, 53.4132675 ], [ 9.43553, 53.4133077 ], [ 9.4355154, 53.4133529 ], [ 9.4355252, 53.4133985 ] ] } },
{ "type": "Feature", "properties": { "osm_type": "way", "osm_id": 807883062, "category": "other", "type_de": "Sonstige Löschwasser-/Wasserstelle", "all_tags": { "building": "yes", "content": "slurry", "man_made": "storage_tank" }, "name": null, "ref": null, "operator": null, "access": null, "description": null, "note": null, "check_date": null, "fire_hydrant_type": null, "fire_hydrant_diameter": null, "fire_hydrant_pressure": null, "fire_hydrant_couplings": null, "fire_hydrant_position": null, "water_source": null, "water_tank_volume": null, "capacity": null, "diameter": null, "pressure": null, "source": null, "lon": 9.4357782, "lat": 53.4129301 }, "geometry": { "type": "LineString", "coordinates": [ [ 9.4356529, 53.413055 ], [ 9.4356808, 53.4130783 ], [ 9.4357199, 53.4130949 ], [ 9.4357658, 53.413103 ], [ 9.4358137, 53.4131018 ], [ 9.4358583, 53.4130915 ], [ 9.4358948, 53.4130731 ], [ 9.4359194, 53.4130486 ], [ 9.4359293, 53.4130207 ], [ 9.4359235, 53.4129923 ], [ 9.4359026, 53.4129667 ], [ 9.4358689, 53.4129464 ], [ 9.4358259, 53.4129337 ], [ 9.4357782, 53.4129301 ], [ 9.4357312, 53.4129359 ], [ 9.4356899, 53.4129505 ], [ 9.4356588, 53.4129723 ], [ 9.4356412, 53.412999 ], [ 9.4356392, 53.4130276 ], [ 9.4356529, 53.413055 ] ] } },
{ "type": "Feature", "properties": { "osm_type": "way", "osm_id": 807883063, "category": "other", "type_de": "Sonstige Löschwasser-/Wasserstelle", "all_tags": { "building": "yes", "content": "gas", "man_made": "storage_tank" }, "name": null, "ref": null, "operator": null, "access": null, "description": null, "note": null, "check_date": null, "fire_hydrant_type": null, "fire_hydrant_diameter": null, "fire_hydrant_pressure": null, "fire_hydrant_couplings": null, "fire_hydrant_position": null, "water_source": null, "water_tank_volume": null, "capacity": null, "diameter": null, "pressure": null, "source": null, "lon": 9.4361036, "lat": 53.4132572 }, "geometry": { "type": "LineString", "coordinates": [ [ 9.4360065, 53.4132357 ], [ 9.4360521, 53.4132511 ], [ 9.4361036, 53.4132572 ], [ 9.4361556, 53.4132531 ], [ 9.4362029, 53.4132395 ], [ 9.4362403, 53.4132176 ], [ 9.4362642, 53.4131897 ], [ 9.4362721, 53.4131588 ], [ 9.436263, 53.413128 ], [ 9.436238, 53.4131005 ], [ 9.4361997, 53.4130791 ], [ 9.4361494, 53.4130657 ], [ 9.4360944, 53.413063 ], [ 9.4360412, 53.4130714 ], [ 9.4359956, 53.4130899 ], [ 9.435963, 53.4131164 ], [ 9.435947, 53.4131478 ], [ 9.4359494, 53.4131806 ], [ 9.43597, 53.413211 ], [ 9.4360065, 53.4132357 ] ] } },
{ "type": "Feature", "properties": { "osm_type": "way", "osm_id": 807883064, "category": "other", "type_de": "Sonstige Löschwasser-/Wasserstelle", "all_tags": { "building": "yes", "content": "gas", "man_made": "storage_tank" }, "name": null, "ref": null, "operator": null, "access": null, "description": null, "note": null, "check_date": null, "fire_hydrant_type": null, "fire_hydrant_diameter": null, "fire_hydrant_pressure": null, "fire_hydrant_couplings": null, "fire_hydrant_position": null, "water_source": null, "water_tank_volume": null, "capacity": null, "diameter": null, "pressure": null, "source": null, "lon": 9.436402, "lat": 53.4131822 }, "geometry": { "type": "LineString", "coordinates": [ [ 9.4362531, 53.4132642 ], [ 9.4362546, 53.4132968 ], [ 9.4362743, 53.4133271 ], [ 9.4363072, 53.4133505 ], [ 9.4363508, 53.4133666 ], [ 9.4364006, 53.4133736 ], [ 9.4364517, 53.413371 ], [ 9.4364987, 53.4133589 ], [ 9.4365371, 53.4133387 ], [ 9.4365628, 53.4133123 ], [ 9.4365733, 53.4132824 ], [ 9.4365675, 53.413252 ], [ 9.4365441, 53.4132227 ], [ 9.4365055, 53.4131996 ], [ 9.4364563, 53.4131856 ], [ 9.436402, 53.4131822 ], [ 9.4363489, 53.4131898 ], [ 9.4363031, 53.4132075 ], [ 9.4362699, 53.4132333 ], [ 9.4362531, 53.4132642 ] ] } },
{ "type": "Feature", "properties": { "osm_type": "way", "osm_id": 807883065, "category": "other", "type_de": "Sonstige Löschwasser-/Wasserstelle", "all_tags": { "building": "yes", "man_made": "storage_tank" }, "name": null, "ref": null, "operator": null, "access": null, "description": null, "note": null, "check_date": null, "fire_hydrant_type": null, "fire_hydrant_diameter": null, "fire_hydrant_pressure": null, "fire_hydrant_couplings": null, "fire_hydrant_position": null, "water_source": null, "water_tank_volume": null, "capacity": null, "diameter": null, "pressure": null, "source": null, "lon": 9.4366742, "lat": 53.4132776 }, "geometry": { "type": "LineString", "coordinates": [ [ 9.4365804, 53.4133154 ], [ 9.4365757, 53.4133333 ], [ 9.4365808, 53.4133511 ], [ 9.4365957, 53.4133672 ], [ 9.4366185, 53.4133795 ], [ 9.4366469, 53.4133867 ], [ 9.4366776, 53.413388 ], [ 9.4367074, 53.4133832 ], [ 9.4367329, 53.4133728 ], [ 9.4367513, 53.4133581 ], [ 9.4367606, 53.4133406 ], [ 9.4367598, 53.4133222 ], [ 9.4367489, 53.413305 ], [ 9.4367296, 53.4132911 ], [ 9.4367038, 53.4132816 ], [ 9.4366742, 53.4132776 ], [ 9.4366441, 53.4132794 ], [ 9.4366165, 53.413287 ], [ 9.4365945, 53.4132994 ], [ 9.4365804, 53.4133154 ] ] } },
{ "type": "Feature", "properties": { "osm_type": "way", "osm_id": 807883066, "category": "other", "type_de": "Sonstige Löschwasser-/Wasserstelle", "all_tags": { "building": "yes", "content": "fuel", "man_made": "storage_tank", "material": "metal" }, "name": null, "ref": null, "operator": null, "access": null, "description": null, "note": null, "check_date": null, "fire_hydrant_type": null, "fire_hydrant_diameter": null, "fire_hydrant_pressure": null, "fire_hydrant_couplings": null, "fire_hydrant_position": null, "water_source": null, "water_tank_volume": null, "capacity": null, "diameter": null, "pressure": null, "source": null, "lon": 9.4367027, "lat": 53.4135651 }, "geometry": { "type": "LineString", "coordinates": [ [ 9.436685, 53.4135815 ], [ 9.4368693, 53.4136524 ], [ 9.436887, 53.4136361 ], [ 9.4367027, 53.4135651 ], [ 9.436685, 53.4135815 ] ] } },
{ "type": "Feature", "properties": { "osm_type": "way", "osm_id": 807906333, "category": "other", "type_de": "Sonstige Löschwasser-/Wasserstelle", "all_tags": { "building": "farm_auxiliary", "content": "slurry", "man_made": "storage_tank" }, "name": null, "ref": null, "operator": null, "access": null, "description": null, "note": null, "check_date": null, "fire_hydrant_type": null, "fire_hydrant_diameter": null, "fire_hydrant_pressure": null, "fire_hydrant_couplings": null, "fire_hydrant_position": null, "water_source": null, "water_tank_volume": null, "capacity": null, "diameter": null, "pressure": null, "source": null, "lon": 9.5056144, "lat": 53.4084269 }, "geometry": { "type": "LineString", "coordinates": [ [ 9.5055541, 53.4082808 ], [ 9.5055199, 53.4082963 ], [ 9.505496, 53.4083177 ], [ 9.5054851, 53.4083425 ], [ 9.5054884, 53.4083681 ], [ 9.5055055, 53.4083916 ], [ 9.5055346, 53.4084105 ], [ 9.5055724, 53.4084227 ], [ 9.5056144, 53.4084269 ], [ 9.5056565, 53.4084228 ], [ 9.5056941, 53.4084108 ], [ 9.5057231, 53.4083922 ], [ 9.5057405, 53.4083689 ], [ 9.5057443, 53.4083436 ], [ 9.5057342, 53.4083189 ], [ 9.5057112, 53.4082975 ], [ 9.5056778, 53.4082817 ], [ 9.5056376, 53.4082731 ], [ 9.505595, 53.4082728 ], [ 9.5055541, 53.4082808 ] ] } },
{ "type": "Feature", "properties": { "osm_type": "way", "osm_id": 807906334, "category": "other", "type_de": "Sonstige Löschwasser-/Wasserstelle", "all_tags": { "building": "farm_auxiliary", "content": "slurry", "man_made": "storage_tank", "material": "concrete" }, "name": null, "ref": null, "operator": null, "access": null, "description": null, "note": null, "check_date": null, "fire_hydrant_type": null, "fire_hydrant_diameter": null, "fire_hydrant_pressure": null, "fire_hydrant_couplings": null, "fire_hydrant_position": null, "water_source": null, "water_tank_volume": null, "capacity": null, "diameter": null, "pressure": null, "source": null, "lon": 9.4783207, "lat": 53.4130894 }, "geometry": { "type": "LineString", "coordinates": [ [ 9.4782287, 53.4130655 ], [ 9.4782712, 53.4130823 ], [ 9.4783207, 53.4130894 ], [ 9.4783713, 53.4130861 ], [ 9.478417, 53.4130727 ], [ 9.4784523, 53.4130509 ], [ 9.4784731, 53.4130232 ], [ 9.4784769, 53.4129929 ], [ 9.4784632, 53.4129637 ], [ 9.4784337, 53.412939 ], [ 9.4783919, 53.4129217 ], [ 9.4783476, 53.4129143 ], [ 9.4783017, 53.4129153 ], [ 9.4782585, 53.4129247 ], [ 9.4782222, 53.4129416 ], [ 9.4781964, 53.4129643 ], [ 9.4781837, 53.4129906 ], [ 9.4781851, 53.413018 ], [ 9.4782006, 53.4130438 ], [ 9.4782287, 53.4130655 ] ] } },
{ "type": "Feature", "properties": { "osm_type": "way", "osm_id": 807906335, "category": "other", "type_de": "Sonstige Löschwasser-/Wasserstelle", "all_tags": { "building": "farm_auxiliary", "content": "slurry", "man_made": "storage_tank" }, "name": null, "ref": null, "operator": null, "access": null, "description": null, "note": null, "check_date": null, "fire_hydrant_type": null, "fire_hydrant_diameter": null, "fire_hydrant_pressure": null, "fire_hydrant_couplings": null, "fire_hydrant_position": null, "water_source": null, "water_tank_volume": null, "capacity": null, "diameter": null, "pressure": null, "source": null, "lon": 9.4774291, "lat": 53.4005477 }, "geometry": { "type": "LineString", "coordinates": [ [ 9.4774668, 53.4005438 ], [ 9.4775031, 53.4005319 ], [ 9.4775306, 53.4005135 ], [ 9.477546, 53.4004906 ], [ 9.4775477, 53.4004659 ], [ 9.4775353, 53.4004424 ], [ 9.4775104, 53.4004227 ], [ 9.4774758, 53.4004091 ], [ 9.4774355, 53.4004033 ], [ 9.4773944, 53.4004058 ], [ 9.477357, 53.4004165 ], [ 9.4773297, 53.4004325 ], [ 9.4773122, 53.4004528 ], [ 9.4773061, 53.4004754 ], [ 9.4773121, 53.4004979 ], [ 9.4773296, 53.4005182 ], [ 9.4773569, 53.4005343 ], [ 9.4773912, 53.4005445 ], [ 9.4774291, 53.4005477 ], [ 9.4774668, 53.4005438 ] ] } },
{ "type": "Feature", "properties": { "osm_type": "way", "osm_id": 807906336, "category": "other", "type_de": "Sonstige Löschwasser-/Wasserstelle", "all_tags": { "building": "yes", "content": "gas", "man_made": "storage_tank" }, "name": null, "ref": null, "operator": null, "access": null, "description": null, "note": null, "check_date": null, "fire_hydrant_type": null, "fire_hydrant_diameter": null, "fire_hydrant_pressure": null, "fire_hydrant_couplings": null, "fire_hydrant_position": null, "water_source": null, "water_tank_volume": null, "capacity": null, "diameter": null, "pressure": null, "source": null, "lon": 9.4731706, "lat": 53.4018729 }, "geometry": { "type": "LineString", "coordinates": [ [ 9.4730606, 53.4018488 ], [ 9.4731122, 53.4018662 ], [ 9.4731706, 53.4018729 ], [ 9.4732294, 53.401868 ], [ 9.4732824, 53.401852 ], [ 9.473324, 53.4018267 ], [ 9.4733497, 53.4017948 ], [ 9.4733568, 53.4017597 ], [ 9.4733445, 53.401725 ], [ 9.4733142, 53.4016946 ], [ 9.4732682, 53.4016713 ], [ 9.473212, 53.4016582 ], [ 9.4731517, 53.4016569 ], [ 9.4730939, 53.4016673 ], [ 9.4730451, 53.4016885 ], [ 9.4730106, 53.401718 ], [ 9.4729942, 53.4017526 ], [ 9.4729976, 53.4017885 ], [ 9.4730206, 53.4018218 ], [ 9.4730606, 53.4018488 ] ] } },
{ "type": "Feature", "properties": { "osm_type": "way", "osm_id": 807906337, "category": "other", "type_de": "Sonstige Löschwasser-/Wasserstelle", "all_tags": { "building": "yes", "content": "gas", "man_made": "storage_tank" }, "name": null, "ref": null, "operator": null, "access": null, "description": null, "note": null, "check_date": null, "fire_hydrant_type": null, "fire_hydrant_diameter": null, "fire_hydrant_pressure": null, "fire_hydrant_couplings": null, "fire_hydrant_position": null, "water_source": null, "water_tank_volume": null, "capacity": null, "diameter": null, "pressure": null, "source": null, "lon": 9.4734935, "lat": 53.4018283 }, "geometry": { "type": "LineString", "coordinates": [ [ 9.473436, 53.4018327 ], [ 9.4733841, 53.4018481 ], [ 9.4733433, 53.4018726 ], [ 9.4733183, 53.4019037 ], [ 9.4733114, 53.4019379 ], [ 9.4733235, 53.4019715 ], [ 9.4733533, 53.402001 ], [ 9.4733975, 53.4020232 ], [ 9.4734514, 53.4020356 ], [ 9.4735091, 53.402037 ], [ 9.4735644, 53.4020271 ], [ 9.4736114, 53.402007 ], [ 9.4736449, 53.401979 ], [ 9.4736614, 53.4019459 ], [ 9.4736589, 53.4019113 ], [ 9.4736378, 53.4018792 ], [ 9.4736002, 53.4018529 ], [ 9.4735503, 53.4018353 ], [ 9.4734935, 53.4018283 ], [ 9.473436, 53.4018327 ] ] } },
{ "type": "Feature", "properties": { "osm_type": "way", "osm_id": 807906338, "category": "other", "type_de": "Sonstige Löschwasser-/Wasserstelle", "all_tags": { "building": "yes", "content": "gas", "man_made": "storage_tank" }, "name": null, "ref": null, "operator": null, "access": null, "description": null, "note": null, "check_date": null, "fire_hydrant_type": null, "fire_hydrant_diameter": null, "fire_hydrant_pressure": null, "fire_hydrant_couplings": null, "fire_hydrant_position": null, "water_source": null, "water_tank_volume": null, "capacity": null, "diameter": null, "pressure": null, "source": null, "lon": 9.4737682, "lat": 53.4016474 }, "geometry": { "type": "LineString", "coordinates": [ [ 9.4736215, 53.401692 ], [ 9.4735968, 53.4017225 ], [ 9.4735899, 53.4017573 ], [ 9.4736027, 53.4017915 ], [ 9.4736336, 53.4018212 ], [ 9.4736793, 53.4018432 ], [ 9.4737346, 53.401855 ], [ 9.4737933, 53.4018552 ], [ 9.4738489, 53.4018439 ], [ 9.4738951, 53.4018223 ], [ 9.4739267, 53.4017928 ], [ 9.4739401, 53.4017598 ], [ 9.4739351, 53.401726 ], [ 9.4739122, 53.401695 ], [ 9.4738739, 53.4016699 ], [ 9.4738242, 53.4016535 ], [ 9.4737682, 53.4016474 ], [ 9.4737119, 53.4016523 ], [ 9.4736613, 53.4016677 ], [ 9.4736215, 53.401692 ] ] } },
{ "type": "Feature", "properties": { "osm_type": "way", "osm_id": 807906339, "category": "other", "type_de": "Sonstige Löschwasser-/Wasserstelle", "all_tags": { "building": "yes", "content": "gas", "man_made": "storage_tank" }, "name": null, "ref": null, "operator": null, "access": null, "description": null, "note": null, "check_date": null, "fire_hydrant_type": null, "fire_hydrant_diameter": null, "fire_hydrant_pressure": null, "fire_hydrant_couplings": null, "fire_hydrant_position": null, "water_source": null, "water_tank_volume": null, "capacity": null, "diameter": null, "pressure": null, "source": null, "lon": 9.4740564, "lat": 53.4014603 }, "geometry": { "type": "LineString", "coordinates": [ [ 9.4739153, 53.4016375 ], [ 9.4739601, 53.4016577 ], [ 9.4740133, 53.4016684 ], [ 9.4740694, 53.4016686 ], [ 9.4741228, 53.4016583 ], [ 9.474168, 53.4016384 ], [ 9.4742005, 53.4016111 ], [ 9.4742168, 53.4015791 ], [ 9.4742154, 53.4015456 ], [ 9.4741964, 53.4015141 ], [ 9.4741618, 53.4014878 ], [ 9.474115, 53.4014693 ], [ 9.4740564, 53.4014603 ], [ 9.4739962, 53.4014636 ], [ 9.4739415, 53.4014789 ], [ 9.4738986, 53.4015043 ], [ 9.4738727, 53.4015368 ], [ 9.4738668, 53.4015727 ], [ 9.4738815, 53.4016076 ], [ 9.4739153, 53.4016375 ] ] } },
{ "type": "Feature", "properties": { "osm_type": "way", "osm_id": 807912569, "category": "other", "type_de": "Sonstige Löschwasser-/Wasserstelle", "all_tags": { "building": "farm_auxiliary", "content": "slurry", "man_made": "storage_tank", "material": "concrete" }, "name": null, "ref": null, "operator": null, "access": null, "description": null, "note": null, "check_date": null, "fire_hydrant_type": null, "fire_hydrant_diameter": null, "fire_hydrant_pressure": null, "fire_hydrant_couplings": null, "fire_hydrant_position": null, "water_source": null, "water_tank_volume": null, "capacity": null, "diameter": null, "pressure": null, "source": null, "lon": 9.4673083, "lat": 53.412556 }, "geometry": { "type": "LineString", "coordinates": [ [ 9.467207, 53.4125153 ], [ 9.4672326, 53.4125353 ], [ 9.4672676, 53.4125494 ], [ 9.4673083, 53.412556 ], [ 9.4673519, 53.4125543 ], [ 9.4673921, 53.4125442 ], [ 9.4674245, 53.4125267 ], [ 9.4674453, 53.4125038 ], [ 9.4674523, 53.4124781 ], [ 9.4674446, 53.4124524 ], [ 9.4674231, 53.4124298 ], [ 9.4673903, 53.4124126 ], [ 9.4673498, 53.4124028 ], [ 9.4673076, 53.4124015 ], [ 9.467267, 53.4124083 ], [ 9.4672321, 53.4124225 ], [ 9.4672066, 53.4124425 ], [ 9.4671933, 53.4124664 ], [ 9.4671934, 53.4124915 ], [ 9.467207, 53.4125153 ] ] } },
{ "type": "Feature", "properties": { "osm_type": "way", "osm_id": 809303743, "category": "other", "type_de": "Sonstige Löschwasser-/Wasserstelle", "all_tags": { "building": "yes", "content": "slurry", "man_made": "storage_tank" }, "name": null, "ref": null, "operator": null, "access": null, "description": null, "note": null, "check_date": null, "fire_hydrant_type": null, "fire_hydrant_diameter": null, "fire_hydrant_pressure": null, "fire_hydrant_couplings": null, "fire_hydrant_position": null, "water_source": null, "water_tank_volume": null, "capacity": null, "diameter": null, "pressure": null, "source": null, "lon": 9.4389421, "lat": 53.3956096 }, "geometry": { "type": "LineString", "coordinates": [ [ 9.4388688, 53.395741 ], [ 9.4389019, 53.3957553 ], [ 9.4389408, 53.3957627 ], [ 9.4389817, 53.3957626 ], [ 9.439024, 53.3957537 ], [ 9.4390587, 53.3957368 ], [ 9.4390817, 53.3957139 ], [ 9.4390903, 53.3956877 ], [ 9.4390835, 53.3956613 ], [ 9.439062, 53.3956379 ], [ 9.4390285, 53.3956202 ], [ 9.4389868, 53.3956104 ], [ 9.4389421, 53.3956096 ], [ 9.438903, 53.3956168 ], [ 9.4388696, 53.3956309 ], [ 9.4388453, 53.3956505 ], [ 9.4388324, 53.3956736 ], [ 9.4388322, 53.395698 ], [ 9.4388447, 53.3957212 ], [ 9.4388688, 53.395741 ] ] } },
{ "type": "Feature", "properties": { "osm_type": "way", "osm_id": 809303755, "category": "other", "type_de": "Sonstige Löschwasser-/Wasserstelle", "all_tags": { "building": "yes", "content": "slurry", "man_made": "storage_tank" }, "name": null, "ref": null, "operator": null, "access": null, "description": null, "note": null, "check_date": null, "fire_hydrant_type": null, "fire_hydrant_diameter": null, "fire_hydrant_pressure": null, "fire_hydrant_couplings": null, "fire_hydrant_position": null, "water_source": null, "water_tank_volume": null, "capacity": null, "diameter": null, "pressure": null, "source": null, "lon": 9.4336152, "lat": 53.3946186 }, "geometry": { "type": "LineString", "coordinates": [ [ 9.4335168, 53.3945322 ], [ 9.433509, 53.3945526 ], [ 9.4335128, 53.3945734 ], [ 9.4335279, 53.3945922 ], [ 9.4335516, 53.3946066 ], [ 9.4335817, 53.3946157 ], [ 9.4336152, 53.3946186 ], [ 9.4336485, 53.394615 ], [ 9.4336781, 53.3946053 ], [ 9.4337009, 53.3945905 ], [ 9.4337147, 53.3945721 ], [ 9.4337179, 53.394552 ], [ 9.4337102, 53.3945324 ], [ 9.4336916, 53.3945147 ], [ 9.4336642, 53.3945016 ], [ 9.4336311, 53.3944947 ], [ 9.4335961, 53.3944947 ], [ 9.433563, 53.3945015 ], [ 9.4335355, 53.3945145 ], [ 9.4335168, 53.3945322 ] ] } },
{ "type": "Feature", "properties": { "osm_type": "way", "osm_id": 809320652, "category": "other", "type_de": "Sonstige Löschwasser-/Wasserstelle", "all_tags": { "building": "yes", "content": "slurry", "man_made": "storage_tank" }, "name": null, "ref": null, "operator": null, "access": null, "description": null, "note": null, "check_date": null, "fire_hydrant_type": null, "fire_hydrant_diameter": null, "fire_hydrant_pressure": null, "fire_hydrant_couplings": null, "fire_hydrant_position": null, "water_source": null, "water_tank_volume": null, "capacity": null, "diameter": null, "pressure": null, "source": null, "lon": 9.4569779, "lat": 53.3855584 }, "geometry": { "type": "LineString", "coordinates": [ [ 9.4568069, 53.3857385 ], [ 9.4568477, 53.3857711 ], [ 9.4569041, 53.385794 ], [ 9.4569699, 53.3858047 ], [ 9.457038, 53.3858022 ], [ 9.457101, 53.3857866 ], [ 9.4571521, 53.3857596 ], [ 9.4571857, 53.3857242 ], [ 9.4571983, 53.3856842 ], [ 9.4571883, 53.3856439 ], [ 9.457157, 53.3856077 ], [ 9.4571077, 53.3855796 ], [ 9.4570458, 53.3855625 ], [ 9.4569779, 53.3855584 ], [ 9.4569115, 53.3855676 ], [ 9.4568536, 53.3855892 ], [ 9.4568107, 53.3856208 ], [ 9.4567873, 53.3856591 ], [ 9.456786, 53.3856997 ], [ 9.4568069, 53.3857385 ] ] } },
{ "type": "Feature", "properties": { "osm_type": "way", "osm_id": 809362913, "category": "other", "type_de": "Sonstige Löschwasser-/Wasserstelle", "all_tags": { "building": "yes", "content": "slurry", "man_made": "storage_tank" }, "name": null, "ref": null, "operator": null, "access": null, "description": null, "note": null, "check_date": null, "fire_hydrant_type": null, "fire_hydrant_diameter": null, "fire_hydrant_pressure": null, "fire_hydrant_couplings": null, "fire_hydrant_position": null, "water_source": null, "water_tank_volume": null, "capacity": null, "diameter": null, "pressure": null, "source": null, "lon": 9.4374761, "lat": 53.3746065 }, "geometry": { "type": "LineString", "coordinates": [ [ 9.43738, 53.3747178 ], [ 9.4374104, 53.374732 ], [ 9.437447, 53.3747393 ], [ 9.4374825, 53.3747391 ], [ 9.4375161, 53.3747322 ], [ 9.4375445, 53.3747194 ], [ 9.4375647, 53.374702 ], [ 9.4375748, 53.3746817 ], [ 9.4375738, 53.3746605 ], [ 9.4375618, 53.3746406 ], [ 9.4375399, 53.3746239 ], [ 9.4375103, 53.3746122 ], [ 9.4374761, 53.3746065 ], [ 9.4374376, 53.3746079 ], [ 9.4374022, 53.3746169 ], [ 9.437374, 53.3746326 ], [ 9.4373563, 53.3746531 ], [ 9.4373513, 53.3746759 ], [ 9.4373596, 53.3746984 ], [ 9.43738, 53.3747178 ] ] } },
{ "type": "Feature", "properties": { "osm_type": "way", "osm_id": 867517524, "category": "other", "type_de": "Sonstige Löschwasser-/Wasserstelle", "all_tags": { "building": "yes", "man_made": "storage_tank" }, "name": null, "ref": null, "operator": null, "access": null, "description": null, "note": null, "check_date": null, "fire_hydrant_type": null, "fire_hydrant_diameter": null, "fire_hydrant_pressure": null, "fire_hydrant_couplings": null, "fire_hydrant_position": null, "water_source": null, "water_tank_volume": null, "capacity": null, "diameter": null, "pressure": null, "source": null, "lon": 9.4232978, "lat": 53.3667564 }, "geometry": { "type": "LineString", "coordinates": [ [ 9.4233216, 53.3668133 ], [ 9.4233057, 53.3668164 ], [ 9.4232889, 53.3668164 ], [ 9.4232731, 53.3668131 ], [ 9.42326, 53.3668068 ], [ 9.423251, 53.3667984 ], [ 9.4232471, 53.3667888 ], [ 9.4232486, 53.3667789 ], [ 9.4232554, 53.3667699 ], [ 9.4232667, 53.3667626 ], [ 9.4232814, 53.366758 ], [ 9.4232978, 53.3667564 ], [ 9.4233141, 53.366758 ], [ 9.4233287, 53.3667627 ], [ 9.42334, 53.36677 ], [ 9.4233468, 53.3667791 ], [ 9.4233481, 53.3667891 ], [ 9.423344, 53.3667988 ], [ 9.4233348, 53.3668071 ], [ 9.4233216, 53.3668133 ] ] } },
{ "type": "Feature", "properties": { "osm_type": "way", "osm_id": 905564619, "category": "other", "type_de": "Sonstige Löschwasser-/Wasserstelle", "all_tags": { "man_made": "storage_tank" }, "name": null, "ref": null, "operator": null, "access": null, "description": null, "note": null, "check_date": null, "fire_hydrant_type": null, "fire_hydrant_diameter": null, "fire_hydrant_pressure": null, "fire_hydrant_couplings": null, "fire_hydrant_position": null, "water_source": null, "water_tank_volume": null, "capacity": null, "diameter": null, "pressure": null, "source": null, "lon": 9.2660889, "lat": 53.8262507 }, "geometry": { "type": "LineString", "coordinates": [ [ 9.2661765, 53.8262912 ], [ 9.2661845, 53.8263135 ], [ 9.2661791, 53.8263361 ], [ 9.2661609, 53.8263563 ], [ 9.2661321, 53.8263715 ], [ 9.2660963, 53.82638 ], [ 9.2660576, 53.8263808 ], [ 9.2660209, 53.8263737 ], [ 9.2659904, 53.8263596 ], [ 9.26597, 53.8263403 ], [ 9.265962, 53.826318 ], [ 9.2659674, 53.8262954 ], [ 9.2659856, 53.8262752 ], [ 9.2660144, 53.82626 ], [ 9.2660502, 53.8262515 ], [ 9.2660889, 53.8262507 ], [ 9.2661256, 53.8262578 ], [ 9.2661561, 53.8262718 ], [ 9.2661765, 53.8262912 ] ] } },
{ "type": "Feature", "properties": { "osm_type": "way", "osm_id": 905565740, "category": "other", "type_de": "Sonstige Löschwasser-/Wasserstelle", "all_tags": { "man_made": "storage_tank" }, "name": null, "ref": null, "operator": null, "access": null, "description": null, "note": null, "check_date": null, "fire_hydrant_type": null, "fire_hydrant_diameter": null, "fire_hydrant_pressure": null, "fire_hydrant_couplings": null, "fire_hydrant_position": null, "water_source": null, "water_tank_volume": null, "capacity": null, "diameter": null, "pressure": null, "source": null, "lon": 9.2911647, "lat": 53.8171094 }, "geometry": { "type": "LineString", "coordinates": [ [ 9.2913061, 53.8169687 ], [ 9.2913254, 53.816995 ], [ 9.2913299, 53.8170236 ], [ 9.2913192, 53.8170517 ], [ 9.2912944, 53.8170764 ], [ 9.2912579, 53.8170953 ], [ 9.2912132, 53.8171067 ], [ 9.2911647, 53.8171094 ], [ 9.2911173, 53.8171031 ], [ 9.2910754, 53.8170884 ], [ 9.2910433, 53.8170668 ], [ 9.291024, 53.8170405 ], [ 9.2910195, 53.8170119 ], [ 9.2910302, 53.8169838 ], [ 9.291055, 53.8169591 ], [ 9.2910916, 53.8169402 ], [ 9.2911362, 53.8169288 ], [ 9.2911847, 53.8169261 ], [ 9.2912322, 53.8169324 ], [ 9.291274, 53.8169471 ], [ 9.2913061, 53.8169687 ] ] } },
{ "type": "Feature", "properties": { "osm_type": "way", "osm_id": 905565741, "category": "other", "type_de": "Sonstige Löschwasser-/Wasserstelle", "all_tags": { "man_made": "storage_tank" }, "name": null, "ref": null, "operator": null, "access": null, "description": null, "note": null, "check_date": null, "fire_hydrant_type": null, "fire_hydrant_diameter": null, "fire_hydrant_pressure": null, "fire_hydrant_couplings": null, "fire_hydrant_position": null, "water_source": null, "water_tank_volume": null, "capacity": null, "diameter": null, "pressure": null, "source": null, "lon": 9.291543, "lat": 53.8170921 }, "geometry": { "type": "LineString", "coordinates": [ [ 9.2917058, 53.8169544 ], [ 9.2917221, 53.8169823 ], [ 9.291723, 53.8170117 ], [ 9.2917085, 53.8170399 ], [ 9.2916799, 53.8170641 ], [ 9.2916401, 53.8170819 ], [ 9.2915929, 53.8170915 ], [ 9.291543, 53.8170921 ], [ 9.2914952, 53.8170835 ], [ 9.2914543, 53.8170666 ], [ 9.2914242, 53.8170431 ], [ 9.2914078, 53.8170152 ], [ 9.2914069, 53.8169858 ], [ 9.2914214, 53.8169576 ], [ 9.29145, 53.8169334 ], [ 9.2914899, 53.8169156 ], [ 9.2915371, 53.816906 ], [ 9.291587, 53.8169054 ], [ 9.2916347, 53.816914 ], [ 9.2916757, 53.8169309 ], [ 9.2917058, 53.8169544 ] ] } },
{ "type": "Feature", "properties": { "osm_type": "way", "osm_id": 905565742, "category": "other", "type_de": "Sonstige Löschwasser-/Wasserstelle", "all_tags": { "man_made": "storage_tank" }, "name": null, "ref": null, "operator": null, "access": null, "description": null, "note": null, "check_date": null, "fire_hydrant_type": null, "fire_hydrant_diameter": null, "fire_hydrant_pressure": null, "fire_hydrant_couplings": null, "fire_hydrant_position": null, "water_source": null, "water_tank_volume": null, "capacity": null, "diameter": null, "pressure": null, "source": null, "lon": 9.2913764, "lat": 53.8174086 }, "geometry": { "type": "LineString", "coordinates": [ [ 9.2916012, 53.8172109 ], [ 9.2916161, 53.8172447 ], [ 9.2916168, 53.8172796 ], [ 9.2916034, 53.8173135 ], [ 9.2915767, 53.8173446 ], [ 9.2915381, 53.817371 ], [ 9.2914899, 53.8173912 ], [ 9.2914349, 53.817404 ], [ 9.2913764, 53.8174086 ], [ 9.2913176, 53.8174049 ], [ 9.2912621, 53.8173929 ], [ 9.2912131, 53.8173735 ], [ 9.2911733, 53.8173477 ], [ 9.2911452, 53.817317 ], [ 9.2911303, 53.8172833 ], [ 9.2911296, 53.8172484 ], [ 9.291143, 53.8172144 ], [ 9.2911697, 53.8171834 ], [ 9.2912083, 53.8171569 ], [ 9.2912565, 53.8171368 ], [ 9.2913115, 53.817124 ], [ 9.29137, 53.8171193 ], [ 9.2914288, 53.8171231 ], [ 9.2914843, 53.817135 ], [ 9.2915333, 53.8171545 ], [ 9.291573, 53.8171803 ], [ 9.2916012, 53.8172109 ] ] } },
{ "type": "Feature", "properties": { "osm_type": "way", "osm_id": 905736194, "category": "other", "type_de": "Sonstige Löschwasser-/Wasserstelle", "all_tags": { "man_made": "storage_tank" }, "name": null, "ref": null, "operator": null, "access": null, "description": null, "note": null, "check_date": null, "fire_hydrant_type": null, "fire_hydrant_diameter": null, "fire_hydrant_pressure": null, "fire_hydrant_couplings": null, "fire_hydrant_position": null, "water_source": null, "water_tank_volume": null, "capacity": null, "diameter": null, "pressure": null, "source": null, "lon": 9.1986955, "lat": 53.8228608 }, "geometry": { "type": "LineString", "coordinates": [ [ 9.1987605, 53.8228834 ], [ 9.1987603, 53.8228997 ], [ 9.1987463, 53.8229137 ], [ 9.1987223, 53.8229218 ], [ 9.1986947, 53.8229216 ], [ 9.1986709, 53.8229134 ], [ 9.1986573, 53.8228992 ], [ 9.1986575, 53.8228829 ], [ 9.1986715, 53.8228688 ], [ 9.1986955, 53.8228608 ], [ 9.1987231, 53.8228609 ], [ 9.1987469, 53.8228692 ], [ 9.1987605, 53.8228834 ] ] } },
{ "type": "Feature", "properties": { "osm_type": "way", "osm_id": 905736279, "category": "other", "type_de": "Sonstige Löschwasser-/Wasserstelle", "all_tags": { "man_made": "storage_tank" }, "name": null, "ref": null, "operator": null, "access": null, "description": null, "note": null, "check_date": null, "fire_hydrant_type": null, "fire_hydrant_diameter": null, "fire_hydrant_pressure": null, "fire_hydrant_couplings": null, "fire_hydrant_position": null, "water_source": null, "water_tank_volume": null, "capacity": null, "diameter": null, "pressure": null, "source": null, "lon": 9.184189, "lat": 53.5654431 }, "geometry": { "type": "LineString", "coordinates": [ [ 9.184294, 53.5654727 ], [ 9.1843077, 53.5654956 ], [ 9.1843057, 53.5655198 ], [ 9.1842881, 53.5655417 ], [ 9.1842578, 53.5655579 ], [ 9.1842194, 53.5655661 ], [ 9.1841786, 53.5655648 ], [ 9.1841417, 53.5655544 ], [ 9.1841143, 53.5655364 ], [ 9.1841006, 53.5655136 ], [ 9.1841027, 53.5654894 ], [ 9.1841202, 53.5654675 ], [ 9.1841505, 53.5654512 ], [ 9.184189, 53.5654431 ], [ 9.1842298, 53.5654443 ], [ 9.1842667, 53.5654547 ], [ 9.184294, 53.5654727 ] ] } },
{ "type": "Feature", "properties": { "osm_type": "way", "osm_id": 905741485, "category": "other", "type_de": "Sonstige Löschwasser-/Wasserstelle", "all_tags": { "man_made": "storage_tank" }, "name": null, "ref": null, "operator": null, "access": null, "description": null, "note": null, "check_date": null, "fire_hydrant_type": null, "fire_hydrant_diameter": null, "fire_hydrant_pressure": null, "fire_hydrant_couplings": null, "fire_hydrant_position": null, "water_source": null, "water_tank_volume": null, "capacity": null, "diameter": null, "pressure": null, "source": null, "lon": 9.2387646, "lat": 53.8274736 }, "geometry": { "type": "LineString", "coordinates": [ [ 9.2388797, 53.8275229 ], [ 9.2388824, 53.8275455 ], [ 9.2388718, 53.8275673 ], [ 9.2388493, 53.8275856 ], [ 9.2388174, 53.8275983 ], [ 9.2387802, 53.8276038 ], [ 9.238742, 53.8276014 ], [ 9.2387074, 53.8275915 ], [ 9.2386807, 53.8275752 ], [ 9.2386651, 53.8275545 ], [ 9.2386624, 53.8275319 ], [ 9.238673, 53.8275101 ], [ 9.2386955, 53.8274918 ], [ 9.2387273, 53.8274791 ], [ 9.2387646, 53.8274736 ], [ 9.2388028, 53.8274759 ], [ 9.2388373, 53.8274859 ], [ 9.238864, 53.8275022 ], [ 9.2388797, 53.8275229 ] ] } },
{ "type": "Feature", "properties": { "osm_type": "way", "osm_id": 905889481, "category": "other", "type_de": "Sonstige Löschwasser-/Wasserstelle", "all_tags": { "man_made": "storage_tank" }, "name": null, "ref": null, "operator": null, "access": null, "description": null, "note": null, "check_date": null, "fire_hydrant_type": null, "fire_hydrant_diameter": null, "fire_hydrant_pressure": null, "fire_hydrant_couplings": null, "fire_hydrant_position": null, "water_source": null, "water_tank_volume": null, "capacity": null, "diameter": null, "pressure": null, "source": null, "lon": 9.4410301, "lat": 53.5284563 }, "geometry": { "type": "LineString", "coordinates": [ [ 9.4411182, 53.528498 ], [ 9.4411227, 53.5285213 ], [ 9.4411118, 53.5285439 ], [ 9.4410871, 53.5285623 ], [ 9.4410525, 53.5285737 ], [ 9.4410132, 53.5285764 ], [ 9.4409752, 53.5285699 ], [ 9.4409443, 53.5285552 ], [ 9.4409251, 53.5285346 ], [ 9.4409207, 53.5285113 ], [ 9.4409316, 53.5284887 ], [ 9.4409562, 53.5284703 ], [ 9.4409908, 53.5284589 ], [ 9.4410301, 53.5284563 ], [ 9.4410681, 53.5284628 ], [ 9.4410991, 53.5284774 ], [ 9.4411182, 53.528498 ] ] } },
{ "type": "Feature", "properties": { "osm_type": "way", "osm_id": 905916363, "category": "other", "type_de": "Sonstige Löschwasser-/Wasserstelle", "all_tags": { "building": "yes", "content": "slurry", "man_made": "storage_tank" }, "name": null, "ref": null, "operator": null, "access": null, "description": null, "note": null, "check_date": null, "fire_hydrant_type": null, "fire_hydrant_diameter": null, "fire_hydrant_pressure": null, "fire_hydrant_couplings": null, "fire_hydrant_position": null, "water_source": null, "water_tank_volume": null, "capacity": null, "diameter": null, "pressure": null, "source": null, "lon": 9.4227687, "lat": 53.4395972 }, "geometry": { "type": "LineString", "coordinates": [ [ 9.422957, 53.4394436 ], [ 9.4229691, 53.439475 ], [ 9.4229659, 53.4395071 ], [ 9.4229476, 53.4395374 ], [ 9.4229157, 53.4395634 ], [ 9.4228729, 53.439583 ], [ 9.4228225, 53.4395946 ], [ 9.4227687, 53.4395972 ], [ 9.4227157, 53.4395908 ], [ 9.422668, 53.4395757 ], [ 9.4226294, 53.4395532 ], [ 9.4226029, 53.4395251 ], [ 9.4225909, 53.4394938 ], [ 9.4225941, 53.4394617 ], [ 9.4226124, 53.4394314 ], [ 9.4226442, 53.4394054 ], [ 9.4226871, 53.4393858 ], [ 9.4227375, 53.4393742 ], [ 9.4227913, 53.4393715 ], [ 9.4228442, 53.439378 ], [ 9.4228919, 53.4393931 ], [ 9.4229306, 53.4394156 ], [ 9.422957, 53.4394436 ] ] } },
{ "type": "Feature", "properties": { "osm_type": "way", "osm_id": 905918393, "category": "other", "type_de": "Sonstige Löschwasser-/Wasserstelle", "all_tags": { "man_made": "storage_tank" }, "name": null, "ref": null, "operator": null, "access": null, "description": null, "note": null, "check_date": null, "fire_hydrant_type": null, "fire_hydrant_diameter": null, "fire_hydrant_pressure": null, "fire_hydrant_couplings": null, "fire_hydrant_position": null, "water_source": null, "water_tank_volume": null, "capacity": null, "diameter": null, "pressure": null, "source": null, "lon": 9.2928854, "lat": 53.7134973 }, "geometry": { "type": "LineString", "coordinates": [ [ 9.2930603, 53.7135552 ], [ 9.2930782, 53.7135846 ], [ 9.2930815, 53.7136158 ], [ 9.2930697, 53.7136462 ], [ 9.2930439, 53.7136735 ], [ 9.2930063, 53.7136953 ], [ 9.2929597, 53.71371 ], [ 9.292908, 53.7137164 ], [ 9.2928554, 53.7137138 ], [ 9.2928062, 53.7137026 ], [ 9.2927643, 53.7136836 ], [ 9.2927331, 53.7136584 ], [ 9.2927151, 53.7136291 ], [ 9.2927119, 53.7135979 ], [ 9.2927237, 53.7135674 ], [ 9.2927494, 53.7135402 ], [ 9.2927871, 53.7135183 ], [ 9.2928337, 53.7135037 ], [ 9.2928854, 53.7134973 ], [ 9.292938, 53.7134999 ], [ 9.2929872, 53.7135111 ], [ 9.2930291, 53.7135301 ], [ 9.2930603, 53.7135552 ] ] } },
{ "type": "Feature", "properties": { "osm_type": "way", "osm_id": 916159669, "category": "other", "type_de": "Sonstige Löschwasser-/Wasserstelle", "all_tags": { "man_made": "storage_tank" }, "name": null, "ref": null, "operator": null, "access": null, "description": null, "note": null, "check_date": null, "fire_hydrant_type": null, "fire_hydrant_diameter": null, "fire_hydrant_pressure": null, "fire_hydrant_couplings": null, "fire_hydrant_position": null, "water_source": null, "water_tank_volume": null, "capacity": null, "diameter": null, "pressure": null, "source": null, "lon": 9.3565159, "lat": 53.6222964 }, "geometry": { "type": "LineString", "coordinates": [ [ 9.3566394, 53.6221716 ], [ 9.3566565, 53.6221949 ], [ 9.3566607, 53.6222202 ], [ 9.3566515, 53.622245 ], [ 9.3566298, 53.6222669 ], [ 9.3565978, 53.6222838 ], [ 9.3565586, 53.622294 ], [ 9.3565159, 53.6222964 ], [ 9.3564741, 53.622291 ], [ 9.3564372, 53.6222781 ], [ 9.3564087, 53.6222591 ], [ 9.3563916, 53.6222358 ], [ 9.3563874, 53.6222106 ], [ 9.3563966, 53.6221858 ], [ 9.3564183, 53.6221638 ], [ 9.3564503, 53.622147 ], [ 9.3564895, 53.6221368 ], [ 9.3565322, 53.6221343 ], [ 9.356574, 53.6221398 ], [ 9.3566109, 53.6221526 ], [ 9.3566394, 53.6221716 ] ] } },
{ "type": "Feature", "properties": { "osm_type": "way", "osm_id": 916163541, "category": "other", "type_de": "Sonstige Löschwasser-/Wasserstelle", "all_tags": { "man_made": "storage_tank" }, "name": null, "ref": null, "operator": null, "access": null, "description": null, "note": null, "check_date": null, "fire_hydrant_type": null, "fire_hydrant_diameter": null, "fire_hydrant_pressure": null, "fire_hydrant_couplings": null, "fire_hydrant_position": null, "water_source": null, "water_tank_volume": null, "capacity": null, "diameter": null, "pressure": null, "source": null, "lon": 9.3249883, "lat": 53.5534433 }, "geometry": { "type": "LineString", "coordinates": [ [ 9.3250912, 53.5534791 ], [ 9.3251019, 53.5535032 ], [ 9.3250961, 53.5535278 ], [ 9.325075, 53.5535493 ], [ 9.3250416, 53.5535644 ], [ 9.3250011, 53.5535707 ], [ 9.3249596, 53.5535673 ], [ 9.3249234, 53.5535547 ], [ 9.3248981, 53.5535349 ], [ 9.3248875, 53.5535108 ], [ 9.3248932, 53.5534861 ], [ 9.3249144, 53.5534647 ], [ 9.3249477, 53.5534496 ], [ 9.3249883, 53.5534433 ], [ 9.3250298, 53.5534467 ], [ 9.3250659, 53.5534593 ], [ 9.3250912, 53.5534791 ] ] } },
{ "type": "Feature", "properties": { "osm_type": "way", "osm_id": 916189191, "category": "other", "type_de": "Sonstige Löschwasser-/Wasserstelle", "all_tags": { "man_made": "storage_tank" }, "name": null, "ref": null, "operator": null, "access": null, "description": null, "note": null, "check_date": null, "fire_hydrant_type": null, "fire_hydrant_diameter": null, "fire_hydrant_pressure": null, "fire_hydrant_couplings": null, "fire_hydrant_position": null, "water_source": null, "water_tank_volume": null, "capacity": null, "diameter": null, "pressure": null, "source": null, "lon": 9.3111159, "lat": 53.502716 }, "geometry": { "type": "LineString", "coordinates": [ [ 9.3112162, 53.5027571 ], [ 9.3112274, 53.5027813 ], [ 9.3112241, 53.5028064 ], [ 9.3112065, 53.5028293 ], [ 9.3111768, 53.5028472 ], [ 9.3111386, 53.502858 ], [ 9.3110965, 53.5028604 ], [ 9.3110556, 53.5028541 ], [ 9.3110208, 53.5028398 ], [ 9.3109962, 53.5028193 ], [ 9.310985, 53.5027951 ], [ 9.3109883, 53.50277 ], [ 9.3110059, 53.5027471 ], [ 9.3110356, 53.5027292 ], [ 9.3110738, 53.5027184 ], [ 9.3111159, 53.502716 ], [ 9.3111568, 53.5027223 ], [ 9.3111917, 53.5027366 ], [ 9.3112162, 53.5027571 ] ] } },
{ "type": "Feature", "properties": { "osm_type": "way", "osm_id": 916204660, "category": "other", "type_de": "Sonstige Löschwasser-/Wasserstelle", "all_tags": { "man_made": "storage_tank" }, "name": null, "ref": null, "operator": null, "access": null, "description": null, "note": null, "check_date": null, "fire_hydrant_type": null, "fire_hydrant_diameter": null, "fire_hydrant_pressure": null, "fire_hydrant_couplings": null, "fire_hydrant_position": null, "water_source": null, "water_tank_volume": null, "capacity": null, "diameter": null, "pressure": null, "source": null, "lon": 9.2807658, "lat": 53.5812268 }, "geometry": { "type": "LineString", "coordinates": [ [ 9.2808053, 53.5810889 ], [ 9.2808414, 53.5811011 ], [ 9.2808683, 53.5811199 ], [ 9.2808827, 53.5811431 ], [ 9.280883, 53.5811677 ], [ 9.280869, 53.581191 ], [ 9.2808425, 53.58121 ], [ 9.2808066, 53.5812224 ], [ 9.2807658, 53.5812268 ], [ 9.2807248, 53.5812227 ], [ 9.2806887, 53.5812105 ], [ 9.2806618, 53.5811917 ], [ 9.2806474, 53.5811686 ], [ 9.2806471, 53.5811439 ], [ 9.2806611, 53.5811207 ], [ 9.2806876, 53.5811017 ], [ 9.2807235, 53.5810892 ], [ 9.2807643, 53.5810848 ], [ 9.2808053, 53.5810889 ] ] } },
{ "type": "Feature", "properties": { "osm_type": "way", "osm_id": 916269984, "category": "other", "type_de": "Sonstige Löschwasser-/Wasserstelle", "all_tags": { "man_made": "storage_tank" }, "name": null, "ref": null, "operator": null, "access": null, "description": null, "note": null, "check_date": null, "fire_hydrant_type": null, "fire_hydrant_diameter": null, "fire_hydrant_pressure": null, "fire_hydrant_couplings": null, "fire_hydrant_position": null, "water_source": null, "water_tank_volume": null, "capacity": null, "diameter": null, "pressure": null, "source": null, "lon": 9.3142375, "lat": 53.5207813 }, "geometry": { "type": "LineString", "coordinates": [ [ 9.3143383, 53.5206817 ], [ 9.3143452, 53.5207077 ], [ 9.3143367, 53.5207336 ], [ 9.3143139, 53.5207562 ], [ 9.3142795, 53.5207728 ], [ 9.3142375, 53.5207813 ], [ 9.3141932, 53.5207809 ], [ 9.3141518, 53.5207714 ], [ 9.3141184, 53.5207542 ], [ 9.3140969, 53.5207311 ], [ 9.3140899, 53.5207051 ], [ 9.3140984, 53.5206792 ], [ 9.3141212, 53.5206566 ], [ 9.3141557, 53.52064 ], [ 9.3141976, 53.5206314 ], [ 9.3142419, 53.5206319 ], [ 9.3142833, 53.5206413 ], [ 9.3143168, 53.5206586 ], [ 9.3143383, 53.5206817 ] ] } },
{ "type": "Feature", "properties": { "osm_type": "way", "osm_id": 916350555, "category": "other", "type_de": "Sonstige Löschwasser-/Wasserstelle", "all_tags": { "man_made": "storage_tank" }, "name": null, "ref": null, "operator": null, "access": null, "description": null, "note": null, "check_date": null, "fire_hydrant_type": null, "fire_hydrant_diameter": null, "fire_hydrant_pressure": null, "fire_hydrant_couplings": null, "fire_hydrant_position": null, "water_source": null, "water_tank_volume": null, "capacity": null, "diameter": null, "pressure": null, "source": null, "lon": 9.2591867, "lat": 53.6107645 }, "geometry": { "type": "LineString", "coordinates": [ [ 9.2593342, 53.6108179 ], [ 9.2593412, 53.6108453 ], [ 9.259332, 53.6108724 ], [ 9.2593077, 53.6108961 ], [ 9.2592712, 53.6109134 ], [ 9.2592269, 53.6109222 ], [ 9.2591803, 53.6109215 ], [ 9.2591368, 53.6109114 ], [ 9.2591018, 53.6108931 ], [ 9.2590794, 53.6108688 ], [ 9.2590724, 53.6108414 ], [ 9.2590816, 53.6108143 ], [ 9.2591059, 53.6107906 ], [ 9.2591424, 53.6107733 ], [ 9.2591867, 53.6107645 ], [ 9.2592333, 53.6107652 ], [ 9.2592768, 53.6107753 ], [ 9.2593118, 53.6107936 ], [ 9.2593342, 53.6108179 ] ] } },
{ "type": "Feature", "properties": { "osm_type": "way", "osm_id": 917322241, "category": "other", "type_de": "Sonstige Löschwasser-/Wasserstelle", "all_tags": { "content": "slurry", "man_made": "storage_tank" }, "name": null, "ref": null, "operator": null, "access": null, "description": null, "note": null, "check_date": null, "fire_hydrant_type": null, "fire_hydrant_diameter": null, "fire_hydrant_pressure": null, "fire_hydrant_couplings": null, "fire_hydrant_position": null, "water_source": null, "water_tank_volume": null, "capacity": null, "diameter": null, "pressure": null, "source": null, "lon": 9.4083349, "lat": 53.3666765 }, "geometry": { "type": "LineString", "coordinates": [ [ 9.4084033, 53.3666181 ], [ 9.4084027, 53.3666378 ], [ 9.4083894, 53.3666558 ], [ 9.4083656, 53.3666694 ], [ 9.4083349, 53.3666765 ], [ 9.408302, 53.3666761 ], [ 9.4082718, 53.3666682 ], [ 9.408249, 53.366654 ], [ 9.408237, 53.3666357 ], [ 9.4082377, 53.3666161 ], [ 9.408251, 53.3665981 ], [ 9.4082747, 53.3665844 ], [ 9.4083054, 53.3665773 ], [ 9.4083384, 53.3665777 ], [ 9.4083685, 53.3665856 ], [ 9.4083914, 53.3665998 ], [ 9.4084033, 53.3666181 ] ] } },
{ "type": "Feature", "properties": { "osm_type": "way", "osm_id": 917735499, "category": "other", "type_de": "Sonstige Löschwasser-/Wasserstelle", "all_tags": { "man_made": "storage_tank" }, "name": null, "ref": null, "operator": null, "access": null, "description": null, "note": null, "check_date": null, "fire_hydrant_type": null, "fire_hydrant_diameter": null, "fire_hydrant_pressure": null, "fire_hydrant_couplings": null, "fire_hydrant_position": null, "water_source": null, "water_tank_volume": null, "capacity": null, "diameter": null, "pressure": null, "source": null, "lon": 9.4549849, "lat": 53.3493465 }, "geometry": { "type": "LineString", "coordinates": [ [ 9.4550979, 53.3493801 ], [ 9.4551154, 53.3494041 ], [ 9.4551181, 53.3494303 ], [ 9.4551057, 53.3494554 ], [ 9.4550796, 53.3494764 ], [ 9.455043, 53.3494909 ], [ 9.4550004, 53.349497 ], [ 9.4549568, 53.349494 ], [ 9.4549176, 53.3494824 ], [ 9.4548874, 53.3494634 ], [ 9.4548699, 53.3494394 ], [ 9.4548672, 53.3494133 ], [ 9.4548796, 53.3493881 ], [ 9.4549057, 53.3493671 ], [ 9.4549422, 53.3493526 ], [ 9.4549849, 53.3493465 ], [ 9.4550285, 53.3493495 ], [ 9.4550677, 53.3493611 ], [ 9.4550979, 53.3493801 ] ] } },
{ "type": "Feature", "properties": { "osm_type": "way", "osm_id": 917803343, "category": "other", "type_de": "Sonstige Löschwasser-/Wasserstelle", "all_tags": { "building": "farm_auxiliary", "content": "slurry", "man_made": "storage_tank" }, "name": null, "ref": null, "operator": null, "access": null, "description": null, "note": null, "check_date": null, "fire_hydrant_type": null, "fire_hydrant_diameter": null, "fire_hydrant_pressure": null, "fire_hydrant_couplings": null, "fire_hydrant_position": null, "water_source": null, "water_tank_volume": null, "capacity": null, "diameter": null, "pressure": null, "source": null, "lon": 9.5017285, "lat": 53.3917051 }, "geometry": { "type": "LineString", "coordinates": [ [ 9.5018998, 53.3915603 ], [ 9.5019166, 53.3915897 ], [ 9.5019173, 53.3916208 ], [ 9.5019019, 53.3916506 ], [ 9.5018718, 53.391676 ], [ 9.50183, 53.3916946 ], [ 9.5017806, 53.3917047 ], [ 9.5017285, 53.3917051 ], [ 9.5016786, 53.3916959 ], [ 9.501636, 53.391678 ], [ 9.5016047, 53.3916531 ], [ 9.5015879, 53.3916236 ], [ 9.5015872, 53.3915925 ], [ 9.5016026, 53.3915628 ], [ 9.5016327, 53.3915373 ], [ 9.5016745, 53.3915187 ], [ 9.5017239, 53.3915087 ], [ 9.501776, 53.3915082 ], [ 9.5018259, 53.3915174 ], [ 9.5018685, 53.3915354 ], [ 9.5018998, 53.3915603 ] ] } },
{ "type": "Feature", "properties": { "osm_type": "way", "osm_id": 917979408, "category": "other", "type_de": "Sonstige Löschwasser-/Wasserstelle", "all_tags": { "building": "yes", "content": "slurry", "man_made": "storage_tank" }, "name": null, "ref": null, "operator": null, "access": null, "description": null, "note": null, "check_date": null, "fire_hydrant_type": null, "fire_hydrant_diameter": null, "fire_hydrant_pressure": null, "fire_hydrant_couplings": null, "fire_hydrant_position": null, "water_source": null, "water_tank_volume": null, "capacity": null, "diameter": null, "pressure": null, "source": null, "lon": 9.47004, "lat": 53.373407 }, "geometry": { "type": "LineString", "coordinates": [ [ 9.4701875, 53.3732734 ], [ 9.4701979, 53.3733037 ], [ 9.4701922, 53.3733345 ], [ 9.4701708, 53.3733626 ], [ 9.4701359, 53.3733855 ], [ 9.4700908, 53.3734008 ], [ 9.47004, 53.373407 ], [ 9.4699885, 53.3734036 ], [ 9.4699413, 53.3733908 ], [ 9.469903, 53.37337 ], [ 9.4698774, 53.3733431 ], [ 9.4698669, 53.3733128 ], [ 9.4698727, 53.3732821 ], [ 9.4698941, 53.3732539 ], [ 9.469929, 53.3732311 ], [ 9.4699741, 53.3732158 ], [ 9.4700248, 53.3732095 ], [ 9.4700763, 53.373213 ], [ 9.4701236, 53.3732257 ], [ 9.4701618, 53.3732466 ], [ 9.4701875, 53.3732734 ] ] } },
{ "type": "Feature", "properties": { "osm_type": "way", "osm_id": 917979412, "category": "other", "type_de": "Sonstige Löschwasser-/Wasserstelle", "all_tags": { "content": "slurry", "man_made": "storage_tank" }, "name": null, "ref": null, "operator": null, "access": null, "description": null, "note": null, "check_date": null, "fire_hydrant_type": null, "fire_hydrant_diameter": null, "fire_hydrant_pressure": null, "fire_hydrant_couplings": null, "fire_hydrant_position": null, "water_source": null, "water_tank_volume": null, "capacity": null, "diameter": null, "pressure": null, "source": null, "lon": 9.4755749, "lat": 53.3726297 }, "geometry": { "type": "LineString", "coordinates": [ [ 9.4756691, 53.3725522 ], [ 9.4756751, 53.3725744 ], [ 9.4756663, 53.3725962 ], [ 9.4756442, 53.3726144 ], [ 9.4756121, 53.3726262 ], [ 9.4755749, 53.3726297 ], [ 9.4755383, 53.3726245 ], [ 9.4755078, 53.3726113 ], [ 9.4754881, 53.3725922 ], [ 9.4754821, 53.37257 ], [ 9.4754909, 53.3725481 ], [ 9.475513, 53.3725299 ], [ 9.4755451, 53.3725182 ], [ 9.4755823, 53.3725146 ], [ 9.4756189, 53.3725198 ], [ 9.4756494, 53.372533 ], [ 9.4756691, 53.3725522 ] ] } },
{ "type": "Feature", "properties": { "osm_type": "way", "osm_id": 917982153, "category": "other", "type_de": "Sonstige Löschwasser-/Wasserstelle", "all_tags": { "content": "slurry", "man_made": "storage_tank" }, "name": null, "ref": null, "operator": null, "access": null, "description": null, "note": null, "check_date": null, "fire_hydrant_type": null, "fire_hydrant_diameter": null, "fire_hydrant_pressure": null, "fire_hydrant_couplings": null, "fire_hydrant_position": null, "water_source": null, "water_tank_volume": null, "capacity": null, "diameter": null, "pressure": null, "source": null, "lon": 9.4196979, "lat": 53.3902327 }, "geometry": { "type": "LineString", "coordinates": [ [ 9.4197893, 53.390271 ], [ 9.419796, 53.3902941 ], [ 9.4197874, 53.390317 ], [ 9.4197648, 53.3903361 ], [ 9.4197316, 53.3903486 ], [ 9.419693, 53.3903526 ], [ 9.4196547, 53.3903475 ], [ 9.4196226, 53.390334 ], [ 9.4196016, 53.3903142 ], [ 9.4195948, 53.3902912 ], [ 9.4196034, 53.3902683 ], [ 9.4196261, 53.3902492 ], [ 9.4196592, 53.3902367 ], [ 9.4196979, 53.3902327 ], [ 9.4197362, 53.3902378 ], [ 9.4197683, 53.3902513 ], [ 9.4197893, 53.390271 ] ] } },
{ "type": "Feature", "properties": { "osm_type": "way", "osm_id": 918004847, "category": "other", "type_de": "Sonstige Löschwasser-/Wasserstelle", "all_tags": { "man_made": "storage_tank" }, "name": null, "ref": null, "operator": null, "access": null, "description": null, "note": null, "check_date": null, "fire_hydrant_type": null, "fire_hydrant_diameter": null, "fire_hydrant_pressure": null, "fire_hydrant_couplings": null, "fire_hydrant_position": null, "water_source": null, "water_tank_volume": null, "capacity": null, "diameter": null, "pressure": null, "source": null, "lon": 9.4532314, "lat": 53.3524472 }, "geometry": { "type": "LineString", "coordinates": [ [ 9.4532901, 53.3524645 ], [ 9.4533068, 53.3524818 ], [ 9.4533111, 53.3525016 ], [ 9.4533024, 53.3525208 ], [ 9.4532821, 53.3525366 ], [ 9.4532531, 53.3525465 ], [ 9.45322, 53.3525491 ], [ 9.4531878, 53.3525439 ], [ 9.4531614, 53.3525318 ], [ 9.4531447, 53.3525145 ], [ 9.4531404, 53.3524948 ], [ 9.4531491, 53.3524755 ], [ 9.4531694, 53.3524597 ], [ 9.4531983, 53.3524498 ], [ 9.4532314, 53.3524472 ], [ 9.4532636, 53.3524524 ], [ 9.4532901, 53.3524645 ] ] } },
{ "type": "Feature", "properties": { "osm_type": "way", "osm_id": 918010317, "category": "other", "type_de": "Sonstige Löschwasser-/Wasserstelle", "all_tags": { "man_made": "storage_tank" }, "name": null, "ref": null, "operator": null, "access": null, "description": null, "note": null, "check_date": null, "fire_hydrant_type": null, "fire_hydrant_diameter": null, "fire_hydrant_pressure": null, "fire_hydrant_couplings": null, "fire_hydrant_position": null, "water_source": null, "water_tank_volume": null, "capacity": null, "diameter": null, "pressure": null, "source": null, "lon": 9.5273248, "lat": 53.4216006 }, "geometry": { "type": "LineString", "coordinates": [ [ 9.527472, 53.4216541 ], [ 9.5274827, 53.4216807 ], [ 9.5274792, 53.421708 ], [ 9.5274617, 53.4217333 ], [ 9.5274319, 53.4217541 ], [ 9.5273928, 53.4217684 ], [ 9.5273482, 53.4217748 ], [ 9.5273025, 53.4217727 ], [ 9.52726, 53.4217623 ], [ 9.5272251, 53.4217446 ], [ 9.5272011, 53.4217213 ], [ 9.5271903, 53.4216947 ], [ 9.5271938, 53.4216674 ], [ 9.5272113, 53.4216421 ], [ 9.5272411, 53.4216213 ], [ 9.5272802, 53.421607 ], [ 9.5273248, 53.4216006 ], [ 9.5273706, 53.4216027 ], [ 9.527413, 53.4216131 ], [ 9.5274479, 53.4216308 ], [ 9.527472, 53.4216541 ] ] } },
{ "type": "Feature", "properties": { "osm_type": "way", "osm_id": 918195446, "category": "other", "type_de": "Sonstige Löschwasser-/Wasserstelle", "all_tags": { "man_made": "storage_tank" }, "name": null, "ref": null, "operator": null, "access": null, "description": null, "note": null, "check_date": null, "fire_hydrant_type": null, "fire_hydrant_diameter": null, "fire_hydrant_pressure": null, "fire_hydrant_couplings": null, "fire_hydrant_position": null, "water_source": null, "water_tank_volume": null, "capacity": null, "diameter": null, "pressure": null, "source": null, "lon": 9.3686161, "lat": 53.4280778 }, "geometry": { "type": "LineString", "coordinates": [ [ 9.3686704, 53.4280112 ], [ 9.3686782, 53.4280318 ], [ 9.3686702, 53.4280523 ], [ 9.368648, 53.4280688 ], [ 9.3686161, 53.4280778 ], [ 9.3685807, 53.4280777 ], [ 9.3685489, 53.4280685 ], [ 9.3685269, 53.428052 ], [ 9.3685192, 53.4280314 ], [ 9.3685272, 53.4280109 ], [ 9.3685494, 53.4279945 ], [ 9.3685813, 53.4279854 ], [ 9.3686167, 53.4279855 ], [ 9.3686485, 53.4279947 ], [ 9.3686704, 53.4280112 ] ] } },
{ "type": "Feature", "properties": { "osm_type": "way", "osm_id": 932012201, "category": "other", "type_de": "Sonstige Löschwasser-/Wasserstelle", "all_tags": { "building": "farm_auxiliary", "content": "slurry", "man_made": "storage_tank" }, "name": null, "ref": null, "operator": null, "access": null, "description": null, "note": null, "check_date": null, "fire_hydrant_type": null, "fire_hydrant_diameter": null, "fire_hydrant_pressure": null, "fire_hydrant_couplings": null, "fire_hydrant_position": null, "water_source": null, "water_tank_volume": null, "capacity": null, "diameter": null, "pressure": null, "source": null, "lon": 9.3510183, "lat": 53.5841357 }, "geometry": { "type": "LineString", "coordinates": [ [ 9.3511891, 53.5842043 ], [ 9.3511611, 53.5841767 ], [ 9.3511209, 53.584155 ], [ 9.351072, 53.5841409 ], [ 9.3510183, 53.5841357 ], [ 9.3509644, 53.5841398 ], [ 9.3509147, 53.5841529 ], [ 9.3508734, 53.5841738 ], [ 9.3508437, 53.5842008 ], [ 9.3508283, 53.5842318 ], [ 9.3508284, 53.584264 ], [ 9.3508422, 53.5842926 ], [ 9.3508681, 53.5843181 ], [ 9.3509045, 53.5843385 ], [ 9.3509486, 53.5843526 ], [ 9.3509974, 53.5843593 ], [ 9.3510475, 53.5843582 ], [ 9.3510953, 53.5843492 ], [ 9.351143, 53.5843302 ], [ 9.3511789, 53.5843035 ], [ 9.3511996, 53.5842716 ], [ 9.3512031, 53.5842375 ], [ 9.3511891, 53.5842043 ] ] } },
{ "type": "Feature", "properties": { "osm_type": "way", "osm_id": 936776910, "category": "other", "type_de": "Sonstige Löschwasser-/Wasserstelle", "all_tags": { "man_made": "storage_tank" }, "name": null, "ref": null, "operator": null, "access": null, "description": null, "note": null, "check_date": null, "fire_hydrant_type": null, "fire_hydrant_diameter": null, "fire_hydrant_pressure": null, "fire_hydrant_couplings": null, "fire_hydrant_position": null, "water_source": null, "water_tank_volume": null, "capacity": null, "diameter": null, "pressure": null, "source": null, "lon": 9.3098531, "lat": 53.7894528 }, "geometry": { "type": "LineString", "coordinates": [ [ 9.3100226, 53.7891946 ], [ 9.3100623, 53.7892215 ], [ 9.31009, 53.7892532 ], [ 9.310104, 53.789288 ], [ 9.3101036, 53.7893237 ], [ 9.3100887, 53.7893583 ], [ 9.3100602, 53.7893898 ], [ 9.3100198, 53.7894163 ], [ 9.3099698, 53.7894364 ], [ 9.3099131, 53.7894488 ], [ 9.3098531, 53.7894528 ], [ 9.3097931, 53.7894483 ], [ 9.3097368, 53.7894354 ], [ 9.3096873, 53.7894149 ], [ 9.3096476, 53.789388 ], [ 9.3096199, 53.7893562 ], [ 9.3096059, 53.7893215 ], [ 9.3096063, 53.7892858 ], [ 9.3096212, 53.7892512 ], [ 9.3096497, 53.7892197 ], [ 9.3096901, 53.7891932 ], [ 9.3097401, 53.7891731 ], [ 9.3097968, 53.7891607 ], [ 9.3098568, 53.7891566 ], [ 9.3099168, 53.7891612 ], [ 9.3099731, 53.7891741 ], [ 9.3100226, 53.7891946 ] ] } },
{ "type": "Feature", "properties": { "osm_type": "way", "osm_id": 936791442, "category": "other", "type_de": "Sonstige Löschwasser-/Wasserstelle", "all_tags": { "man_made": "storage_tank" }, "name": null, "ref": null, "operator": null, "access": null, "description": null, "note": null, "check_date": null, "fire_hydrant_type": null, "fire_hydrant_diameter": null, "fire_hydrant_pressure": null, "fire_hydrant_couplings": null, "fire_hydrant_position": null, "water_source": null, "water_tank_volume": null, "capacity": null, "diameter": null, "pressure": null, "source": null, "lon": 9.3090872, "lat": 53.7921062 }, "geometry": { "type": "LineString", "coordinates": [ [ 9.3091281, 53.7920633 ], [ 9.3091395, 53.7920747 ], [ 9.3091397, 53.7920879 ], [ 9.3091287, 53.7920994 ], [ 9.3091095, 53.7921061 ], [ 9.3090872, 53.7921062 ], [ 9.3090677, 53.7920998 ], [ 9.3090563, 53.7920884 ], [ 9.3090561, 53.7920752 ], [ 9.3090671, 53.7920637 ], [ 9.3090863, 53.792057 ], [ 9.3091086, 53.7920568 ], [ 9.3091281, 53.7920633 ] ] } },
{ "type": "Feature", "properties": { "osm_type": "way", "osm_id": 937403973, "category": "other", "type_de": "Sonstige Löschwasser-/Wasserstelle", "all_tags": { "content": "slurry", "man_made": "storage_tank" }, "name": null, "ref": null, "operator": null, "access": null, "description": null, "note": null, "check_date": null, "fire_hydrant_type": null, "fire_hydrant_diameter": null, "fire_hydrant_pressure": null, "fire_hydrant_couplings": null, "fire_hydrant_position": null, "water_source": null, "water_tank_volume": null, "capacity": null, "diameter": null, "pressure": null, "source": null, "lon": 9.4160699, "lat": 53.3672944 }, "geometry": { "type": "LineString", "coordinates": [ [ 9.4159731, 53.3672509 ], [ 9.4159866, 53.3672683 ], [ 9.4160086, 53.3672823 ], [ 9.416037, 53.3672913 ], [ 9.4160699, 53.3672944 ], [ 9.4161026, 53.3672909 ], [ 9.4161315, 53.3672811 ], [ 9.4161534, 53.3672661 ], [ 9.4161658, 53.3672477 ], [ 9.4161673, 53.3672279 ], [ 9.4161577, 53.3672089 ], [ 9.4161382, 53.3671928 ], [ 9.4161108, 53.3671815 ], [ 9.4160799, 53.3671763 ], [ 9.4160478, 53.3671773 ], [ 9.4160179, 53.3671843 ], [ 9.4159933, 53.3671967 ], [ 9.4159767, 53.3672131 ], [ 9.4159697, 53.3672318 ], [ 9.4159731, 53.3672509 ] ] } },
{ "type": "Feature", "properties": { "osm_type": "way", "osm_id": 940802813, "category": "other", "type_de": "Sonstige Löschwasser-/Wasserstelle", "all_tags": { "building": "yes", "content": "slurry", "man_made": "storage_tank" }, "name": null, "ref": null, "operator": null, "access": null, "description": null, "note": null, "check_date": null, "fire_hydrant_type": null, "fire_hydrant_diameter": null, "fire_hydrant_pressure": null, "fire_hydrant_couplings": null, "fire_hydrant_position": null, "water_source": null, "water_tank_volume": null, "capacity": null, "diameter": null, "pressure": null, "source": null, "lon": 9.3987294, "lat": 53.4287055 }, "geometry": { "type": "LineString", "coordinates": [ [ 9.3985971, 53.4287305 ], [ 9.3985479, 53.4287604 ], [ 9.3985173, 53.4287981 ], [ 9.3985086, 53.4288397 ], [ 9.3985227, 53.4288807 ], [ 9.3985581, 53.428917 ], [ 9.398613, 53.4289452 ], [ 9.3986805, 53.4289611 ], [ 9.398753, 53.4289629 ], [ 9.3988225, 53.4289502 ], [ 9.398881, 53.4289247 ], [ 9.3989221, 53.428889 ], [ 9.3989412, 53.4288473 ], [ 9.3989361, 53.4288042 ], [ 9.3989073, 53.4287644 ], [ 9.39886, 53.4287334 ], [ 9.3987986, 53.4287131 ], [ 9.3987294, 53.4287055 ], [ 9.3986598, 53.4287115 ], [ 9.3985971, 53.4287305 ] ] } },
{ "type": "Feature", "properties": { "osm_type": "way", "osm_id": 940802814, "category": "other", "type_de": "Sonstige Löschwasser-/Wasserstelle", "all_tags": { "building": "yes", "content": "slurry", "man_made": "storage_tank" }, "name": null, "ref": null, "operator": null, "access": null, "description": null, "note": null, "check_date": null, "fire_hydrant_type": null, "fire_hydrant_diameter": null, "fire_hydrant_pressure": null, "fire_hydrant_couplings": null, "fire_hydrant_position": null, "water_source": null, "water_tank_volume": null, "capacity": null, "diameter": null, "pressure": null, "source": null, "lon": 9.3987516, "lat": 53.4292699 }, "geometry": { "type": "LineString", "coordinates": [ [ 9.3985394, 53.4290915 ], [ 9.398525, 53.4291328 ], [ 9.3985333, 53.4291747 ], [ 9.3985635, 53.4292129 ], [ 9.3986124, 53.4292434 ], [ 9.3986783, 53.4292637 ], [ 9.3987516, 53.4292699 ], [ 9.3988243, 53.4292612 ], [ 9.398888, 53.4292386 ], [ 9.3989355, 53.4292048 ], [ 9.3989616, 53.4291635 ], [ 9.3989632, 53.4291193 ], [ 9.3989402, 53.4290774 ], [ 9.3988951, 53.4290423 ], [ 9.3988331, 53.4290182 ], [ 9.3987645, 53.4290078 ], [ 9.3986938, 53.4290109 ], [ 9.3986284, 53.4290272 ], [ 9.3985751, 53.429055 ], [ 9.3985394, 53.4290915 ] ] } },
{ "type": "Feature", "properties": { "osm_type": "way", "osm_id": 940802817, "category": "other", "type_de": "Sonstige Löschwasser-/Wasserstelle", "all_tags": { "building": "yes", "content": "slurry", "man_made": "storage_tank" }, "name": null, "ref": null, "operator": null, "access": null, "description": null, "note": null, "check_date": null, "fire_hydrant_type": null, "fire_hydrant_diameter": null, "fire_hydrant_pressure": null, "fire_hydrant_couplings": null, "fire_hydrant_position": null, "water_source": null, "water_tank_volume": null, "capacity": null, "diameter": null, "pressure": null, "source": null, "lon": 9.4001873, "lat": 53.4315511 }, "geometry": { "type": "LineString", "coordinates": [ [ 9.4000523, 53.4314755 ], [ 9.4000684, 53.4315034 ], [ 9.4000985, 53.4315268 ], [ 9.4001396, 53.4315432 ], [ 9.4001873, 53.4315511 ], [ 9.4002367, 53.4315494 ], [ 9.400285, 53.4315377 ], [ 9.4003239, 53.4315171 ], [ 9.400349, 53.4314899 ], [ 9.4003574, 53.4314593 ], [ 9.4003481, 53.4314288 ], [ 9.4003223, 53.4314018 ], [ 9.4002829, 53.4313816 ], [ 9.4002343, 53.4313703 ], [ 9.4001849, 53.4313692 ], [ 9.4001374, 53.4313775 ], [ 9.4000968, 53.4313943 ], [ 9.4000672, 53.431418 ], [ 9.4000519, 53.431446 ], [ 9.4000523, 53.4314755 ] ] } },
{ "type": "Feature", "properties": { "osm_type": "way", "osm_id": 940803566, "category": "other", "type_de": "Sonstige Löschwasser-/Wasserstelle", "all_tags": { "building": "yes", "content": "slurry", "man_made": "storage_tank" }, "name": null, "ref": null, "operator": null, "access": null, "description": null, "note": null, "check_date": null, "fire_hydrant_type": null, "fire_hydrant_diameter": null, "fire_hydrant_pressure": null, "fire_hydrant_couplings": null, "fire_hydrant_position": null, "water_source": null, "water_tank_volume": null, "capacity": null, "diameter": null, "pressure": null, "source": null, "lon": 9.4207384, "lat": 53.4317114 }, "geometry": { "type": "LineString", "coordinates": [ [ 9.4206402, 53.4320342 ], [ 9.4207352, 53.432044 ], [ 9.4208302, 53.4320339 ], [ 9.4209137, 53.4320052 ], [ 9.4209759, 53.4319613 ], [ 9.4210092, 53.4319074 ], [ 9.4210098, 53.4318499 ], [ 9.4209774, 53.4317957 ], [ 9.4209161, 53.4317514 ], [ 9.4208331, 53.4317221 ], [ 9.4207384, 53.4317114 ], [ 9.4206431, 53.4317206 ], [ 9.4205588, 53.4317485 ], [ 9.4205087, 53.4317799 ], [ 9.420474, 53.431818 ], [ 9.420456, 53.4318665 ], [ 9.4204629, 53.4319159 ], [ 9.4204939, 53.431962 ], [ 9.4205564, 53.4320058 ], [ 9.4206402, 53.4320342 ] ] } },
{ "type": "Feature", "properties": { "osm_type": "way", "osm_id": 940803567, "category": "other", "type_de": "Sonstige Löschwasser-/Wasserstelle", "all_tags": { "building": "yes", "content": "slurry", "man_made": "storage_tank" }, "name": null, "ref": null, "operator": null, "access": null, "description": null, "note": null, "check_date": null, "fire_hydrant_type": null, "fire_hydrant_diameter": null, "fire_hydrant_pressure": null, "fire_hydrant_couplings": null, "fire_hydrant_position": null, "water_source": null, "water_tank_volume": null, "capacity": null, "diameter": null, "pressure": null, "source": null, "lon": 9.4208143, "lat": 53.4320677 }, "geometry": { "type": "LineString", "coordinates": [ [ 9.4208908, 53.4322174 ], [ 9.4209246, 53.4322001 ], [ 9.4209472, 53.4321772 ], [ 9.420956, 53.4321512 ], [ 9.4209502, 53.4321248 ], [ 9.4209304, 53.4321011 ], [ 9.4208987, 53.4320824 ], [ 9.4208586, 53.4320709 ], [ 9.4208143, 53.4320677 ], [ 9.4207706, 53.4320734 ], [ 9.4207324, 53.4320871 ], [ 9.4207038, 53.4321075 ], [ 9.4206879, 53.4321324 ], [ 9.4206864, 53.432159 ], [ 9.4206995, 53.4321844 ], [ 9.4207257, 53.4322059 ], [ 9.4207622, 53.4322211 ], [ 9.420805, 53.4322285 ], [ 9.4208495, 53.4322272 ], [ 9.4208908, 53.4322174 ] ] } },
{ "type": "Feature", "properties": { "osm_type": "way", "osm_id": 940810690, "category": "other", "type_de": "Sonstige Löschwasser-/Wasserstelle", "all_tags": { "building": "farm_auxiliary", "content": "slurry", "man_made": "storage_tank" }, "name": null, "ref": null, "operator": null, "access": null, "description": null, "note": null, "check_date": null, "fire_hydrant_type": null, "fire_hydrant_diameter": null, "fire_hydrant_pressure": null, "fire_hydrant_couplings": null, "fire_hydrant_position": null, "water_source": null, "water_tank_volume": null, "capacity": null, "diameter": null, "pressure": null, "source": null, "lon": 9.4982023, "lat": 53.3823591 }, "geometry": { "type": "LineString", "coordinates": [ [ 9.4980319, 53.3824103 ], [ 9.4980051, 53.3824464 ], [ 9.4980002, 53.3824858 ], [ 9.4980179, 53.3825238 ], [ 9.498056, 53.3825561 ], [ 9.4981101, 53.3825789 ], [ 9.4981687, 53.382589 ], [ 9.4982297, 53.3825878 ], [ 9.498287, 53.3825754 ], [ 9.498335, 53.3825529 ], [ 9.4983689, 53.3825227 ], [ 9.4983853, 53.3824876 ], [ 9.4983826, 53.3824512 ], [ 9.4983611, 53.3824172 ], [ 9.4983228, 53.3823888 ], [ 9.4982669, 53.3823677 ], [ 9.4982023, 53.3823591 ], [ 9.4981366, 53.3823639 ], [ 9.4980775, 53.3823817 ], [ 9.4980319, 53.3824103 ] ] } },
{ "type": "Feature", "properties": { "osm_type": "way", "osm_id": 942142319, "category": "other", "type_de": "Sonstige Löschwasser-/Wasserstelle", "all_tags": { "content": "manure", "man_made": "storage_tank", "material": "concrete" }, "name": null, "ref": null, "operator": null, "access": null, "description": null, "note": null, "check_date": null, "fire_hydrant_type": null, "fire_hydrant_diameter": null, "fire_hydrant_pressure": null, "fire_hydrant_couplings": null, "fire_hydrant_position": null, "water_source": null, "water_tank_volume": null, "capacity": null, "diameter": null, "pressure": null, "source": null, "lon": 9.2179679, "lat": 53.6021865 }, "geometry": { "type": "LineString", "coordinates": [ [ 9.218047, 53.6022059 ], [ 9.2180751, 53.6022254 ], [ 9.2180917, 53.6022491 ], [ 9.2180951, 53.6022748 ], [ 9.218085, 53.6022997 ], [ 9.2180624, 53.6023217 ], [ 9.2180295, 53.6023384 ], [ 9.2179895, 53.6023482 ], [ 9.2179463, 53.6023502 ], [ 9.2179042, 53.6023442 ], [ 9.2178673, 53.6023308 ], [ 9.2178391, 53.6023113 ], [ 9.2178225, 53.6022875 ], [ 9.2178191, 53.6022619 ], [ 9.2178292, 53.6022369 ], [ 9.2178518, 53.602215 ], [ 9.2178848, 53.6021983 ], [ 9.2179248, 53.6021885 ], [ 9.2179679, 53.6021865 ], [ 9.21801, 53.6021925 ], [ 9.218047, 53.6022059 ] ] } },
{ "type": "Feature", "properties": { "osm_type": "way", "osm_id": 942902852, "category": "other", "type_de": "Sonstige Löschwasser-/Wasserstelle", "all_tags": { "man_made": "storage_tank" }, "name": null, "ref": null, "operator": null, "access": null, "description": null, "note": null, "check_date": null, "fire_hydrant_type": null, "fire_hydrant_diameter": null, "fire_hydrant_pressure": null, "fire_hydrant_couplings": null, "fire_hydrant_position": null, "water_source": null, "water_tank_volume": null, "capacity": null, "diameter": null, "pressure": null, "source": null, "lon": 9.2693588, "lat": 53.6184112 }, "geometry": { "type": "LineString", "coordinates": [ [ 9.2694434, 53.6184282 ], [ 9.2694734, 53.6184485 ], [ 9.2694898, 53.6184736 ], [ 9.2694908, 53.6185005 ], [ 9.2694762, 53.618526 ], [ 9.2694478, 53.618547 ], [ 9.269409, 53.6185609 ], [ 9.2693645, 53.6185662 ], [ 9.2693196, 53.6185621 ], [ 9.2692798, 53.6185491 ], [ 9.2692499, 53.6185289 ], [ 9.2692335, 53.6185038 ], [ 9.2692325, 53.6184769 ], [ 9.2692471, 53.6184514 ], [ 9.2692755, 53.6184304 ], [ 9.2693143, 53.6184164 ], [ 9.2693588, 53.6184112 ], [ 9.2694037, 53.6184153 ], [ 9.2694434, 53.6184282 ] ] } },
{ "type": "Feature", "properties": { "osm_type": "way", "osm_id": 942906973, "category": "other", "type_de": "Sonstige Löschwasser-/Wasserstelle", "all_tags": { "man_made": "storage_tank" }, "name": null, "ref": null, "operator": null, "access": null, "description": null, "note": null, "check_date": null, "fire_hydrant_type": null, "fire_hydrant_diameter": null, "fire_hydrant_pressure": null, "fire_hydrant_couplings": null, "fire_hydrant_position": null, "water_source": null, "water_tank_volume": null, "capacity": null, "diameter": null, "pressure": null, "source": null, "lon": 9.2841111, "lat": 53.6192577 }, "geometry": { "type": "LineString", "coordinates": [ [ 9.2842653, 53.6193056 ], [ 9.2842791, 53.6193319 ], [ 9.2842786, 53.6193594 ], [ 9.2842638, 53.6193854 ], [ 9.2842361, 53.6194075 ], [ 9.2841983, 53.6194234 ], [ 9.284154, 53.6194316 ], [ 9.2841077, 53.6194312 ], [ 9.2840638, 53.6194224 ], [ 9.2840266, 53.619406 ], [ 9.2839998, 53.6193836 ], [ 9.283986, 53.6193574 ], [ 9.2839865, 53.6193299 ], [ 9.2840014, 53.6193038 ], [ 9.284029, 53.6192818 ], [ 9.2840669, 53.6192659 ], [ 9.2841111, 53.6192577 ], [ 9.2841574, 53.619258 ], [ 9.2842014, 53.6192668 ], [ 9.2842385, 53.6192832 ], [ 9.2842653, 53.6193056 ] ] } },
{ "type": "Feature", "properties": { "osm_type": "way", "osm_id": 943596573, "category": "other", "type_de": "Sonstige Löschwasser-/Wasserstelle", "all_tags": { "building": "yes", "content": "silage", "man_made": "storage_tank" }, "name": null, "ref": null, "operator": null, "access": null, "description": null, "note": null, "check_date": null, "fire_hydrant_type": null, "fire_hydrant_diameter": null, "fire_hydrant_pressure": null, "fire_hydrant_couplings": null, "fire_hydrant_position": null, "water_source": null, "water_tank_volume": null, "capacity": null, "diameter": null, "pressure": null, "source": null, "lon": 9.4854317, "lat": 53.3936324 }, "geometry": { "type": "LineString", "coordinates": [ [ 9.4853686, 53.3936019 ], [ 9.4853724, 53.3936125 ], [ 9.4853817, 53.3936218 ], [ 9.4853955, 53.393628 ], [ 9.4854125, 53.3936329 ], [ 9.4854317, 53.3936324 ], [ 9.4854483, 53.3936305 ], [ 9.4854637, 53.3936241 ], [ 9.4854747, 53.3936151 ], [ 9.4854802, 53.3936044 ], [ 9.4854793, 53.3935932 ], [ 9.4854723, 53.3935828 ], [ 9.48546, 53.3935743 ], [ 9.4854436, 53.3935688 ], [ 9.4854252, 53.3935668 ], [ 9.4854072, 53.3935685 ], [ 9.485391, 53.3935735 ], [ 9.4853784, 53.3935813 ], [ 9.4853706, 53.3935911 ], [ 9.4853686, 53.3936019 ] ] } },
{ "type": "Feature", "properties": { "osm_type": "way", "osm_id": 943596574, "category": "other", "type_de": "Sonstige Löschwasser-/Wasserstelle", "all_tags": { "building": "yes", "content": "silage", "man_made": "storage_tank" }, "name": null, "ref": null, "operator": null, "access": null, "description": null, "note": null, "check_date": null, "fire_hydrant_type": null, "fire_hydrant_diameter": null, "fire_hydrant_pressure": null, "fire_hydrant_couplings": null, "fire_hydrant_position": null, "water_source": null, "water_tank_volume": null, "capacity": null, "diameter": null, "pressure": null, "source": null, "lon": 9.4854003, "lat": 53.3936998 }, "geometry": { "type": "LineString", "coordinates": [ [ 9.4853479, 53.3936631 ], [ 9.4853486, 53.3936739 ], [ 9.4853551, 53.393684 ], [ 9.4853669, 53.3936922 ], [ 9.4853825, 53.3936976 ], [ 9.4854003, 53.3936998 ], [ 9.4854183, 53.3936983 ], [ 9.4854344, 53.3936935 ], [ 9.485447, 53.3936858 ], [ 9.4854547, 53.3936759 ], [ 9.4854566, 53.3936652 ], [ 9.4854524, 53.3936547 ], [ 9.4854427, 53.3936455 ], [ 9.4854285, 53.3936388 ], [ 9.4854128, 53.3936353 ], [ 9.4853962, 53.3936348 ], [ 9.4853787, 53.3936378 ], [ 9.4853639, 53.393644 ], [ 9.4853532, 53.3936527 ], [ 9.4853479, 53.3936631 ] ] } },
{ "type": "Feature", "properties": { "osm_type": "way", "osm_id": 943611406, "category": "other", "type_de": "Sonstige Löschwasser-/Wasserstelle", "all_tags": { "building": "yes", "content": "slurry", "man_made": "storage_tank" }, "name": null, "ref": null, "operator": null, "access": null, "description": null, "note": null, "check_date": null, "fire_hydrant_type": null, "fire_hydrant_diameter": null, "fire_hydrant_pressure": null, "fire_hydrant_couplings": null, "fire_hydrant_position": null, "water_source": null, "water_tank_volume": null, "capacity": null, "diameter": null, "pressure": null, "source": null, "lon": 9.4882492, "lat": 53.3942975 }, "geometry": { "type": "LineString", "coordinates": [ [ 9.4881396, 53.3943528 ], [ 9.4881386, 53.3943758 ], [ 9.4881505, 53.3943977 ], [ 9.4881738, 53.394416 ], [ 9.488206, 53.3944287 ], [ 9.488242, 53.3944342 ], [ 9.488279, 53.3944326 ], [ 9.4883133, 53.3944241 ], [ 9.4883412, 53.3944094 ], [ 9.4883598, 53.3943903 ], [ 9.4883672, 53.3943685 ], [ 9.4883625, 53.3943466 ], [ 9.4883464, 53.3943266 ], [ 9.4883205, 53.3943108 ], [ 9.4882874, 53.3943007 ], [ 9.4882492, 53.3942975 ], [ 9.4882113, 53.394302 ], [ 9.4881781, 53.3943137 ], [ 9.4881532, 53.3943313 ], [ 9.4881396, 53.3943528 ] ] } },
{ "type": "Feature", "properties": { "osm_type": "way", "osm_id": 943625023, "category": "other", "type_de": "Sonstige Löschwasser-/Wasserstelle", "all_tags": { "building": "farm_auxiliary", "content": "slurry", "man_made": "storage_tank" }, "name": null, "ref": null, "operator": null, "access": null, "description": null, "note": null, "check_date": null, "fire_hydrant_type": null, "fire_hydrant_diameter": null, "fire_hydrant_pressure": null, "fire_hydrant_couplings": null, "fire_hydrant_position": null, "water_source": null, "water_tank_volume": null, "capacity": null, "diameter": null, "pressure": null, "source": null, "lon": 9.4914238, "lat": 53.3930163 }, "geometry": { "type": "LineString", "coordinates": [ [ 9.4912948, 53.3930394 ], [ 9.4912457, 53.3930676 ], [ 9.4912137, 53.3931035 ], [ 9.4912021, 53.3931436 ], [ 9.491214, 53.3931875 ], [ 9.4912502, 53.3932264 ], [ 9.4913064, 53.3932557 ], [ 9.491376, 53.3932718 ], [ 9.4914506, 53.3932729 ], [ 9.4915213, 53.3932588 ], [ 9.4915799, 53.3932313 ], [ 9.4916193, 53.3931935 ], [ 9.4916348, 53.3931499 ], [ 9.4916265, 53.3931096 ], [ 9.4915975, 53.3930727 ], [ 9.4915508, 53.3930431 ], [ 9.4914909, 53.3930237 ], [ 9.4914238, 53.3930163 ], [ 9.4913562, 53.3930217 ], [ 9.4912948, 53.3930394 ] ] } },
{ "type": "Feature", "properties": { "osm_type": "way", "osm_id": 943625024, "category": "other", "type_de": "Sonstige Löschwasser-/Wasserstelle", "all_tags": { "building": "yes", "content": "slurry", "man_made": "storage_tank" }, "name": null, "ref": null, "operator": null, "access": null, "description": null, "note": null, "check_date": null, "fire_hydrant_type": null, "fire_hydrant_diameter": null, "fire_hydrant_pressure": null, "fire_hydrant_couplings": null, "fire_hydrant_position": null, "water_source": null, "water_tank_volume": null, "capacity": null, "diameter": null, "pressure": null, "source": null, "lon": 9.4892071, "lat": 53.3926727 }, "geometry": { "type": "LineString", "coordinates": [ [ 9.4892545, 53.3926682 ], [ 9.4892971, 53.3926551 ], [ 9.4893308, 53.3926346 ], [ 9.489352, 53.392609 ], [ 9.4893587, 53.3925806 ], [ 9.4893487, 53.3925499 ], [ 9.4893217, 53.3925231 ], [ 9.489281, 53.3925034 ], [ 9.4892315, 53.3924931 ], [ 9.489179, 53.3924936 ], [ 9.48913, 53.3925046 ], [ 9.4890902, 53.392525 ], [ 9.4890644, 53.3925522 ], [ 9.4890558, 53.3925804 ], [ 9.4890624, 53.3926087 ], [ 9.4890835, 53.3926344 ], [ 9.4891171, 53.3926549 ], [ 9.4891597, 53.3926681 ], [ 9.4892071, 53.3926727 ], [ 9.4892545, 53.3926682 ] ] } },
{ "type": "Feature", "properties": { "osm_type": "way", "osm_id": 943955796, "category": "other", "type_de": "Sonstige Löschwasser-/Wasserstelle", "all_tags": { "building": "yes", "content": "slurry", "man_made": "storage_tank" }, "name": null, "ref": null, "operator": null, "access": null, "description": null, "note": null, "check_date": null, "fire_hydrant_type": null, "fire_hydrant_diameter": null, "fire_hydrant_pressure": null, "fire_hydrant_couplings": null, "fire_hydrant_position": null, "water_source": null, "water_tank_volume": null, "capacity": null, "diameter": null, "pressure": null, "source": null, "lon": 9.4269059, "lat": 53.4268053 }, "geometry": { "type": "LineString", "coordinates": [ [ 9.4268228, 53.4268303 ], [ 9.4268093, 53.4268477 ], [ 9.4268061, 53.4268668 ], [ 9.4268136, 53.4268855 ], [ 9.4268305, 53.4269013 ], [ 9.4268549, 53.4269131 ], [ 9.4268844, 53.4269195 ], [ 9.4269158, 53.42692 ], [ 9.4269458, 53.4269145 ], [ 9.4269713, 53.4269035 ], [ 9.4269895, 53.4268882 ], [ 9.4269985, 53.4268703 ], [ 9.4269974, 53.4268516 ], [ 9.4269859, 53.4268337 ], [ 9.4269652, 53.426819 ], [ 9.4269375, 53.4268092 ], [ 9.4269059, 53.4268053 ], [ 9.426874, 53.4268079 ], [ 9.4268452, 53.4268165 ], [ 9.4268228, 53.4268303 ] ] } },
{ "type": "Feature", "properties": { "osm_type": "way", "osm_id": 943955823, "category": "other", "type_de": "Sonstige Löschwasser-/Wasserstelle", "all_tags": { "landuse": "yes", "water": "reservoir", "water_source": "rain fed" }, "name": null, "ref": null, "operator": null, "access": null, "description": null, "note": null, "check_date": null, "fire_hydrant_type": null, "fire_hydrant_diameter": null, "fire_hydrant_pressure": null, "fire_hydrant_couplings": null, "fire_hydrant_position": null, "water_source": "rain fed", "water_tank_volume": null, "capacity": null, "diameter": null, "pressure": null, "source": null, "lon": 9.4325106, "lat": 53.4290263 }, "geometry": { "type": "LineString", "coordinates": [ [ 9.4317032, 53.4288649 ], [ 9.4316952, 53.4289536 ], [ 9.4325106, 53.4290263 ], [ 9.432587, 53.4288865 ], [ 9.4317032, 53.4288649 ] ] } },
{ "type": "Feature", "properties": { "osm_type": "way", "osm_id": 944281984, "category": "other", "type_de": "Sonstige Löschwasser-/Wasserstelle", "all_tags": { "building": "yes", "man_made": "storage_tank" }, "name": null, "ref": null, "operator": null, "access": null, "description": null, "note": null, "check_date": null, "fire_hydrant_type": null, "fire_hydrant_diameter": null, "fire_hydrant_pressure": null, "fire_hydrant_couplings": null, "fire_hydrant_position": null, "water_source": null, "water_tank_volume": null, "capacity": null, "diameter": null, "pressure": null, "source": null, "lon": 9.3074847, "lat": 53.5970468 }, "geometry": { "type": "LineString", "coordinates": [ [ 9.3076006, 53.5970751 ], [ 9.3076232, 53.5970969 ], [ 9.3076334, 53.5971217 ], [ 9.3076301, 53.5971473 ], [ 9.3076137, 53.597171 ], [ 9.3075858, 53.5971905 ], [ 9.3075491, 53.5972039 ], [ 9.3075072, 53.59721 ], [ 9.3074641, 53.597208 ], [ 9.3074242, 53.5971983 ], [ 9.3073913, 53.5971817 ], [ 9.3073687, 53.5971599 ], [ 9.3073585, 53.597135 ], [ 9.3073618, 53.5971095 ], [ 9.3073782, 53.5970858 ], [ 9.3074061, 53.5970663 ], [ 9.3074428, 53.5970529 ], [ 9.3074847, 53.5970468 ], [ 9.3075278, 53.5970488 ], [ 9.3075677, 53.5970585 ], [ 9.3076006, 53.5970751 ] ] } },
{ "type": "Feature", "properties": { "osm_type": "way", "osm_id": 944421523, "category": "other", "type_de": "Sonstige Löschwasser-/Wasserstelle", "all_tags": { "building": "yes", "content": "slurry", "man_made": "storage_tank" }, "name": null, "ref": null, "operator": null, "access": null, "description": null, "note": null, "check_date": null, "fire_hydrant_type": null, "fire_hydrant_diameter": null, "fire_hydrant_pressure": null, "fire_hydrant_couplings": null, "fire_hydrant_position": null, "water_source": null, "water_tank_volume": null, "capacity": null, "diameter": null, "pressure": null, "source": null, "lon": 9.4506786, "lat": 53.3819683 }, "geometry": { "type": "LineString", "coordinates": [ [ 9.4506288, 53.3817606 ], [ 9.4505764, 53.3817732 ], [ 9.4505334, 53.381795 ], [ 9.4505041, 53.3818238 ], [ 9.4504916, 53.3818566 ], [ 9.4504971, 53.3818902 ], [ 9.4505223, 53.3819229 ], [ 9.4505644, 53.3819486 ], [ 9.4506187, 53.3819644 ], [ 9.4506786, 53.3819683 ], [ 9.4507373, 53.38196 ], [ 9.4507879, 53.3819403 ], [ 9.4508244, 53.3819117 ], [ 9.4508426, 53.3818774 ], [ 9.4508411, 53.3818437 ], [ 9.4508219, 53.381812 ], [ 9.4507869, 53.3817856 ], [ 9.4507397, 53.3817671 ], [ 9.4506851, 53.3817585 ], [ 9.4506288, 53.3817606 ] ] } },
{ "type": "Feature", "properties": { "osm_type": "way", "osm_id": 944460887, "category": "other", "type_de": "Sonstige Löschwasser-/Wasserstelle", "all_tags": { "building": "yes", "content": "slurry", "man_made": "storage_tank" }, "name": null, "ref": null, "operator": null, "access": null, "description": null, "note": null, "check_date": null, "fire_hydrant_type": null, "fire_hydrant_diameter": null, "fire_hydrant_pressure": null, "fire_hydrant_couplings": null, "fire_hydrant_position": null, "water_source": null, "water_tank_volume": null, "capacity": null, "diameter": null, "pressure": null, "source": null, "lon": 9.4245614, "lat": 53.3861639 }, "geometry": { "type": "LineString", "coordinates": [ [ 9.4244492, 53.3860661 ], [ 9.4244404, 53.3860893 ], [ 9.4244448, 53.3861128 ], [ 9.4244621, 53.3861341 ], [ 9.4244891, 53.3861504 ], [ 9.4245234, 53.3861607 ], [ 9.4245614, 53.3861639 ], [ 9.4245991, 53.3861596 ], [ 9.4246326, 53.3861485 ], [ 9.4246583, 53.3861315 ], [ 9.4246736, 53.3861105 ], [ 9.4246769, 53.3860877 ], [ 9.4246677, 53.3860655 ], [ 9.4246472, 53.3860462 ], [ 9.4246161, 53.3860314 ], [ 9.4245787, 53.3860235 ], [ 9.4245389, 53.3860235 ], [ 9.4245014, 53.3860313 ], [ 9.4244703, 53.3860461 ], [ 9.4244492, 53.3860661 ] ] } },
{ "type": "Feature", "properties": { "osm_type": "way", "osm_id": 944460890, "category": "other", "type_de": "Sonstige Löschwasser-/Wasserstelle", "all_tags": { "building": "yes", "content": "slurry", "man_made": "storage_tank" }, "name": null, "ref": null, "operator": null, "access": null, "description": null, "note": null, "check_date": null, "fire_hydrant_type": null, "fire_hydrant_diameter": null, "fire_hydrant_pressure": null, "fire_hydrant_couplings": null, "fire_hydrant_position": null, "water_source": null, "water_tank_volume": null, "capacity": null, "diameter": null, "pressure": null, "source": null, "lon": 9.4238269, "lat": 53.3826156 }, "geometry": { "type": "LineString", "coordinates": [ [ 9.423691, 53.3825518 ], [ 9.4237095, 53.3825773 ], [ 9.423741, 53.3825978 ], [ 9.4237815, 53.382611 ], [ 9.4238269, 53.3826156 ], [ 9.4238724, 53.3826112 ], [ 9.4239131, 53.3825983 ], [ 9.4239447, 53.3825783 ], [ 9.4239637, 53.3825532 ], [ 9.423968, 53.3825259 ], [ 9.4239574, 53.3824991 ], [ 9.4239328, 53.3824759 ], [ 9.4238969, 53.3824586 ], [ 9.4238531, 53.3824491 ], [ 9.4238065, 53.3824486 ], [ 9.4237623, 53.3824573 ], [ 9.4237251, 53.3824741 ], [ 9.4236992, 53.3824972 ], [ 9.4236874, 53.3825241 ], [ 9.423691, 53.3825518 ] ] } },
{ "type": "Feature", "properties": { "osm_type": "way", "osm_id": 944460891, "category": "other", "type_de": "Sonstige Löschwasser-/Wasserstelle", "all_tags": { "building": "yes", "content": "slurry", "man_made": "storage_tank" }, "name": null, "ref": null, "operator": null, "access": null, "description": null, "note": null, "check_date": null, "fire_hydrant_type": null, "fire_hydrant_diameter": null, "fire_hydrant_pressure": null, "fire_hydrant_couplings": null, "fire_hydrant_position": null, "water_source": null, "water_tank_volume": null, "capacity": null, "diameter": null, "pressure": null, "source": null, "lon": 9.4106732, "lat": 53.3832954 }, "geometry": { "type": "LineString", "coordinates": [ [ 9.4105438, 53.383386 ], [ 9.4105565, 53.3834115 ], [ 9.4105824, 53.3834332 ], [ 9.4106187, 53.3834487 ], [ 9.4106614, 53.3834563 ], [ 9.4107059, 53.3834552 ], [ 9.4107474, 53.3834456 ], [ 9.4107814, 53.3834285 ], [ 9.4108043, 53.3834057 ], [ 9.4108135, 53.3833797 ], [ 9.4108081, 53.3833534 ], [ 9.4107887, 53.3833295 ], [ 9.4107574, 53.3833106 ], [ 9.4107175, 53.3832989 ], [ 9.4106732, 53.3832954 ], [ 9.4106295, 53.3833008 ], [ 9.4105911, 53.3833143 ], [ 9.4105621, 53.3833346 ], [ 9.4105458, 53.3833594 ], [ 9.4105438, 53.383386 ] ] } },
{ "type": "Feature", "properties": { "osm_type": "way", "osm_id": 945642855, "category": "other", "type_de": "Sonstige Löschwasser-/Wasserstelle", "all_tags": { "building": "yes", "content": "slurry", "man_made": "storage_tank" }, "name": null, "ref": null, "operator": null, "access": null, "description": null, "note": null, "check_date": null, "fire_hydrant_type": null, "fire_hydrant_diameter": null, "fire_hydrant_pressure": null, "fire_hydrant_couplings": null, "fire_hydrant_position": null, "water_source": null, "water_tank_volume": null, "capacity": null, "diameter": null, "pressure": null, "source": null, "lon": 9.3895247, "lat": 53.4542335 }, "geometry": { "type": "LineString", "coordinates": [ [ 9.3894067, 53.4541984 ], [ 9.3894496, 53.4542176 ], [ 9.3895247, 53.4542335 ], [ 9.3895998, 53.454224 ], [ 9.3896802, 53.4541824 ], [ 9.3896749, 53.4541185 ], [ 9.3896534, 53.4540802 ], [ 9.389573, 53.4540578 ], [ 9.3894979, 53.4540578 ], [ 9.3894228, 53.4540898 ], [ 9.3893906, 53.4541249 ], [ 9.3893852, 53.4541601 ], [ 9.3894067, 53.4541984 ] ] } },
{ "type": "Feature", "properties": { "osm_type": "way", "osm_id": 949998924, "category": "other", "type_de": "Sonstige Löschwasser-/Wasserstelle", "all_tags": { "building": "yes", "man_made": "storage_tank" }, "name": null, "ref": null, "operator": null, "access": null, "description": null, "note": null, "check_date": null, "fire_hydrant_type": null, "fire_hydrant_diameter": null, "fire_hydrant_pressure": null, "fire_hydrant_couplings": null, "fire_hydrant_position": null, "water_source": null, "water_tank_volume": null, "capacity": null, "diameter": null, "pressure": null, "source": null, "lon": 9.361994, "lat": 53.624761 }, "geometry": { "type": "LineString", "coordinates": [ [ 9.3619148, 53.6250603 ], [ 9.3619953, 53.6250673 ], [ 9.3620828, 53.6250574 ], [ 9.3621595, 53.6250306 ], [ 9.3622162, 53.6249899 ], [ 9.3622462, 53.6249402 ], [ 9.362246, 53.6248873 ], [ 9.3622155, 53.6248377 ], [ 9.3621585, 53.6247972 ], [ 9.3620816, 53.6247705 ], [ 9.361994, 53.624761 ], [ 9.3619135, 53.6247682 ], [ 9.3618408, 53.6247898 ], [ 9.3617831, 53.6248239 ], [ 9.3617461, 53.6248668 ], [ 9.3617335, 53.6249145 ], [ 9.3617465, 53.6249622 ], [ 9.3617839, 53.625005 ], [ 9.3618419, 53.6250389 ], [ 9.3619148, 53.6250603 ] ] } },
{ "type": "Feature", "properties": { "osm_type": "way", "osm_id": 949998925, "category": "other", "type_de": "Sonstige Löschwasser-/Wasserstelle", "all_tags": { "building": "yes", "man_made": "storage_tank" }, "name": null, "ref": null, "operator": null, "access": null, "description": null, "note": null, "check_date": null, "fire_hydrant_type": null, "fire_hydrant_diameter": null, "fire_hydrant_pressure": null, "fire_hydrant_couplings": null, "fire_hydrant_position": null, "water_source": null, "water_tank_volume": null, "capacity": null, "diameter": null, "pressure": null, "source": null, "lon": 9.3619946, "lat": 53.6245767 }, "geometry": { "type": "LineString", "coordinates": [ [ 9.3618904, 53.6247141 ], [ 9.3619271, 53.6247306 ], [ 9.361971, 53.624739 ], [ 9.3620154, 53.6247384 ], [ 9.3620572, 53.6247295 ], [ 9.362092, 53.6247132 ], [ 9.3621162, 53.6246912 ], [ 9.3621274, 53.6246657 ], [ 9.3621243, 53.6246395 ], [ 9.3621073, 53.6246152 ], [ 9.3620781, 53.6245953 ], [ 9.3620398, 53.6245821 ], [ 9.3619946, 53.6245767 ], [ 9.361949, 53.6245804 ], [ 9.361908, 53.6245929 ], [ 9.3618762, 53.6246127 ], [ 9.3618573, 53.6246377 ], [ 9.3618534, 53.6246649 ], [ 9.3618648, 53.6246914 ], [ 9.3618904, 53.6247141 ] ] } },
{ "type": "Feature", "properties": { "osm_type": "way", "osm_id": 1015415319, "category": "other", "type_de": "Sonstige Löschwasser-/Wasserstelle", "all_tags": { "man_made": "storage_tank" }, "name": null, "ref": null, "operator": null, "access": null, "description": null, "note": null, "check_date": null, "fire_hydrant_type": null, "fire_hydrant_diameter": null, "fire_hydrant_pressure": null, "fire_hydrant_couplings": null, "fire_hydrant_position": null, "water_source": null, "water_tank_volume": null, "capacity": null, "diameter": null, "pressure": null, "source": null, "lon": 9.4204432, "lat": 53.6905107 }, "geometry": { "type": "LineString", "coordinates": [ [ 9.420535, 53.6905508 ], [ 9.4205442, 53.6905736 ], [ 9.4205398, 53.690597 ], [ 9.4205221, 53.690618 ], [ 9.4204934, 53.6906341 ], [ 9.4204571, 53.6906435 ], [ 9.4204175, 53.690645 ], [ 9.4203795, 53.6906383 ], [ 9.4203477, 53.6906244 ], [ 9.4203258, 53.6906048 ], [ 9.4203165, 53.690582 ], [ 9.4203209, 53.6905587 ], [ 9.4203386, 53.6905377 ], [ 9.4203673, 53.6905215 ], [ 9.4204036, 53.6905121 ], [ 9.4204432, 53.6905107 ], [ 9.4204812, 53.6905173 ], [ 9.4205131, 53.6905313 ], [ 9.420535, 53.6905508 ] ] } },
{ "type": "Feature", "properties": { "osm_type": "way", "osm_id": 1015415320, "category": "other", "type_de": "Sonstige Löschwasser-/Wasserstelle", "all_tags": { "man_made": "storage_tank" }, "name": null, "ref": null, "operator": null, "access": null, "description": null, "note": null, "check_date": null, "fire_hydrant_type": null, "fire_hydrant_diameter": null, "fire_hydrant_pressure": null, "fire_hydrant_couplings": null, "fire_hydrant_position": null, "water_source": null, "water_tank_volume": null, "capacity": null, "diameter": null, "pressure": null, "source": null, "lon": 9.4200854, "lat": 53.6902289 }, "geometry": { "type": "LineString", "coordinates": [ [ 9.4203311, 53.6903126 ], [ 9.4203502, 53.6903464 ], [ 9.4203552, 53.6903819 ], [ 9.4203456, 53.690417 ], [ 9.4203221, 53.6904498 ], [ 9.420286, 53.6904783 ], [ 9.4202395, 53.6905009 ], [ 9.4201852, 53.6905162 ], [ 9.4201262, 53.6905234 ], [ 9.4200661, 53.690522 ], [ 9.4200083, 53.6905121 ], [ 9.4199562, 53.6904944 ], [ 9.4199127, 53.6904697 ], [ 9.4198805, 53.6904397 ], [ 9.4198614, 53.6904059 ], [ 9.4198565, 53.6903704 ], [ 9.419866, 53.6903352 ], [ 9.4198895, 53.6903024 ], [ 9.4199256, 53.6902739 ], [ 9.4199721, 53.6902513 ], [ 9.4200265, 53.690236 ], [ 9.4200854, 53.6902289 ], [ 9.4201455, 53.6902302 ], [ 9.4202033, 53.6902401 ], [ 9.4202554, 53.6902579 ], [ 9.4202989, 53.6902825 ], [ 9.4203311, 53.6903126 ] ] } },
{ "type": "Feature", "properties": { "osm_type": "way", "osm_id": 1021437934, "category": "other", "type_de": "Sonstige Löschwasser-/Wasserstelle", "all_tags": { "building": "yes", "man_made": "storage_tank" }, "name": null, "ref": null, "operator": null, "access": null, "description": null, "note": null, "check_date": null, "fire_hydrant_type": null, "fire_hydrant_diameter": null, "fire_hydrant_pressure": null, "fire_hydrant_couplings": null, "fire_hydrant_position": null, "water_source": null, "water_tank_volume": null, "capacity": null, "diameter": null, "pressure": null, "source": null, "lon": 9.2762806, "lat": 53.59721 }, "geometry": { "type": "LineString", "coordinates": [ [ 9.2761485, 53.5972402 ], [ 9.2761018, 53.5972726 ], [ 9.2760754, 53.5973122 ], [ 9.2760722, 53.5973548 ], [ 9.2760924, 53.5973956 ], [ 9.2761338, 53.5974304 ], [ 9.2761921, 53.5974553 ], [ 9.2762608, 53.5974676 ], [ 9.2763325, 53.597466 ], [ 9.2763994, 53.5974507 ], [ 9.2764543, 53.5974233 ], [ 9.2764913, 53.5973869 ], [ 9.2765063, 53.5973453 ], [ 9.2764978, 53.597303 ], [ 9.2764666, 53.5972647 ], [ 9.2764161, 53.5972344 ], [ 9.2763518, 53.5972155 ], [ 9.2762806, 53.59721 ], [ 9.2762103, 53.5972186 ], [ 9.2761485, 53.5972402 ] ] } },
{ "type": "Feature", "properties": { "osm_type": "way", "osm_id": 1021437935, "category": "other", "type_de": "Sonstige Löschwasser-/Wasserstelle", "all_tags": { "building": "yes", "man_made": "storage_tank" }, "name": null, "ref": null, "operator": null, "access": null, "description": null, "note": null, "check_date": null, "fire_hydrant_type": null, "fire_hydrant_diameter": null, "fire_hydrant_pressure": null, "fire_hydrant_couplings": null, "fire_hydrant_position": null, "water_source": null, "water_tank_volume": null, "capacity": null, "diameter": null, "pressure": null, "source": null, "lon": 9.275789, "lat": 53.5972117 }, "geometry": { "type": "LineString", "coordinates": [ [ 9.275589, 53.5972705 ], [ 9.275644, 53.5972386 ], [ 9.2757129, 53.5972183 ], [ 9.275789, 53.5972117 ], [ 9.2758648, 53.5972195 ], [ 9.2759328, 53.5972409 ], [ 9.2759904, 53.5972772 ], [ 9.2760238, 53.5973229 ], [ 9.2760293, 53.5973726 ], [ 9.2760062, 53.5974205 ], [ 9.2759572, 53.5974609 ], [ 9.275888, 53.5974892 ], [ 9.2758068, 53.5975019 ], [ 9.2757232, 53.5974976 ], [ 9.2756469, 53.5974768 ], [ 9.2755869, 53.597442 ], [ 9.2755523, 53.5974012 ], [ 9.2755408, 53.597356 ], [ 9.2755535, 53.597311 ], [ 9.275589, 53.5972705 ] ] } },
{ "type": "Feature", "properties": { "osm_type": "way", "osm_id": 1021613303, "category": "other", "type_de": "Sonstige Löschwasser-/Wasserstelle", "all_tags": { "building": "yes", "man_made": "storage_tank" }, "name": null, "ref": null, "operator": null, "access": null, "description": null, "note": null, "check_date": null, "fire_hydrant_type": null, "fire_hydrant_diameter": null, "fire_hydrant_pressure": null, "fire_hydrant_couplings": null, "fire_hydrant_position": null, "water_source": null, "water_tank_volume": null, "capacity": null, "diameter": null, "pressure": null, "source": null, "lon": 9.4935322, "lat": 53.6430561 }, "geometry": { "type": "LineString", "coordinates": [ [ 9.4932124, 53.6427704 ], [ 9.4931863, 53.6428354 ], [ 9.4931967, 53.642902 ], [ 9.4932425, 53.6429632 ], [ 9.493319, 53.6430124 ], [ 9.493418, 53.6430445 ], [ 9.4935322, 53.6430561 ], [ 9.4936466, 53.6430448 ], [ 9.4937483, 53.6430119 ], [ 9.4938261, 53.642961 ], [ 9.4938714, 53.6428977 ], [ 9.493879, 53.6428292 ], [ 9.4938483, 53.6427629 ], [ 9.4937825, 53.6427064 ], [ 9.493689, 53.6426657 ], [ 9.4935782, 53.6426456 ], [ 9.4934654, 53.6426478 ], [ 9.4933597, 53.6426713 ], [ 9.4932723, 53.6427137 ], [ 9.4932124, 53.6427704 ] ] } },
{ "type": "Feature", "properties": { "osm_type": "way", "osm_id": 1021613304, "category": "other", "type_de": "Sonstige Löschwasser-/Wasserstelle", "all_tags": { "building": "yes", "man_made": "storage_tank" }, "name": null, "ref": null, "operator": null, "access": null, "description": null, "note": null, "check_date": null, "fire_hydrant_type": null, "fire_hydrant_diameter": null, "fire_hydrant_pressure": null, "fire_hydrant_couplings": null, "fire_hydrant_position": null, "water_source": null, "water_tank_volume": null, "capacity": null, "diameter": null, "pressure": null, "source": null, "lon": 9.4926189, "lat": 53.6427722 }, "geometry": { "type": "LineString", "coordinates": [ [ 9.4922991, 53.6424864 ], [ 9.492273, 53.6425515 ], [ 9.4922834, 53.6426181 ], [ 9.4923292, 53.6426792 ], [ 9.4924057, 53.6427285 ], [ 9.4925047, 53.6427606 ], [ 9.4926189, 53.6427722 ], [ 9.4927333, 53.6427609 ], [ 9.492835, 53.642728 ], [ 9.4929128, 53.6426771 ], [ 9.4929581, 53.6426138 ], [ 9.4929658, 53.6425452 ], [ 9.492935, 53.642479 ], [ 9.4928692, 53.6424224 ], [ 9.4927757, 53.6423818 ], [ 9.4926649, 53.6423617 ], [ 9.4925521, 53.6423639 ], [ 9.4924464, 53.6423874 ], [ 9.4923591, 53.6424297 ], [ 9.4922991, 53.6424864 ] ] } },
{ "type": "Feature", "properties": { "osm_type": "way", "osm_id": 1021613305, "category": "other", "type_de": "Sonstige Löschwasser-/Wasserstelle", "all_tags": { "building": "yes", "man_made": "storage_tank" }, "name": null, "ref": null, "operator": null, "access": null, "description": null, "note": null, "check_date": null, "fire_hydrant_type": null, "fire_hydrant_diameter": null, "fire_hydrant_pressure": null, "fire_hydrant_couplings": null, "fire_hydrant_position": null, "water_source": null, "water_tank_volume": null, "capacity": null, "diameter": null, "pressure": null, "source": null, "lon": 9.4965108, "lat": 53.6417996 }, "geometry": { "type": "LineString", "coordinates": [ [ 9.4964608, 53.641805 ], [ 9.4964162, 53.6418195 ], [ 9.4963817, 53.6418418 ], [ 9.4963611, 53.6418693 ], [ 9.4963563, 53.6418994 ], [ 9.496368, 53.6419288 ], [ 9.4963949, 53.6419544 ], [ 9.4964341, 53.6419736 ], [ 9.4964817, 53.6419844 ], [ 9.4965351, 53.6419854 ], [ 9.496586, 53.6419758 ], [ 9.4966286, 53.6419566 ], [ 9.4966579, 53.6419301 ], [ 9.4966706, 53.6418994 ], [ 9.4966651, 53.6418678 ], [ 9.4966422, 53.6418392 ], [ 9.4966066, 53.6418177 ], [ 9.4965612, 53.641804 ], [ 9.4965108, 53.6417996 ], [ 9.4964608, 53.641805 ] ] } },
{ "type": "Feature", "properties": { "osm_type": "way", "osm_id": 1021613306, "category": "other", "type_de": "Sonstige Löschwasser-/Wasserstelle", "all_tags": { "building": "yes", "man_made": "storage_tank" }, "name": null, "ref": null, "operator": null, "access": null, "description": null, "note": null, "check_date": null, "fire_hydrant_type": null, "fire_hydrant_diameter": null, "fire_hydrant_pressure": null, "fire_hydrant_couplings": null, "fire_hydrant_position": null, "water_source": null, "water_tank_volume": null, "capacity": null, "diameter": null, "pressure": null, "source": null, "lon": 9.4961586, "lat": 53.6416944 }, "geometry": { "type": "LineString", "coordinates": [ [ 9.4961085, 53.6416998 ], [ 9.496064, 53.6417143 ], [ 9.4960295, 53.6417366 ], [ 9.4960089, 53.6417641 ], [ 9.4960041, 53.6417942 ], [ 9.4960158, 53.6418235 ], [ 9.4960427, 53.6418492 ], [ 9.4960819, 53.6418684 ], [ 9.4961294, 53.6418792 ], [ 9.4961829, 53.6418802 ], [ 9.4962338, 53.6418706 ], [ 9.4962764, 53.6418514 ], [ 9.4963057, 53.6418249 ], [ 9.4963184, 53.6417942 ], [ 9.4963129, 53.6417626 ], [ 9.49629, 53.641734 ], [ 9.4962544, 53.6417125 ], [ 9.496209, 53.6416988 ], [ 9.4961586, 53.6416944 ], [ 9.4961085, 53.6416998 ] ] } },
{ "type": "Feature", "properties": { "osm_type": "way", "osm_id": 1021613307, "category": "other", "type_de": "Sonstige Löschwasser-/Wasserstelle", "all_tags": { "building": "yes", "man_made": "storage_tank" }, "name": null, "ref": null, "operator": null, "access": null, "description": null, "note": null, "check_date": null, "fire_hydrant_type": null, "fire_hydrant_diameter": null, "fire_hydrant_pressure": null, "fire_hydrant_couplings": null, "fire_hydrant_position": null, "water_source": null, "water_tank_volume": null, "capacity": null, "diameter": null, "pressure": null, "source": null, "lon": 9.4960079, "lat": 53.6423751 }, "geometry": { "type": "LineString", "coordinates": [ [ 9.4959578, 53.6423804 ], [ 9.4959132, 53.642395 ], [ 9.4958788, 53.6424172 ], [ 9.4958581, 53.6424448 ], [ 9.4958534, 53.6424748 ], [ 9.495865, 53.6425042 ], [ 9.4958919, 53.6425298 ], [ 9.4959311, 53.6425491 ], [ 9.4959787, 53.6425598 ], [ 9.4960321, 53.6425609 ], [ 9.496083, 53.6425513 ], [ 9.4961256, 53.6425321 ], [ 9.4961549, 53.6425056 ], [ 9.4961676, 53.6424748 ], [ 9.4961622, 53.6424433 ], [ 9.4961393, 53.6424147 ], [ 9.4961036, 53.6423931 ], [ 9.4960582, 53.6423794 ], [ 9.4960079, 53.6423751 ], [ 9.4959578, 53.6423804 ] ] } },
{ "type": "Feature", "properties": { "osm_type": "way", "osm_id": 1021613308, "category": "other", "type_de": "Sonstige Löschwasser-/Wasserstelle", "all_tags": { "building": "yes", "man_made": "storage_tank" }, "name": null, "ref": null, "operator": null, "access": null, "description": null, "note": null, "check_date": null, "fire_hydrant_type": null, "fire_hydrant_diameter": null, "fire_hydrant_pressure": null, "fire_hydrant_couplings": null, "fire_hydrant_position": null, "water_source": null, "water_tank_volume": null, "capacity": null, "diameter": null, "pressure": null, "source": null, "lon": 9.4960345, "lat": 53.6419818 }, "geometry": { "type": "LineString", "coordinates": [ [ 9.4959535, 53.6420194 ], [ 9.4959517, 53.642036 ], [ 9.4959593, 53.6420519 ], [ 9.4959755, 53.6420655 ], [ 9.4959983, 53.642075 ], [ 9.4960253, 53.6420795 ], [ 9.4960532, 53.6420784 ], [ 9.4960776, 53.6420724 ], [ 9.4960975, 53.642062 ], [ 9.4961109, 53.6420485 ], [ 9.4961164, 53.6420331 ], [ 9.4961134, 53.6420175 ], [ 9.4961022, 53.6420033 ], [ 9.496084, 53.6419919 ], [ 9.4960606, 53.6419845 ], [ 9.4960345, 53.6419818 ], [ 9.4960083, 53.6419842 ], [ 9.4959835, 53.641992 ], [ 9.4959646, 53.6420042 ], [ 9.4959535, 53.6420194 ] ] } },
{ "type": "Feature", "properties": { "osm_type": "way", "osm_id": 1021613309, "category": "other", "type_de": "Sonstige Löschwasser-/Wasserstelle", "all_tags": { "building": "yes", "man_made": "storage_tank" }, "name": null, "ref": null, "operator": null, "access": null, "description": null, "note": null, "check_date": null, "fire_hydrant_type": null, "fire_hydrant_diameter": null, "fire_hydrant_pressure": null, "fire_hydrant_couplings": null, "fire_hydrant_position": null, "water_source": null, "water_tank_volume": null, "capacity": null, "diameter": null, "pressure": null, "source": null, "lon": 9.4959228, "lat": 53.6416175 }, "geometry": { "type": "LineString", "coordinates": [ [ 9.4958418, 53.641655 ], [ 9.49584, 53.6416716 ], [ 9.4958476, 53.6416875 ], [ 9.4958637, 53.6417011 ], [ 9.4958866, 53.6417106 ], [ 9.4959135, 53.6417151 ], [ 9.4959415, 53.6417141 ], [ 9.4959659, 53.641708 ], [ 9.4959858, 53.6416976 ], [ 9.4959992, 53.6416841 ], [ 9.4960047, 53.6416687 ], [ 9.4960017, 53.6416531 ], [ 9.4959905, 53.6416389 ], [ 9.4959723, 53.6416275 ], [ 9.4959489, 53.6416201 ], [ 9.4959228, 53.6416175 ], [ 9.4958966, 53.6416199 ], [ 9.4958718, 53.6416276 ], [ 9.4958528, 53.6416398 ], [ 9.4958418, 53.641655 ] ] } },
{ "type": "Feature", "properties": { "osm_type": "way", "osm_id": 1021613310, "category": "other", "type_de": "Sonstige Löschwasser-/Wasserstelle", "all_tags": { "building": "yes", "man_made": "storage_tank" }, "name": null, "ref": null, "operator": null, "access": null, "description": null, "note": null, "check_date": null, "fire_hydrant_type": null, "fire_hydrant_diameter": null, "fire_hydrant_pressure": null, "fire_hydrant_couplings": null, "fire_hydrant_position": null, "water_source": null, "water_tank_volume": null, "capacity": null, "diameter": null, "pressure": null, "source": null, "lon": 9.4958387, "lat": 53.6418921 }, "geometry": { "type": "LineString", "coordinates": [ [ 9.4957501, 53.6419203 ], [ 9.4957369, 53.6419394 ], [ 9.4957353, 53.6419601 ], [ 9.4957456, 53.6419798 ], [ 9.4957666, 53.6419964 ], [ 9.4957957, 53.6420078 ], [ 9.4958296, 53.6420126 ], [ 9.4958617, 53.6420109 ], [ 9.4958913, 53.6420032 ], [ 9.4959153, 53.6419904 ], [ 9.4959314, 53.6419739 ], [ 9.4959379, 53.6419551 ], [ 9.4959343, 53.6419361 ], [ 9.4959207, 53.6419188 ], [ 9.4958987, 53.6419048 ], [ 9.4958704, 53.6418956 ], [ 9.4958387, 53.6418921 ], [ 9.4958042, 53.6418952 ], [ 9.4957735, 53.641905 ], [ 9.4957501, 53.6419203 ] ] } },
{ "type": "Feature", "properties": { "osm_type": "way", "osm_id": 1021613311, "category": "other", "type_de": "Sonstige Löschwasser-/Wasserstelle", "all_tags": { "building": "yes", "man_made": "storage_tank" }, "name": null, "ref": null, "operator": null, "access": null, "description": null, "note": null, "check_date": null, "fire_hydrant_type": null, "fire_hydrant_diameter": null, "fire_hydrant_pressure": null, "fire_hydrant_couplings": null, "fire_hydrant_position": null, "water_source": null, "water_tank_volume": null, "capacity": null, "diameter": null, "pressure": null, "source": null, "lon": 9.4956089, "lat": 53.6418178 }, "geometry": { "type": "LineString", "coordinates": [ [ 9.4955204, 53.641846 ], [ 9.4955071, 53.6418651 ], [ 9.4955056, 53.6418858 ], [ 9.4955159, 53.6419055 ], [ 9.4955368, 53.6419221 ], [ 9.4955659, 53.6419334 ], [ 9.4955998, 53.6419383 ], [ 9.4956319, 53.6419365 ], [ 9.4956615, 53.6419289 ], [ 9.4956855, 53.6419161 ], [ 9.4957016, 53.6418996 ], [ 9.4957082, 53.6418808 ], [ 9.4957045, 53.6418618 ], [ 9.495691, 53.6418445 ], [ 9.495669, 53.6418305 ], [ 9.4956407, 53.6418213 ], [ 9.4956089, 53.6418178 ], [ 9.4955744, 53.6418209 ], [ 9.4955437, 53.6418306 ], [ 9.4955204, 53.641846 ] ] } },
{ "type": "Feature", "properties": { "osm_type": "way", "osm_id": 1021613312, "category": "other", "type_de": "Sonstige Löschwasser-/Wasserstelle", "all_tags": { "building": "yes", "man_made": "storage_tank" }, "name": null, "ref": null, "operator": null, "access": null, "description": null, "note": null, "check_date": null, "fire_hydrant_type": null, "fire_hydrant_diameter": null, "fire_hydrant_pressure": null, "fire_hydrant_couplings": null, "fire_hydrant_position": null, "water_source": null, "water_tank_volume": null, "capacity": null, "diameter": null, "pressure": null, "source": null, "lon": 9.495595, "lat": 53.6424152 }, "geometry": { "type": "LineString", "coordinates": [ [ 9.4954929, 53.6423124 ], [ 9.495482, 53.6423348 ], [ 9.4954838, 53.6423581 ], [ 9.4954981, 53.6423798 ], [ 9.4955232, 53.6423977 ], [ 9.4955567, 53.6424099 ], [ 9.495595, 53.6424152 ], [ 9.4956357, 53.6424126 ], [ 9.4956726, 53.6424023 ], [ 9.4957017, 53.6423853 ], [ 9.4957196, 53.6423635 ], [ 9.4957244, 53.6423394 ], [ 9.4957154, 53.6423158 ], [ 9.4956938, 53.6422952 ], [ 9.4956619, 53.6422801 ], [ 9.4956233, 53.6422721 ], [ 9.495584, 53.6422719 ], [ 9.4955466, 53.6422792 ], [ 9.4955152, 53.6422932 ], [ 9.4954929, 53.6423124 ] ] } },
{ "type": "Feature", "properties": { "osm_type": "way", "osm_id": 1021613313, "category": "other", "type_de": "Sonstige Löschwasser-/Wasserstelle", "all_tags": { "building": "yes", "man_made": "storage_tank" }, "name": null, "ref": null, "operator": null, "access": null, "description": null, "note": null, "check_date": null, "fire_hydrant_type": null, "fire_hydrant_diameter": null, "fire_hydrant_pressure": null, "fire_hydrant_couplings": null, "fire_hydrant_position": null, "water_source": null, "water_tank_volume": null, "capacity": null, "diameter": null, "pressure": null, "source": null, "lon": 9.4949639, "lat": 53.6434832 }, "geometry": { "type": "LineString", "coordinates": [ [ 9.4948217, 53.6435847 ], [ 9.4948375, 53.6436132 ], [ 9.4948685, 53.643637 ], [ 9.494911, 53.6436532 ], [ 9.4949602, 53.6436601 ], [ 9.4950106, 53.6436569 ], [ 9.4950562, 53.6436439 ], [ 9.4950901, 53.6436241 ], [ 9.4951117, 53.6435989 ], [ 9.4951189, 53.643571 ], [ 9.495111, 53.6435432 ], [ 9.4950886, 53.6435182 ], [ 9.4950542, 53.6434987 ], [ 9.4950112, 53.6434866 ], [ 9.4949639, 53.6434832 ], [ 9.4949172, 53.6434887 ], [ 9.4948735, 53.6435038 ], [ 9.4948408, 53.6435267 ], [ 9.4948228, 53.6435548 ], [ 9.4948217, 53.6435847 ] ] } },
{ "type": "Feature", "properties": { "osm_type": "way", "osm_id": 1021613314, "category": "other", "type_de": "Sonstige Löschwasser-/Wasserstelle", "all_tags": { "building": "yes", "man_made": "storage_tank" }, "name": null, "ref": null, "operator": null, "access": null, "description": null, "note": null, "check_date": null, "fire_hydrant_type": null, "fire_hydrant_diameter": null, "fire_hydrant_pressure": null, "fire_hydrant_couplings": null, "fire_hydrant_position": null, "water_source": null, "water_tank_volume": null, "capacity": null, "diameter": null, "pressure": null, "source": null, "lon": 9.4943722, "lat": 53.6432941 }, "geometry": { "type": "LineString", "coordinates": [ [ 9.4943185, 53.6434722 ], [ 9.4942744, 53.6434554 ], [ 9.4942421, 53.643431 ], [ 9.4942252, 53.6434015 ], [ 9.4942256, 53.6433705 ], [ 9.4942434, 53.6433412 ], [ 9.4942764, 53.6433171 ], [ 9.494321, 53.6433008 ], [ 9.4943722, 53.6432941 ], [ 9.4944222, 53.6432975 ], [ 9.4944678, 53.6433101 ], [ 9.4945043, 53.6433306 ], [ 9.4945279, 53.6433569 ], [ 9.4945363, 53.6433863 ], [ 9.4945284, 53.6434158 ], [ 9.4945052, 53.6434423 ], [ 9.494469, 53.643463 ], [ 9.4944216, 53.6434762 ], [ 9.4943695, 53.6434794 ], [ 9.4943185, 53.6434722 ] ] } },
{ "type": "Feature", "properties": { "osm_type": "way", "osm_id": 1021613316, "category": "other", "type_de": "Sonstige Löschwasser-/Wasserstelle", "all_tags": { "building": "yes", "man_made": "storage_tank" }, "name": null, "ref": null, "operator": null, "access": null, "description": null, "note": null, "check_date": null, "fire_hydrant_type": null, "fire_hydrant_diameter": null, "fire_hydrant_pressure": null, "fire_hydrant_couplings": null, "fire_hydrant_position": null, "water_source": null, "water_tank_volume": null, "capacity": null, "diameter": null, "pressure": null, "source": null, "lon": 9.4989681, "lat": 53.6427394 }, "geometry": { "type": "LineString", "coordinates": [ [ 9.4988534, 53.6426897 ], [ 9.49887, 53.64271 ], [ 9.4988966, 53.642726 ], [ 9.4989305, 53.6427362 ], [ 9.4989681, 53.6427394 ], [ 9.4990055, 53.6427354 ], [ 9.4990398, 53.642724 ], [ 9.4990658, 53.6427065 ], [ 9.4990807, 53.642685 ], [ 9.4990828, 53.6426617 ], [ 9.4990717, 53.6426393 ], [ 9.4990489, 53.6426203 ], [ 9.4990167, 53.6426069 ], [ 9.4989789, 53.6426005 ], [ 9.4989396, 53.6426019 ], [ 9.4989033, 53.6426108 ], [ 9.4988749, 53.6426258 ], [ 9.498856, 53.6426453 ], [ 9.4988486, 53.6426674 ], [ 9.4988534, 53.6426897 ] ] } },
{ "type": "Feature", "properties": { "osm_type": "way", "osm_id": 1021613969, "category": "other", "type_de": "Sonstige Löschwasser-/Wasserstelle", "all_tags": { "building": "yes", "man_made": "storage_tank" }, "name": null, "ref": null, "operator": null, "access": null, "description": null, "note": null, "check_date": null, "fire_hydrant_type": null, "fire_hydrant_diameter": null, "fire_hydrant_pressure": null, "fire_hydrant_couplings": null, "fire_hydrant_position": null, "water_source": null, "water_tank_volume": null, "capacity": null, "diameter": null, "pressure": null, "source": null, "lon": 9.5131652, "lat": 53.6374858 }, "geometry": { "type": "LineString", "coordinates": [ [ 9.5129815, 53.6373432 ], [ 9.5129706, 53.637378 ], [ 9.5129795, 53.637413 ], [ 9.5130074, 53.6374444 ], [ 9.513051, 53.6374685 ], [ 9.5131056, 53.6374829 ], [ 9.5131652, 53.6374858 ], [ 9.5132218, 53.6374774 ], [ 9.5132709, 53.6374585 ], [ 9.5133072, 53.6374314 ], [ 9.5133268, 53.6373988 ], [ 9.5133278, 53.6373641 ], [ 9.5133099, 53.6373312 ], [ 9.5132751, 53.6373033 ], [ 9.5132271, 53.6372836 ], [ 9.513171, 53.637274 ], [ 9.5131113, 53.6372758 ], [ 9.513056, 53.6372891 ], [ 9.513011, 53.6373124 ], [ 9.5129815, 53.6373432 ] ] } },
{ "type": "Feature", "properties": { "osm_type": "way", "osm_id": 1021613970, "category": "other", "type_de": "Sonstige Löschwasser-/Wasserstelle", "all_tags": { "building": "yes", "man_made": "storage_tank" }, "name": null, "ref": null, "operator": null, "access": null, "description": null, "note": null, "check_date": null, "fire_hydrant_type": null, "fire_hydrant_diameter": null, "fire_hydrant_pressure": null, "fire_hydrant_couplings": null, "fire_hydrant_position": null, "water_source": null, "water_tank_volume": null, "capacity": null, "diameter": null, "pressure": null, "source": null, "lon": 9.5128043, "lat": 53.6373742 }, "geometry": { "type": "LineString", "coordinates": [ [ 9.5126206, 53.6372315 ], [ 9.5126097, 53.6372664 ], [ 9.5126187, 53.6373014 ], [ 9.5126466, 53.6373327 ], [ 9.5126902, 53.6373569 ], [ 9.5127448, 53.6373712 ], [ 9.5128043, 53.6373742 ], [ 9.512861, 53.6373657 ], [ 9.5129101, 53.6373469 ], [ 9.5129463, 53.6373197 ], [ 9.512966, 53.6372871 ], [ 9.5129669, 53.6372525 ], [ 9.5129491, 53.6372195 ], [ 9.5129143, 53.6371916 ], [ 9.5128663, 53.6371719 ], [ 9.5128101, 53.6371623 ], [ 9.5127505, 53.6371641 ], [ 9.5126951, 53.6371774 ], [ 9.5126502, 53.6372008 ], [ 9.5126206, 53.6372315 ] ] } },
{ "type": "Feature", "properties": { "osm_type": "way", "osm_id": 1021614408, "category": "other", "type_de": "Sonstige Löschwasser-/Wasserstelle", "all_tags": { "building": "yes", "man_made": "storage_tank" }, "name": null, "ref": null, "operator": null, "access": null, "description": null, "note": null, "check_date": null, "fire_hydrant_type": null, "fire_hydrant_diameter": null, "fire_hydrant_pressure": null, "fire_hydrant_couplings": null, "fire_hydrant_position": null, "water_source": null, "water_tank_volume": null, "capacity": null, "diameter": null, "pressure": null, "source": null, "lon": 9.5091069, "lat": 53.6410274 }, "geometry": { "type": "LineString", "coordinates": [ [ 9.508873, 53.6407918 ], [ 9.5088489, 53.6408431 ], [ 9.5088534, 53.6408963 ], [ 9.5088859, 53.6409459 ], [ 9.5089433, 53.6409869 ], [ 9.5090195, 53.641015 ], [ 9.5091069, 53.6410274 ], [ 9.5092016, 53.641022 ], [ 9.5092879, 53.6409981 ], [ 9.5093557, 53.6409585 ], [ 9.5093973, 53.6409077 ], [ 9.5094079, 53.6408517 ], [ 9.5093862, 53.6407967 ], [ 9.5093347, 53.6407492 ], [ 9.5092595, 53.6407146 ], [ 9.509169, 53.640697 ], [ 9.5090792, 53.6406977 ], [ 9.5089944, 53.6407152 ], [ 9.5089232, 53.6407476 ], [ 9.508873, 53.6407918 ] ] } },
{ "type": "Feature", "properties": { "osm_type": "way", "osm_id": 1021614417, "category": "other", "type_de": "Sonstige Löschwasser-/Wasserstelle", "all_tags": { "building": "yes", "man_made": "storage_tank" }, "name": null, "ref": null, "operator": null, "access": null, "description": null, "note": null, "check_date": null, "fire_hydrant_type": null, "fire_hydrant_diameter": null, "fire_hydrant_pressure": null, "fire_hydrant_couplings": null, "fire_hydrant_position": null, "water_source": null, "water_tank_volume": null, "capacity": null, "diameter": null, "pressure": null, "source": null, "lon": 9.5108467, "lat": 53.6412921 }, "geometry": { "type": "LineString", "coordinates": [ [ 9.5106475, 53.6411358 ], [ 9.5106369, 53.6411736 ], [ 9.5106471, 53.6412114 ], [ 9.5106772, 53.6412453 ], [ 9.510724, 53.6412717 ], [ 9.5107825, 53.6412878 ], [ 9.5108467, 53.6412921 ], [ 9.5109119, 53.6412834 ], [ 9.5109686, 53.6412624 ], [ 9.5110104, 53.6412316 ], [ 9.5110326, 53.6411942 ], [ 9.5110329, 53.6411546 ], [ 9.5110111, 53.6411172 ], [ 9.5109696, 53.6410862 ], [ 9.5109132, 53.641065 ], [ 9.5108482, 53.641056 ], [ 9.5107839, 53.64106 ], [ 9.5107251, 53.6410759 ], [ 9.510678, 53.6411021 ], [ 9.5106475, 53.6411358 ] ] } },
{ "type": "Feature", "properties": { "osm_type": "way", "osm_id": 1021614418, "category": "other", "type_de": "Sonstige Löschwasser-/Wasserstelle", "all_tags": { "building": "yes", "man_made": "storage_tank" }, "name": null, "ref": null, "operator": null, "access": null, "description": null, "note": null, "check_date": null, "fire_hydrant_type": null, "fire_hydrant_diameter": null, "fire_hydrant_pressure": null, "fire_hydrant_couplings": null, "fire_hydrant_position": null, "water_source": null, "water_tank_volume": null, "capacity": null, "diameter": null, "pressure": null, "source": null, "lon": 9.5106827, "lat": 53.6407294 }, "geometry": { "type": "LineString", "coordinates": [ [ 9.5104326, 53.6408781 ], [ 9.5104515, 53.6409247 ], [ 9.5104958, 53.6409647 ], [ 9.5105603, 53.6409936 ], [ 9.5106375, 53.6410078 ], [ 9.5107129, 53.6410064 ], [ 9.5107837, 53.6409911 ], [ 9.5108427, 53.6409632 ], [ 9.5108839, 53.6409257 ], [ 9.510903, 53.6408825 ], [ 9.5108982, 53.6408378 ], [ 9.5108698, 53.6407964 ], [ 9.5108208, 53.6407624 ], [ 9.5107563, 53.6407393 ], [ 9.5106827, 53.6407294 ], [ 9.5106076, 53.6407338 ], [ 9.5105342, 53.6407538 ], [ 9.5104765, 53.6407873 ], [ 9.5104412, 53.6408305 ], [ 9.5104326, 53.6408781 ] ] } },
{ "type": "Feature", "properties": { "osm_type": "way", "osm_id": 1021614419, "category": "other", "type_de": "Sonstige Löschwasser-/Wasserstelle", "all_tags": { "building": "yes", "man_made": "storage_tank" }, "name": null, "ref": null, "operator": null, "access": null, "description": null, "note": null, "check_date": null, "fire_hydrant_type": null, "fire_hydrant_diameter": null, "fire_hydrant_pressure": null, "fire_hydrant_couplings": null, "fire_hydrant_position": null, "water_source": null, "water_tank_volume": null, "capacity": null, "diameter": null, "pressure": null, "source": null, "lon": 9.5110492, "lat": 53.64019 }, "geometry": { "type": "LineString", "coordinates": [ [ 9.5109507, 53.6402111 ], [ 9.5109161, 53.640235 ], [ 9.5108971, 53.6402644 ], [ 9.510896, 53.6402959 ], [ 9.5109129, 53.6403258 ], [ 9.5109458, 53.6403505 ], [ 9.5109908, 53.6403672 ], [ 9.5110427, 53.6403739 ], [ 9.5110907, 53.6403707 ], [ 9.5111346, 53.6403589 ], [ 9.5111703, 53.6403397 ], [ 9.5111944, 53.6403149 ], [ 9.5112044, 53.6402869 ], [ 9.5111994, 53.6402584 ], [ 9.5111799, 53.6402323 ], [ 9.5111478, 53.6402109 ], [ 9.5111016, 53.6401954 ], [ 9.5110492, 53.64019 ], [ 9.5109969, 53.6401955 ], [ 9.5109507, 53.6402111 ] ] } },
{ "type": "Feature", "properties": { "osm_type": "way", "osm_id": 1021637622, "category": "other", "type_de": "Sonstige Löschwasser-/Wasserstelle", "all_tags": { "building": "yes", "man_made": "storage_tank" }, "name": null, "ref": null, "operator": null, "access": null, "description": null, "note": null, "check_date": null, "fire_hydrant_type": null, "fire_hydrant_diameter": null, "fire_hydrant_pressure": null, "fire_hydrant_couplings": null, "fire_hydrant_position": null, "water_source": null, "water_tank_volume": null, "capacity": null, "diameter": null, "pressure": null, "source": null, "lon": 9.4592953, "lat": 53.4762685 }, "geometry": { "type": "LineString", "coordinates": [ [ 9.4591715, 53.476333 ], [ 9.4591699, 53.4763592 ], [ 9.4591825, 53.4763842 ], [ 9.459208, 53.4764056 ], [ 9.4592436, 53.476421 ], [ 9.4592856, 53.4764288 ], [ 9.4593307, 53.476428 ], [ 9.4593728, 53.4764184 ], [ 9.4594074, 53.4764012 ], [ 9.4594305, 53.4763781 ], [ 9.4594396, 53.4763519 ], [ 9.4594337, 53.4763252 ], [ 9.4594135, 53.4763013 ], [ 9.4593811, 53.4762826 ], [ 9.4593402, 53.4762712 ], [ 9.4592953, 53.4762685 ], [ 9.4592525, 53.4762745 ], [ 9.4592151, 53.4762883 ], [ 9.4591871, 53.4763085 ], [ 9.4591715, 53.476333 ] ] } },
{ "type": "Feature", "properties": { "osm_type": "way", "osm_id": 1034002994, "category": "other", "type_de": "Sonstige Löschwasser-/Wasserstelle", "all_tags": { "man_made": "storage_tank" }, "name": null, "ref": null, "operator": null, "access": null, "description": null, "note": null, "check_date": null, "fire_hydrant_type": null, "fire_hydrant_diameter": null, "fire_hydrant_pressure": null, "fire_hydrant_couplings": null, "fire_hydrant_position": null, "water_source": null, "water_tank_volume": null, "capacity": null, "diameter": null, "pressure": null, "source": null, "lon": 9.613589, "lat": 53.4423693 }, "geometry": { "type": "LineString", "coordinates": [ [ 9.6134797, 53.4424313 ], [ 9.6134908, 53.4424078 ], [ 9.613515, 53.4423882 ], [ 9.6135491, 53.4423748 ], [ 9.613589, 53.4423693 ], [ 9.6136296, 53.4423725 ], [ 9.6136657, 53.4423839 ], [ 9.6136929, 53.4424022 ], [ 9.6137077, 53.4424249 ], [ 9.6137079, 53.4424502 ], [ 9.6136928, 53.4424738 ], [ 9.6136644, 53.4424925 ], [ 9.6136265, 53.4425039 ], [ 9.6135843, 53.4425064 ], [ 9.6135491, 53.4425011 ], [ 9.6135184, 53.4424896 ], [ 9.6134952, 53.4424729 ], [ 9.6134819, 53.4424528 ], [ 9.6134797, 53.4424313 ] ] } },
{ "type": "Feature", "properties": { "osm_type": "way", "osm_id": 1034002995, "category": "other", "type_de": "Sonstige Löschwasser-/Wasserstelle", "all_tags": { "man_made": "storage_tank" }, "name": null, "ref": null, "operator": null, "access": null, "description": null, "note": null, "check_date": null, "fire_hydrant_type": null, "fire_hydrant_diameter": null, "fire_hydrant_pressure": null, "fire_hydrant_couplings": null, "fire_hydrant_position": null, "water_source": null, "water_tank_volume": null, "capacity": null, "diameter": null, "pressure": null, "source": null, "lon": 9.6138236, "lat": 53.4424077 }, "geometry": { "type": "LineString", "coordinates": [ [ 9.6137077, 53.4424616 ], [ 9.6137222, 53.4424395 ], [ 9.6137488, 53.4424218 ], [ 9.6137841, 53.4424108 ], [ 9.6138236, 53.4424077 ], [ 9.6138624, 53.442413 ], [ 9.6138957, 53.4424261 ], [ 9.6139193, 53.4424452 ], [ 9.6139303, 53.442468 ], [ 9.6139272, 53.4424916 ], [ 9.6139106, 53.4425131 ], [ 9.6138826, 53.4425298 ], [ 9.6138465, 53.4425397 ], [ 9.6138069, 53.4425415 ], [ 9.6137708, 53.4425356 ], [ 9.61374, 53.4425231 ], [ 9.6137177, 53.4425051 ], [ 9.6137065, 53.4424839 ], [ 9.6137077, 53.4424616 ] ] } },
{ "type": "Feature", "properties": { "osm_type": "way", "osm_id": 1046186108, "category": "other", "type_de": "Sonstige Löschwasser-/Wasserstelle", "all_tags": { "man_made": "storage_tank" }, "name": null, "ref": null, "operator": null, "access": null, "description": null, "note": null, "check_date": null, "fire_hydrant_type": null, "fire_hydrant_diameter": null, "fire_hydrant_pressure": null, "fire_hydrant_couplings": null, "fire_hydrant_position": null, "water_source": null, "water_tank_volume": null, "capacity": null, "diameter": null, "pressure": null, "source": null, "lon": 9.3945484, "lat": 53.4350002 }, "geometry": { "type": "LineString", "coordinates": [ [ 9.394539, 53.4348388 ], [ 9.3945819, 53.4348416 ], [ 9.3946212, 53.4348524 ], [ 9.3946528, 53.43487 ], [ 9.3946734, 53.4348925 ], [ 9.3946812, 53.4349179 ], [ 9.3946753, 53.4349429 ], [ 9.3946568, 53.4349656 ], [ 9.3946275, 53.4349838 ], [ 9.3945901, 53.4349957 ], [ 9.3945484, 53.4350002 ], [ 9.3944968, 53.4349948 ], [ 9.3944525, 53.4349781 ], [ 9.3944221, 53.4349526 ], [ 9.3944102, 53.4349222 ], [ 9.3944185, 53.4348914 ], [ 9.3944459, 53.4348648 ], [ 9.3944881, 53.4348463 ], [ 9.394539, 53.4348388 ] ] } },
{ "type": "Feature", "properties": { "osm_type": "way", "osm_id": 1051093395, "category": "other", "type_de": "Sonstige Löschwasser-/Wasserstelle", "all_tags": { "building": "yes", "man_made": "storage_tank" }, "name": null, "ref": null, "operator": null, "access": null, "description": null, "note": null, "check_date": null, "fire_hydrant_type": null, "fire_hydrant_diameter": null, "fire_hydrant_pressure": null, "fire_hydrant_couplings": null, "fire_hydrant_position": null, "water_source": null, "water_tank_volume": null, "capacity": null, "diameter": null, "pressure": null, "source": null, "lon": 9.2356201, "lat": 53.7821499 }, "geometry": { "type": "LineString", "coordinates": [ [ 9.235404, 53.7822292 ], [ 9.2353714, 53.7822773 ], [ 9.2353658, 53.782329 ], [ 9.2353878, 53.7823792 ], [ 9.2354351, 53.7824228 ], [ 9.2355031, 53.7824556 ], [ 9.2355921, 53.782475 ], [ 9.2356869, 53.7824756 ], [ 9.2357765, 53.7824573 ], [ 9.2358505, 53.7824222 ], [ 9.2359003, 53.7823745 ], [ 9.23592, 53.7823197 ], [ 9.2359074, 53.7822642 ], [ 9.2358639, 53.7822144 ], [ 9.2357946, 53.7821762 ], [ 9.2357076, 53.782154 ], [ 9.2356201, 53.7821499 ], [ 9.2355349, 53.7821622 ], [ 9.2354604, 53.7821895 ], [ 9.235404, 53.7822292 ] ] } },
{ "type": "Feature", "properties": { "osm_type": "way", "osm_id": 1088050318, "category": "other", "type_de": "Sonstige Löschwasser-/Wasserstelle", "all_tags": { "man_made": "storage_tank" }, "name": null, "ref": null, "operator": null, "access": null, "description": null, "note": null, "check_date": null, "fire_hydrant_type": null, "fire_hydrant_diameter": null, "fire_hydrant_pressure": null, "fire_hydrant_couplings": null, "fire_hydrant_position": null, "water_source": null, "water_tank_volume": null, "capacity": null, "diameter": null, "pressure": null, "source": null, "lon": 9.3096296, "lat": 53.7614378 }, "geometry": { "type": "LineString", "coordinates": [ [ 9.3096317, 53.7613946 ], [ 9.3096529, 53.7613991 ], [ 9.3096657, 53.7614101 ], [ 9.3096651, 53.7614235 ], [ 9.3096513, 53.7614341 ], [ 9.3096296, 53.7614378 ], [ 9.3096084, 53.7614334 ], [ 9.3095956, 53.7614223 ], [ 9.3095962, 53.761409 ], [ 9.30961, 53.7613984 ], [ 9.3096317, 53.7613946 ] ] } },
{ "type": "Feature", "properties": { "osm_type": "way", "osm_id": 1088050319, "category": "other", "type_de": "Sonstige Löschwasser-/Wasserstelle", "all_tags": { "man_made": "storage_tank" }, "name": null, "ref": null, "operator": null, "access": null, "description": null, "note": null, "check_date": null, "fire_hydrant_type": null, "fire_hydrant_diameter": null, "fire_hydrant_pressure": null, "fire_hydrant_couplings": null, "fire_hydrant_position": null, "water_source": null, "water_tank_volume": null, "capacity": null, "diameter": null, "pressure": null, "source": null, "lon": 9.3095103, "lat": 53.7614386 }, "geometry": { "type": "LineString", "coordinates": [ [ 9.3095076, 53.7613681 ], [ 9.3095376, 53.7613724 ], [ 9.30956, 53.761385 ], [ 9.3095686, 53.7614026 ], [ 9.3095613, 53.7614203 ], [ 9.3095399, 53.7614335 ], [ 9.3095103, 53.7614386 ], [ 9.3094803, 53.7614343 ], [ 9.3094579, 53.7614217 ], [ 9.3094493, 53.7614041 ], [ 9.3094566, 53.7613864 ], [ 9.3094779, 53.7613732 ], [ 9.3095076, 53.7613681 ] ] } },
{ "type": "Feature", "properties": { "osm_type": "way", "osm_id": 1123844574, "category": "other", "type_de": "Sonstige Löschwasser-/Wasserstelle", "all_tags": { "man_made": "storage_tank" }, "name": null, "ref": null, "operator": null, "access": null, "description": null, "note": null, "check_date": null, "fire_hydrant_type": null, "fire_hydrant_diameter": null, "fire_hydrant_pressure": null, "fire_hydrant_couplings": null, "fire_hydrant_position": null, "water_source": null, "water_tank_volume": null, "capacity": null, "diameter": null, "pressure": null, "source": null, "lon": 9.3711502, "lat": 53.4729255 }, "geometry": { "type": "LineString", "coordinates": [ [ 9.37122, 53.4729154 ], [ 9.3711502, 53.4729255 ], [ 9.3710805, 53.4729151 ], [ 9.3710269, 53.4728866 ], [ 9.3710017, 53.4728465 ], [ 9.3710107, 53.4728041 ], [ 9.3710518, 53.472769 ], [ 9.3711156, 53.4727493 ], [ 9.3711874, 53.4727495 ], [ 9.3712509, 53.4727695 ], [ 9.3712915, 53.4728048 ], [ 9.3712998, 53.4728473 ], [ 9.371274, 53.4728872 ], [ 9.37122, 53.4729154 ] ] } },
{ "type": "Feature", "properties": { "osm_type": "way", "osm_id": 1123844580, "category": "other", "type_de": "Sonstige Löschwasser-/Wasserstelle", "all_tags": { "man_made": "storage_tank" }, "name": null, "ref": null, "operator": null, "access": null, "description": null, "note": null, "check_date": null, "fire_hydrant_type": null, "fire_hydrant_diameter": null, "fire_hydrant_pressure": null, "fire_hydrant_couplings": null, "fire_hydrant_position": null, "water_source": null, "water_tank_volume": null, "capacity": null, "diameter": null, "pressure": null, "source": null, "lon": 9.3994124, "lat": 53.4674111 }, "geometry": { "type": "LineString", "coordinates": [ [ 9.3993602, 53.4674054 ], [ 9.3993164, 53.4673876 ], [ 9.3992886, 53.4673607 ], [ 9.3992816, 53.4673294 ], [ 9.3992965, 53.4672992 ], [ 9.3993309, 53.4672751 ], [ 9.3993787, 53.4672615 ], [ 9.3994317, 53.4672606 ], [ 9.3994807, 53.4672726 ], [ 9.3995173, 53.4672954 ], [ 9.3995351, 53.4673251 ], [ 9.3995311, 53.4673566 ], [ 9.3995059, 53.4673844 ], [ 9.3994639, 53.4674037 ], [ 9.3994124, 53.4674111 ], [ 9.3993602, 53.4674054 ] ] } },
{ "type": "Feature", "properties": { "osm_type": "way", "osm_id": 1123844581, "category": "other", "type_de": "Sonstige Löschwasser-/Wasserstelle", "all_tags": { "man_made": "storage_tank" }, "name": null, "ref": null, "operator": null, "access": null, "description": null, "note": null, "check_date": null, "fire_hydrant_type": null, "fire_hydrant_diameter": null, "fire_hydrant_pressure": null, "fire_hydrant_couplings": null, "fire_hydrant_position": null, "water_source": null, "water_tank_volume": null, "capacity": null, "diameter": null, "pressure": null, "source": null, "lon": 9.3906388, "lat": 53.4675217 }, "geometry": { "type": "LineString", "coordinates": [ [ 9.3907712, 53.4677172 ], [ 9.3907181, 53.4677389 ], [ 9.3906559, 53.4677488 ], [ 9.3905917, 53.4677459 ], [ 9.3905354, 53.4677315 ], [ 9.3904896, 53.4677072 ], [ 9.3904591, 53.4676755 ], [ 9.3904471, 53.4676397 ], [ 9.3904547, 53.4676034 ], [ 9.3904812, 53.4675705 ], [ 9.3905238, 53.4675443 ], [ 9.3905782, 53.4675274 ], [ 9.3906388, 53.4675217 ], [ 9.3907022, 53.4675283 ], [ 9.3907584, 53.467547 ], [ 9.3908009, 53.4675758 ], [ 9.390825, 53.4676113 ], [ 9.3908279, 53.4676496 ], [ 9.3908092, 53.4676863 ], [ 9.3907712, 53.4677172 ] ] } },
{ "type": "Feature", "properties": { "osm_type": "way", "osm_id": 1188286586, "category": "other", "type_de": "Sonstige Löschwasser-/Wasserstelle", "all_tags": { "content": "slurry", "man_made": "storage_tank" }, "name": null, "ref": null, "operator": null, "access": null, "description": null, "note": null, "check_date": null, "fire_hydrant_type": null, "fire_hydrant_diameter": null, "fire_hydrant_pressure": null, "fire_hydrant_couplings": null, "fire_hydrant_position": null, "water_source": null, "water_tank_volume": null, "capacity": null, "diameter": null, "pressure": null, "source": null, "lon": 9.4371169, "lat": 53.5218427 }, "geometry": { "type": "LineString", "coordinates": [ [ 9.4369632, 53.5218767 ], [ 9.4369098, 53.5219146 ], [ 9.4368809, 53.521961 ], [ 9.43688, 53.5220105 ], [ 9.4369072, 53.5220572 ], [ 9.4369594, 53.5220958 ], [ 9.4370247, 53.5221202 ], [ 9.4370996, 53.5221313 ], [ 9.4371766, 53.5221278 ], [ 9.4372478, 53.5221102 ], [ 9.4373062, 53.5220802 ], [ 9.4373458, 53.5220408 ], [ 9.4373627, 53.521996 ], [ 9.4373551, 53.5219503 ], [ 9.4373238, 53.5219084 ], [ 9.4372719, 53.5218744 ], [ 9.437199, 53.5218505 ], [ 9.4371169, 53.5218427 ], [ 9.4370351, 53.5218518 ], [ 9.4369632, 53.5218767 ] ] } },
{ "type": "Feature", "properties": { "osm_type": "way", "osm_id": 1188286587, "category": "other", "type_de": "Sonstige Löschwasser-/Wasserstelle", "all_tags": { "content": "slurry", "man_made": "storage_tank" }, "name": null, "ref": null, "operator": null, "access": null, "description": null, "note": null, "check_date": null, "fire_hydrant_type": null, "fire_hydrant_diameter": null, "fire_hydrant_pressure": null, "fire_hydrant_couplings": null, "fire_hydrant_position": null, "water_source": null, "water_tank_volume": null, "capacity": null, "diameter": null, "pressure": null, "source": null, "lon": 9.4371549, "lat": 53.5215455 }, "geometry": { "type": "LineString", "coordinates": [ [ 9.4370013, 53.5215795 ], [ 9.4369478, 53.5216174 ], [ 9.436919, 53.5216638 ], [ 9.4369181, 53.5217133 ], [ 9.4369453, 53.52176 ], [ 9.4369975, 53.5217985 ], [ 9.4370628, 53.521823 ], [ 9.4371377, 53.5218341 ], [ 9.4372147, 53.5218306 ], [ 9.4372859, 53.521813 ], [ 9.4373443, 53.5217829 ], [ 9.4373839, 53.5217436 ], [ 9.4374007, 53.5216988 ], [ 9.4373931, 53.5216531 ], [ 9.4373618, 53.5216112 ], [ 9.43731, 53.5215772 ], [ 9.4372371, 53.5215533 ], [ 9.4371549, 53.5215455 ], [ 9.4370732, 53.5215546 ], [ 9.4370013, 53.5215795 ] ] } },
{ "type": "Feature", "properties": { "osm_type": "way", "osm_id": 1188286588, "category": "other", "type_de": "Sonstige Löschwasser-/Wasserstelle", "all_tags": { "content": "slurry", "man_made": "storage_tank" }, "name": null, "ref": null, "operator": null, "access": null, "description": null, "note": null, "check_date": null, "fire_hydrant_type": null, "fire_hydrant_diameter": null, "fire_hydrant_pressure": null, "fire_hydrant_couplings": null, "fire_hydrant_position": null, "water_source": null, "water_tank_volume": null, "capacity": null, "diameter": null, "pressure": null, "source": null, "lon": 9.4366739, "lat": 53.522124 }, "geometry": { "type": "LineString", "coordinates": [ [ 9.4365945, 53.5219254 ], [ 9.4365494, 53.5219459 ], [ 9.4365176, 53.5219738 ], [ 9.4365021, 53.5220063 ], [ 9.4365047, 53.52204 ], [ 9.4365249, 53.5220715 ], [ 9.4365634, 53.5220988 ], [ 9.4366151, 53.5221171 ], [ 9.4366739, 53.522124 ], [ 9.4367334, 53.5221189 ], [ 9.4367865, 53.5221023 ], [ 9.4368273, 53.5220761 ], [ 9.4368511, 53.5220433 ], [ 9.4368552, 53.5220077 ], [ 9.4368391, 53.5219734 ], [ 9.4368047, 53.5219441 ], [ 9.4367588, 53.5219243 ], [ 9.4367048, 53.521914 ], [ 9.4366481, 53.5219144 ], [ 9.4365945, 53.5219254 ] ] } },
{ "type": "Feature", "properties": { "osm_type": "way", "osm_id": 1188286589, "category": "other", "type_de": "Sonstige Löschwasser-/Wasserstelle", "all_tags": { "content": "slurry", "man_made": "storage_tank" }, "name": null, "ref": null, "operator": null, "access": null, "description": null, "note": null, "check_date": null, "fire_hydrant_type": null, "fire_hydrant_diameter": null, "fire_hydrant_pressure": null, "fire_hydrant_couplings": null, "fire_hydrant_position": null, "water_source": null, "water_tank_volume": null, "capacity": null, "diameter": null, "pressure": null, "source": null, "lon": 9.4366816, "lat": 53.5218933 }, "geometry": { "type": "LineString", "coordinates": [ [ 9.4366021, 53.5216948 ], [ 9.4365571, 53.5217153 ], [ 9.4365252, 53.5217432 ], [ 9.4365098, 53.5217756 ], [ 9.4365123, 53.5218093 ], [ 9.4365326, 53.5218408 ], [ 9.4365711, 53.5218682 ], [ 9.4366227, 53.5218864 ], [ 9.4366816, 53.5218933 ], [ 9.436741, 53.5218882 ], [ 9.4367942, 53.5218716 ], [ 9.436835, 53.5218455 ], [ 9.4368588, 53.5218127 ], [ 9.4368629, 53.5217771 ], [ 9.4368468, 53.5217427 ], [ 9.4368123, 53.5217135 ], [ 9.4367665, 53.5216936 ], [ 9.4367125, 53.5216834 ], [ 9.4366557, 53.5216838 ], [ 9.4366021, 53.5216948 ] ] } },
{ "type": "Feature", "properties": { "osm_type": "way", "osm_id": 1188286590, "category": "other", "type_de": "Sonstige Löschwasser-/Wasserstelle", "all_tags": { "content": "slurry", "man_made": "storage_tank" }, "name": null, "ref": null, "operator": null, "access": null, "description": null, "note": null, "check_date": null, "fire_hydrant_type": null, "fire_hydrant_diameter": null, "fire_hydrant_pressure": null, "fire_hydrant_couplings": null, "fire_hydrant_position": null, "water_source": null, "water_tank_volume": null, "capacity": null, "diameter": null, "pressure": null, "source": null, "lon": 9.4381448, "lat": 53.5213424 }, "geometry": { "type": "LineString", "coordinates": [ [ 9.4380653, 53.5211439 ], [ 9.4380203, 53.5211644 ], [ 9.4379884, 53.5211923 ], [ 9.437973, 53.5212247 ], [ 9.4379755, 53.5212584 ], [ 9.4379958, 53.5212899 ], [ 9.4380343, 53.5213173 ], [ 9.4380859, 53.5213355 ], [ 9.4381448, 53.5213424 ], [ 9.4382042, 53.5213373 ], [ 9.4382573, 53.5213207 ], [ 9.4382981, 53.5212945 ], [ 9.438322, 53.5212618 ], [ 9.4383261, 53.5212262 ], [ 9.43831, 53.5211918 ], [ 9.4382755, 53.5211625 ], [ 9.4382297, 53.5211427 ], [ 9.4381756, 53.5211324 ], [ 9.4381189, 53.5211328 ], [ 9.4380653, 53.5211439 ] ] } },
{ "type": "Feature", "properties": { "osm_type": "way", "osm_id": 1188465234, "category": "other", "type_de": "Sonstige Löschwasser-/Wasserstelle", "all_tags": { "content": "slurry", "man_made": "storage_tank" }, "name": null, "ref": null, "operator": null, "access": null, "description": null, "note": null, "check_date": null, "fire_hydrant_type": null, "fire_hydrant_diameter": null, "fire_hydrant_pressure": null, "fire_hydrant_couplings": null, "fire_hydrant_position": null, "water_source": null, "water_tank_volume": null, "capacity": null, "diameter": null, "pressure": null, "source": null, "lon": 9.4695653, "lat": 53.5166645 }, "geometry": { "type": "LineString", "coordinates": [ [ 9.4695012, 53.5165115 ], [ 9.4694658, 53.5165278 ], [ 9.4694412, 53.51655 ], [ 9.4694299, 53.5165758 ], [ 9.4694333, 53.5166023 ], [ 9.4694508, 53.5166268 ], [ 9.4694807, 53.5166466 ], [ 9.4695204, 53.5166598 ], [ 9.4695653, 53.5166645 ], [ 9.4696102, 53.5166602 ], [ 9.4696503, 53.5166474 ], [ 9.4696811, 53.5166275 ], [ 9.4696993, 53.5166027 ], [ 9.4697027, 53.5165757 ], [ 9.4696911, 53.5165495 ], [ 9.4696663, 53.5165274 ], [ 9.4696307, 53.5165112 ], [ 9.4695883, 53.5165027 ], [ 9.4695435, 53.5165028 ], [ 9.4695012, 53.5165115 ] ] } },
{ "type": "Feature", "properties": { "osm_type": "way", "osm_id": 1189958570, "category": "other", "type_de": "Sonstige Löschwasser-/Wasserstelle", "all_tags": { "content": "slurry", "man_made": "storage_tank", "material": "concrete" }, "name": null, "ref": null, "operator": null, "access": null, "description": null, "note": null, "check_date": null, "fire_hydrant_type": null, "fire_hydrant_diameter": null, "fire_hydrant_pressure": null, "fire_hydrant_couplings": null, "fire_hydrant_position": null, "water_source": null, "water_tank_volume": null, "capacity": null, "diameter": null, "pressure": null, "source": null, "lon": 9.4560929, "lat": 53.5372097 }, "geometry": { "type": "LineString", "coordinates": [ [ 9.4560778, 53.5369938 ], [ 9.4560215, 53.5370039 ], [ 9.4559736, 53.537024 ], [ 9.4559389, 53.5370522 ], [ 9.4559211, 53.5370855 ], [ 9.455922, 53.5371204 ], [ 9.4559415, 53.5371534 ], [ 9.45598, 53.5371822 ], [ 9.4560325, 53.5372018 ], [ 9.4560929, 53.5372097 ], [ 9.4561544, 53.5372053 ], [ 9.4562099, 53.5371888 ], [ 9.4562528, 53.5371623 ], [ 9.4562784, 53.5371287 ], [ 9.4562836, 53.537092 ], [ 9.4562692, 53.5370582 ], [ 9.4562375, 53.5370288 ], [ 9.4561917, 53.5370069 ], [ 9.4561365, 53.5369948 ], [ 9.4560778, 53.5369938 ] ] } },
{ "type": "Feature", "properties": { "osm_type": "way", "osm_id": 1190269995, "category": "other", "type_de": "Sonstige Löschwasser-/Wasserstelle", "all_tags": { "content": "slurry", "man_made": "storage_tank" }, "name": null, "ref": null, "operator": null, "access": null, "description": null, "note": null, "check_date": null, "fire_hydrant_type": null, "fire_hydrant_diameter": null, "fire_hydrant_pressure": null, "fire_hydrant_couplings": null, "fire_hydrant_position": null, "water_source": null, "water_tank_volume": null, "capacity": null, "diameter": null, "pressure": null, "source": null, "lon": 9.4148498, "lat": 53.5603981 }, "geometry": { "type": "LineString", "coordinates": [ [ 9.4148399, 53.5602315 ], [ 9.4147933, 53.5602399 ], [ 9.4147544, 53.5602572 ], [ 9.4147277, 53.5602813 ], [ 9.4147164, 53.5603094 ], [ 9.4147207, 53.5603356 ], [ 9.4147385, 53.5603598 ], [ 9.4147681, 53.5603794 ], [ 9.4148064, 53.5603926 ], [ 9.4148498, 53.5603981 ], [ 9.4148939, 53.5603953 ], [ 9.4149343, 53.5603845 ], [ 9.4149671, 53.5603667 ], [ 9.414989, 53.5603438 ], [ 9.4149978, 53.560318 ], [ 9.4149914, 53.5602894 ], [ 9.414969, 53.5602637 ], [ 9.4149333, 53.5602441 ], [ 9.4148884, 53.5602329 ], [ 9.4148399, 53.5602315 ] ] } },
{ "type": "Feature", "properties": { "osm_type": "way", "osm_id": 1190559222, "category": "other", "type_de": "Sonstige Löschwasser-/Wasserstelle", "all_tags": { "content": "slurry", "man_made": "storage_tank" }, "name": null, "ref": null, "operator": null, "access": null, "description": null, "note": null, "check_date": null, "fire_hydrant_type": null, "fire_hydrant_diameter": null, "fire_hydrant_pressure": null, "fire_hydrant_couplings": null, "fire_hydrant_position": null, "water_source": null, "water_tank_volume": null, "capacity": null, "diameter": null, "pressure": null, "source": null, "lon": 9.3798355, "lat": 53.5700399 }, "geometry": { "type": "LineString", "coordinates": [ [ 9.3799315, 53.5698809 ], [ 9.3798878, 53.5698632 ], [ 9.3798366, 53.5698551 ], [ 9.3797839, 53.5698577 ], [ 9.3797356, 53.5698706 ], [ 9.3796973, 53.5698923 ], [ 9.3796735, 53.5699204 ], [ 9.3796669, 53.5699516 ], [ 9.3796781, 53.5699823 ], [ 9.3797036, 53.5700073 ], [ 9.3797409, 53.5700264 ], [ 9.3797864, 53.5700376 ], [ 9.3798355, 53.5700399 ], [ 9.3798834, 53.5700329 ], [ 9.3799252, 53.5700174 ], [ 9.3799568, 53.569995 ], [ 9.3799751, 53.5699678 ], [ 9.3799778, 53.5699364 ], [ 9.3799627, 53.5699063 ], [ 9.3799315, 53.5698809 ] ] } },
{ "type": "Feature", "properties": { "osm_type": "way", "osm_id": 1190758613, "category": "other", "type_de": "Sonstige Löschwasser-/Wasserstelle", "all_tags": { "building": "storage_tank", "man_made": "storage_tank" }, "name": null, "ref": null, "operator": null, "access": null, "description": null, "note": null, "check_date": null, "fire_hydrant_type": null, "fire_hydrant_diameter": null, "fire_hydrant_pressure": null, "fire_hydrant_couplings": null, "fire_hydrant_position": null, "water_source": null, "water_tank_volume": null, "capacity": null, "diameter": null, "pressure": null, "source": null, "lon": 9.420317, "lat": 53.4991219 }, "geometry": { "type": "LineString", "coordinates": [ [ 9.4201721, 53.4989601 ], [ 9.4202235, 53.4989284 ], [ 9.420292, 53.4989119 ], [ 9.420366, 53.4989134 ], [ 9.4204325, 53.4989327 ], [ 9.4204801, 53.4989663 ], [ 9.4205005, 53.4990086 ], [ 9.4204903, 53.4990522 ], [ 9.4204511, 53.4990896 ], [ 9.4203898, 53.4991142 ], [ 9.420317, 53.4991219 ], [ 9.4202452, 53.4991112 ], [ 9.4201869, 53.4990842 ], [ 9.4201521, 53.4990453 ], [ 9.4201469, 53.4990014 ], [ 9.4201721, 53.4989601 ] ] } },
{ "type": "Feature", "properties": { "osm_type": "way", "osm_id": 1191364277, "category": "other", "type_de": "Sonstige Löschwasser-/Wasserstelle", "all_tags": { "content": "slurry", "man_made": "storage_tank" }, "name": null, "ref": null, "operator": null, "access": null, "description": null, "note": null, "check_date": null, "fire_hydrant_type": null, "fire_hydrant_diameter": null, "fire_hydrant_pressure": null, "fire_hydrant_couplings": null, "fire_hydrant_position": null, "water_source": null, "water_tank_volume": null, "capacity": null, "diameter": null, "pressure": null, "source": null, "lon": 9.2775661, "lat": 53.5070652 }, "geometry": { "type": "LineString", "coordinates": [ [ 9.2775412, 53.5068734 ], [ 9.2774927, 53.5068832 ], [ 9.2774518, 53.5069015 ], [ 9.2774224, 53.5069265 ], [ 9.2774077, 53.5069557 ], [ 9.2774089, 53.5069861 ], [ 9.2774281, 53.5070171 ], [ 9.2774637, 53.5070423 ], [ 9.2775116, 53.507059 ], [ 9.2775661, 53.5070652 ], [ 9.2776209, 53.50706 ], [ 9.2776696, 53.5070442 ], [ 9.2777065, 53.5070196 ], [ 9.2777273, 53.506989 ], [ 9.2777296, 53.5069561 ], [ 9.2777131, 53.5069246 ], [ 9.2776829, 53.5069 ], [ 9.2776413, 53.5068822 ], [ 9.2775924, 53.5068731 ], [ 9.2775412, 53.5068734 ] ] } },
{ "type": "Feature", "properties": { "osm_type": "way", "osm_id": 1191379469, "category": "other", "type_de": "Sonstige Löschwasser-/Wasserstelle", "all_tags": { "content": "slurry", "man_made": "storage_tank" }, "name": null, "ref": null, "operator": null, "access": null, "description": null, "note": null, "check_date": null, "fire_hydrant_type": null, "fire_hydrant_diameter": null, "fire_hydrant_pressure": null, "fire_hydrant_couplings": null, "fire_hydrant_position": null, "water_source": null, "water_tank_volume": null, "capacity": null, "diameter": null, "pressure": null, "source": null, "lon": 9.247946, "lat": 53.4712611 }, "geometry": { "type": "LineString", "coordinates": [ [ 9.247961, 53.4710585 ], [ 9.2479067, 53.4710653 ], [ 9.2478588, 53.4710821 ], [ 9.2478225, 53.4711071 ], [ 9.2478016, 53.4711377 ], [ 9.2477983, 53.4711707 ], [ 9.2478129, 53.4712026 ], [ 9.2478451, 53.4712308 ], [ 9.2478912, 53.4712511 ], [ 9.247946, 53.4712611 ], [ 9.2480033, 53.4712598 ], [ 9.2480566, 53.4712474 ], [ 9.2481001, 53.4712251 ], [ 9.2481287, 53.4711955 ], [ 9.2481393, 53.471162 ], [ 9.2481312, 53.4711293 ], [ 9.248106, 53.4710999 ], [ 9.2480662, 53.4710768 ], [ 9.2480161, 53.4710625 ], [ 9.247961, 53.4710585 ] ] } },
{ "type": "Feature", "properties": { "osm_type": "way", "osm_id": 1191439503, "category": "other", "type_de": "Sonstige Löschwasser-/Wasserstelle", "all_tags": { "content": "slurry", "man_made": "storage_tank" }, "name": null, "ref": null, "operator": null, "access": null, "description": null, "note": null, "check_date": null, "fire_hydrant_type": null, "fire_hydrant_diameter": null, "fire_hydrant_pressure": null, "fire_hydrant_couplings": null, "fire_hydrant_position": null, "water_source": null, "water_tank_volume": null, "capacity": null, "diameter": null, "pressure": null, "source": null, "lon": 9.267069, "lat": 53.4830819 }, "geometry": { "type": "LineString", "coordinates": [ [ 9.267125, 53.4830851 ], [ 9.267069, 53.4830819 ], [ 9.2670142, 53.4830896 ], [ 9.2669665, 53.4831073 ], [ 9.2669308, 53.4831332 ], [ 9.2669111, 53.4831646 ], [ 9.2669092, 53.4831981 ], [ 9.2669256, 53.4832301 ], [ 9.2669595, 53.483258 ], [ 9.2670069, 53.4832777 ], [ 9.2670626, 53.483287 ], [ 9.2671204, 53.4832848 ], [ 9.2671737, 53.4832714 ], [ 9.2672166, 53.4832483 ], [ 9.2672443, 53.4832181 ], [ 9.2672537, 53.4831841 ], [ 9.2672443, 53.4831511 ], [ 9.2672176, 53.4831216 ], [ 9.2671764, 53.4830988 ], [ 9.267125, 53.4830851 ] ] } },
{ "type": "Feature", "properties": { "osm_type": "way", "osm_id": 1191439504, "category": "other", "type_de": "Sonstige Löschwasser-/Wasserstelle", "all_tags": { "content": "slurry", "man_made": "storage_tank" }, "name": null, "ref": null, "operator": null, "access": null, "description": null, "note": null, "check_date": null, "fire_hydrant_type": null, "fire_hydrant_diameter": null, "fire_hydrant_pressure": null, "fire_hydrant_couplings": null, "fire_hydrant_position": null, "water_source": null, "water_tank_volume": null, "capacity": null, "diameter": null, "pressure": null, "source": null, "lon": 9.2674184, "lat": 53.4834616 }, "geometry": { "type": "LineString", "coordinates": [ [ 9.26743, 53.4833245 ], [ 9.267393, 53.4833253 ], [ 9.2673584, 53.4833329 ], [ 9.2673296, 53.4833467 ], [ 9.2673095, 53.4833652 ], [ 9.2673003, 53.4833865 ], [ 9.2673029, 53.4834084 ], [ 9.2673182, 53.48343 ], [ 9.2673447, 53.4834472 ], [ 9.2673795, 53.4834582 ], [ 9.2674184, 53.4834616 ], [ 9.267457, 53.4834571 ], [ 9.2674908, 53.4834451 ], [ 9.2675159, 53.4834271 ], [ 9.2675294, 53.4834051 ], [ 9.2675297, 53.4833817 ], [ 9.267518, 53.4833608 ], [ 9.2674958, 53.4833432 ], [ 9.2674654, 53.4833307 ], [ 9.26743, 53.4833245 ] ] } },
{ "type": "Feature", "properties": { "osm_type": "way", "osm_id": 1191614865, "category": "other", "type_de": "Sonstige Löschwasser-/Wasserstelle", "all_tags": { "content": "slurry", "man_made": "storage_tank" }, "name": null, "ref": null, "operator": null, "access": null, "description": null, "note": null, "check_date": null, "fire_hydrant_type": null, "fire_hydrant_diameter": null, "fire_hydrant_pressure": null, "fire_hydrant_couplings": null, "fire_hydrant_position": null, "water_source": null, "water_tank_volume": null, "capacity": null, "diameter": null, "pressure": null, "source": null, "lon": 9.3402945, "lat": 53.4784452 }, "geometry": { "type": "LineString", "coordinates": [ [ 9.3402803, 53.478216 ], [ 9.3402174, 53.4782206 ], [ 9.3401603, 53.478237 ], [ 9.3401152, 53.4782635 ], [ 9.3400869, 53.4782973 ], [ 9.3400786, 53.4783347 ], [ 9.340091, 53.4783717 ], [ 9.3401229, 53.4784043 ], [ 9.3401713, 53.4784292 ], [ 9.3402306, 53.4784433 ], [ 9.3402945, 53.4784452 ], [ 9.3403558, 53.4784345 ], [ 9.340408, 53.4784125 ], [ 9.3404453, 53.4783816 ], [ 9.3404635, 53.4783452 ], [ 9.3404609, 53.4783072 ], [ 9.3404377, 53.478272 ], [ 9.3403968, 53.4782432 ], [ 9.3403424, 53.4782239 ], [ 9.3402803, 53.478216 ] ] } },
{ "type": "Feature", "properties": { "osm_type": "way", "osm_id": 1191683395, "category": "other", "type_de": "Sonstige Löschwasser-/Wasserstelle", "all_tags": { "content": "slurry", "man_made": "storage_tank" }, "name": null, "ref": null, "operator": null, "access": null, "description": null, "note": null, "check_date": null, "fire_hydrant_type": null, "fire_hydrant_diameter": null, "fire_hydrant_pressure": null, "fire_hydrant_couplings": null, "fire_hydrant_position": null, "water_source": null, "water_tank_volume": null, "capacity": null, "diameter": null, "pressure": null, "source": null, "lon": 9.3736762, "lat": 53.4673641 }, "geometry": { "type": "LineString", "coordinates": [ [ 9.3737859, 53.467393 ], [ 9.3737553, 53.4673764 ], [ 9.3737174, 53.4673664 ], [ 9.3736762, 53.4673641 ], [ 9.3736358, 53.4673697 ], [ 9.3736005, 53.4673826 ], [ 9.373574, 53.4674016 ], [ 9.3735589, 53.4674245 ], [ 9.3735571, 53.4674506 ], [ 9.3735701, 53.4674754 ], [ 9.3735963, 53.4674963 ], [ 9.3736327, 53.4675107 ], [ 9.3736751, 53.467517 ], [ 9.3737186, 53.4675146 ], [ 9.3737582, 53.4675036 ], [ 9.3737894, 53.4674854 ], [ 9.3738079, 53.4674633 ], [ 9.3738136, 53.4674388 ], [ 9.373806, 53.4674146 ], [ 9.3737859, 53.467393 ] ] } },
{ "type": "Feature", "properties": { "osm_type": "way", "osm_id": 1191875440, "category": "other", "type_de": "Sonstige Löschwasser-/Wasserstelle", "all_tags": { "content": "slurry", "man_made": "storage_tank" }, "name": null, "ref": null, "operator": null, "access": null, "description": null, "note": null, "check_date": null, "fire_hydrant_type": null, "fire_hydrant_diameter": null, "fire_hydrant_pressure": null, "fire_hydrant_couplings": null, "fire_hydrant_position": null, "water_source": null, "water_tank_volume": null, "capacity": null, "diameter": null, "pressure": null, "source": null, "lon": 9.421704, "lat": 53.5134896 }, "geometry": { "type": "LineString", "coordinates": [ [ 9.4217286, 53.5133401 ], [ 9.4216885, 53.51334 ], [ 9.4216504, 53.5133474 ], [ 9.4216181, 53.5133615 ], [ 9.4215948, 53.5133809 ], [ 9.4215829, 53.5134037 ], [ 9.4215835, 53.5134275 ], [ 9.4215967, 53.5134501 ], [ 9.4216238, 53.5134705 ], [ 9.4216611, 53.5134843 ], [ 9.421704, 53.5134896 ], [ 9.4217474, 53.513486 ], [ 9.4217861, 53.5134737 ], [ 9.4218154, 53.5134543 ], [ 9.4218319, 53.5134302 ], [ 9.4218336, 53.5134041 ], [ 9.4218219, 53.5133813 ], [ 9.4217988, 53.5133619 ], [ 9.4217666, 53.5133476 ], [ 9.4217286, 53.5133401 ] ] } },
{ "type": "Feature", "properties": { "osm_type": "way", "osm_id": 1191875441, "category": "other", "type_de": "Sonstige Löschwasser-/Wasserstelle", "all_tags": { "content": "slurry", "man_made": "storage_tank" }, "name": null, "ref": null, "operator": null, "access": null, "description": null, "note": null, "check_date": null, "fire_hydrant_type": null, "fire_hydrant_diameter": null, "fire_hydrant_pressure": null, "fire_hydrant_couplings": null, "fire_hydrant_position": null, "water_source": null, "water_tank_volume": null, "capacity": null, "diameter": null, "pressure": null, "source": null, "lon": 9.4232188, "lat": 53.516746 }, "geometry": { "type": "LineString", "coordinates": [ [ 9.4233207, 53.5165593 ], [ 9.4232707, 53.5165469 ], [ 9.4232166, 53.5165445 ], [ 9.4231641, 53.5165524 ], [ 9.4231184, 53.5165697 ], [ 9.4230842, 53.5165946 ], [ 9.4230649, 53.5166247 ], [ 9.4230625, 53.5166569 ], [ 9.4230791, 53.5166902 ], [ 9.4231137, 53.5167181 ], [ 9.4231621, 53.5167375 ], [ 9.4232188, 53.516746 ], [ 9.4232769, 53.5167426 ], [ 9.4233296, 53.5167276 ], [ 9.4233707, 53.516703 ], [ 9.4233954, 53.5166715 ], [ 9.423401, 53.5166395 ], [ 9.4233893, 53.516608 ], [ 9.4233616, 53.5165803 ], [ 9.4233207, 53.5165593 ] ] } },
{ "type": "Feature", "properties": { "osm_type": "way", "osm_id": 1191887071, "category": "other", "type_de": "Sonstige Löschwasser-/Wasserstelle", "all_tags": { "content": "slurry", "man_made": "storage_tank" }, "name": null, "ref": null, "operator": null, "access": null, "description": null, "note": null, "check_date": null, "fire_hydrant_type": null, "fire_hydrant_diameter": null, "fire_hydrant_pressure": null, "fire_hydrant_couplings": null, "fire_hydrant_position": null, "water_source": null, "water_tank_volume": null, "capacity": null, "diameter": null, "pressure": null, "source": null, "lon": 9.3956575, "lat": 53.5122606 }, "geometry": { "type": "LineString", "coordinates": [ [ 9.3957579, 53.5122131 ], [ 9.3957606, 53.5121932 ], [ 9.3957526, 53.5121738 ], [ 9.3957346, 53.5121568 ], [ 9.3957085, 53.5121442 ], [ 9.395677, 53.5121371 ], [ 9.3956433, 53.5121363 ], [ 9.395611, 53.5121419 ], [ 9.3955834, 53.5121533 ], [ 9.3955632, 53.5121694 ], [ 9.3955526, 53.5121884 ], [ 9.3955532, 53.51221 ], [ 9.3955661, 53.5122302 ], [ 9.3955899, 53.5122466 ], [ 9.3956216, 53.5122571 ], [ 9.3956575, 53.5122606 ], [ 9.3956932, 53.5122565 ], [ 9.3957224, 53.5122465 ], [ 9.3957447, 53.5122316 ], [ 9.3957579, 53.5122131 ] ] } },
{ "type": "Feature", "properties": { "osm_type": "way", "osm_id": 1193022179, "category": "other", "type_de": "Sonstige Löschwasser-/Wasserstelle", "all_tags": { "content": "slurry", "man_made": "storage_tank" }, "name": null, "ref": null, "operator": null, "access": null, "description": null, "note": null, "check_date": null, "fire_hydrant_type": null, "fire_hydrant_diameter": null, "fire_hydrant_pressure": null, "fire_hydrant_couplings": null, "fire_hydrant_position": null, "water_source": null, "water_tank_volume": null, "capacity": null, "diameter": null, "pressure": null, "source": null, "lon": 9.3492523, "lat": 53.5168437 }, "geometry": { "type": "LineString", "coordinates": [ [ 9.349205, 53.5168468 ], [ 9.3491616, 53.5168586 ], [ 9.3491268, 53.5168779 ], [ 9.3491039, 53.5169028 ], [ 9.3490953, 53.5169306 ], [ 9.3491019, 53.5169587 ], [ 9.3491248, 53.5169855 ], [ 9.3491615, 53.5170063 ], [ 9.3492078, 53.5170186 ], [ 9.3492583, 53.517021 ], [ 9.3493072, 53.5170133 ], [ 9.349349, 53.5169963 ], [ 9.3493789, 53.516972 ], [ 9.3493934, 53.5169431 ], [ 9.3493908, 53.516913 ], [ 9.3493715, 53.5168852 ], [ 9.34934, 53.5168639 ], [ 9.3492989, 53.5168496 ], [ 9.3492523, 53.5168437 ], [ 9.349205, 53.5168468 ] ] } },
{ "type": "Feature", "properties": { "osm_type": "way", "osm_id": 1193022180, "category": "other", "type_de": "Sonstige Löschwasser-/Wasserstelle", "all_tags": { "content": "slurry", "man_made": "storage_tank" }, "name": null, "ref": null, "operator": null, "access": null, "description": null, "note": null, "check_date": null, "fire_hydrant_type": null, "fire_hydrant_diameter": null, "fire_hydrant_pressure": null, "fire_hydrant_couplings": null, "fire_hydrant_position": null, "water_source": null, "water_tank_volume": null, "capacity": null, "diameter": null, "pressure": null, "source": null, "lon": 9.3496099, "lat": 53.5171895 }, "geometry": { "type": "LineString", "coordinates": [ [ 9.3495695, 53.5169446 ], [ 9.3495021, 53.5169589 ], [ 9.3494469, 53.516986 ], [ 9.3494104, 53.5170226 ], [ 9.349397, 53.5170644 ], [ 9.3494084, 53.5171065 ], [ 9.3494392, 53.5171407 ], [ 9.3494863, 53.5171676 ], [ 9.3495452, 53.5171844 ], [ 9.3496099, 53.5171895 ], [ 9.3496741, 53.5171823 ], [ 9.3497314, 53.5171637 ], [ 9.3497761, 53.5171354 ], [ 9.3498038, 53.5171003 ], [ 9.3498117, 53.5170617 ], [ 9.3497991, 53.5170236 ], [ 9.3497632, 53.5169868 ], [ 9.3497084, 53.5169594 ], [ 9.3496411, 53.5169448 ], [ 9.3495695, 53.5169446 ] ] } },
{ "type": "Feature", "properties": { "osm_type": "way", "osm_id": 1194868407, "category": "other", "type_de": "Sonstige Löschwasser-/Wasserstelle", "all_tags": { "content": "slurry", "man_made": "storage_tank" }, "name": null, "ref": null, "operator": null, "access": null, "description": null, "note": null, "check_date": null, "fire_hydrant_type": null, "fire_hydrant_diameter": null, "fire_hydrant_pressure": null, "fire_hydrant_couplings": null, "fire_hydrant_position": null, "water_source": null, "water_tank_volume": null, "capacity": null, "diameter": null, "pressure": null, "source": null, "lon": 9.3456647, "lat": 53.5173725 }, "geometry": { "type": "LineString", "coordinates": [ [ 9.3456553, 53.5171902 ], [ 9.3456075, 53.5171936 ], [ 9.3455638, 53.5172056 ], [ 9.3455285, 53.517225 ], [ 9.345505, 53.51725 ], [ 9.3454956, 53.5172781 ], [ 9.3455013, 53.5173065 ], [ 9.3455246, 53.5173351 ], [ 9.3455628, 53.5173572 ], [ 9.3456115, 53.5173702 ], [ 9.3456647, 53.5173725 ], [ 9.3457161, 53.5173639 ], [ 9.3457594, 53.5173454 ], [ 9.3457894, 53.5173192 ], [ 9.3458026, 53.5172884 ], [ 9.3457973, 53.5172568 ], [ 9.3457772, 53.5172308 ], [ 9.3457445, 53.5172098 ], [ 9.3457025, 53.5171958 ], [ 9.3456553, 53.5171902 ] ] } },
{ "type": "Feature", "properties": { "osm_type": "way", "osm_id": 1195027056, "category": "other", "type_de": "Sonstige Löschwasser-/Wasserstelle", "all_tags": { "content": "slurry", "man_made": "storage_tank" }, "name": null, "ref": null, "operator": null, "access": null, "description": null, "note": null, "check_date": null, "fire_hydrant_type": null, "fire_hydrant_diameter": null, "fire_hydrant_pressure": null, "fire_hydrant_couplings": null, "fire_hydrant_position": null, "water_source": null, "water_tank_volume": null, "capacity": null, "diameter": null, "pressure": null, "source": null, "lon": 9.3553366, "lat": 53.4627105 }, "geometry": { "type": "LineString", "coordinates": [ [ 9.3553805, 53.4627128 ], [ 9.3553366, 53.4627105 ], [ 9.3552938, 53.4627169 ], [ 9.3552567, 53.4627311 ], [ 9.3552294, 53.4627517 ], [ 9.3552147, 53.4627764 ], [ 9.3552143, 53.4628027 ], [ 9.3552282, 53.4628278 ], [ 9.3552552, 53.4628488 ], [ 9.3552922, 53.4628634 ], [ 9.3553352, 53.4628701 ], [ 9.3553795, 53.4628681 ], [ 9.3554203, 53.4628575 ], [ 9.3554531, 53.4628397 ], [ 9.3554743, 53.4628164 ], [ 9.3554816, 53.4627903 ], [ 9.3554743, 53.4627642 ], [ 9.3554533, 53.4627412 ], [ 9.3554208, 53.4627234 ], [ 9.3553805, 53.4627128 ] ] } },
{ "type": "Feature", "properties": { "osm_type": "way", "osm_id": 1195195527, "category": "other", "type_de": "Sonstige Löschwasser-/Wasserstelle", "all_tags": { "content": "slurry", "man_made": "storage_tank" }, "name": null, "ref": null, "operator": null, "access": null, "description": null, "note": null, "check_date": null, "fire_hydrant_type": null, "fire_hydrant_diameter": null, "fire_hydrant_pressure": null, "fire_hydrant_couplings": null, "fire_hydrant_position": null, "water_source": null, "water_tank_volume": null, "capacity": null, "diameter": null, "pressure": null, "source": null, "lon": 9.3669246, "lat": 53.4500452 }, "geometry": { "type": "LineString", "coordinates": [ [ 9.3670127, 53.4500645 ], [ 9.3669713, 53.4500506 ], [ 9.3669246, 53.4500452 ], [ 9.3668774, 53.4500489 ], [ 9.3668347, 53.4500612 ], [ 9.3668006, 53.450081 ], [ 9.3667789, 53.4501062 ], [ 9.3667716, 53.4501342 ], [ 9.3667807, 53.4501639 ], [ 9.3668059, 53.45019 ], [ 9.3668444, 53.4502096 ], [ 9.3668917, 53.4502203 ], [ 9.3669423, 53.4502209 ], [ 9.3669903, 53.4502113 ], [ 9.3670302, 53.4501927 ], [ 9.3670572, 53.4501672 ], [ 9.367068, 53.4501397 ], [ 9.3670637, 53.4501115 ], [ 9.3670446, 53.4500855 ], [ 9.3670127, 53.4500645 ] ] } },
{ "type": "Feature", "properties": { "osm_type": "way", "osm_id": 1195222214, "category": "other", "type_de": "Sonstige Löschwasser-/Wasserstelle", "all_tags": { "content": "späne", "man_made": "storage_tank" }, "name": null, "ref": null, "operator": null, "access": null, "description": null, "note": null, "check_date": null, "fire_hydrant_type": null, "fire_hydrant_diameter": null, "fire_hydrant_pressure": null, "fire_hydrant_couplings": null, "fire_hydrant_position": null, "water_source": null, "water_tank_volume": null, "capacity": null, "diameter": null, "pressure": null, "source": null, "lon": 9.3718508, "lat": 53.4633941 }, "geometry": { "type": "LineString", "coordinates": [ [ 9.3718509, 53.4633388 ], [ 9.3718359, 53.4633395 ], [ 9.3718221, 53.4633431 ], [ 9.371811, 53.463349 ], [ 9.3718036, 53.4633568 ], [ 9.3718007, 53.4633656 ], [ 9.3718027, 53.4633744 ], [ 9.3718096, 53.4633828 ], [ 9.3718209, 53.4633893 ], [ 9.3718352, 53.4633932 ], [ 9.3718508, 53.4633941 ], [ 9.371866, 53.4633918 ], [ 9.3718791, 53.4633866 ], [ 9.3718886, 53.4633792 ], [ 9.3718933, 53.4633703 ], [ 9.3718929, 53.463361 ], [ 9.3718876, 53.4633526 ], [ 9.3718781, 53.4633457 ], [ 9.3718654, 53.4633409 ], [ 9.3718509, 53.4633388 ] ] } },
{ "type": "Feature", "properties": { "osm_type": "way", "osm_id": 1203082152, "category": "other", "type_de": "Sonstige Löschwasser-/Wasserstelle", "all_tags": { "content": "gas", "height": "1.7", "man_made": "storage_tank", "material": "metal" }, "name": null, "ref": null, "operator": null, "access": null, "description": null, "note": null, "check_date": null, "fire_hydrant_type": null, "fire_hydrant_diameter": null, "fire_hydrant_pressure": null, "fire_hydrant_couplings": null, "fire_hydrant_position": null, "water_source": null, "water_tank_volume": null, "capacity": null, "diameter": null, "pressure": null, "source": null, "lon": 9.4722761, "lat": 53.5321091 }, "geometry": { "type": "LineString", "coordinates": [ [ 9.4722494, 53.5321092 ], [ 9.4722761, 53.5321091 ], [ 9.4722761, 53.5320851 ], [ 9.4722493, 53.5320851 ], [ 9.4722494, 53.5321092 ] ] } },
{ "type": "Feature", "properties": { "osm_type": "way", "osm_id": 1287762328, "category": "other", "type_de": "Sonstige Löschwasser-/Wasserstelle", "all_tags": { "man_made": "storage_tank" }, "name": null, "ref": null, "operator": null, "access": null, "description": null, "note": null, "check_date": null, "fire_hydrant_type": null, "fire_hydrant_diameter": null, "fire_hydrant_pressure": null, "fire_hydrant_couplings": null, "fire_hydrant_position": null, "water_source": null, "water_tank_volume": null, "capacity": null, "diameter": null, "pressure": null, "source": null, "lon": 9.5140618, "lat": 53.559758 }, "geometry": { "type": "LineString", "coordinates": [ [ 9.5138552, 53.5595615 ], [ 9.5138365, 53.5596053 ], [ 9.5138422, 53.5596503 ], [ 9.5138716, 53.559692 ], [ 9.5139217, 53.5597259 ], [ 9.5139874, 53.5597487 ], [ 9.5140618, 53.559758 ], [ 9.5141413, 53.5597521 ], [ 9.5142129, 53.5597307 ], [ 9.5142685, 53.5596965 ], [ 9.5143016, 53.5596531 ], [ 9.5143085, 53.5596057 ], [ 9.5142884, 53.5595597 ], [ 9.5142437, 53.5595202 ], [ 9.5141793, 53.5594919 ], [ 9.5141027, 53.5594779 ], [ 9.5140267, 53.5594794 ], [ 9.5139554, 53.5594951 ], [ 9.5138962, 53.5595235 ], [ 9.5138552, 53.5595615 ] ] } },
{ "type": "Feature", "properties": { "osm_type": "way", "osm_id": 1287762329, "category": "other", "type_de": "Sonstige Löschwasser-/Wasserstelle", "all_tags": { "man_made": "storage_tank" }, "name": null, "ref": null, "operator": null, "access": null, "description": null, "note": null, "check_date": null, "fire_hydrant_type": null, "fire_hydrant_diameter": null, "fire_hydrant_pressure": null, "fire_hydrant_couplings": null, "fire_hydrant_position": null, "water_source": null, "water_tank_volume": null, "capacity": null, "diameter": null, "pressure": null, "source": null, "lon": 9.5141367, "lat": 53.5592868 }, "geometry": { "type": "LineString", "coordinates": [ [ 9.5140237, 53.5593284 ], [ 9.5140065, 53.5593536 ], [ 9.5140033, 53.5593807 ], [ 9.5140145, 53.5594071 ], [ 9.5140389, 53.5594301 ], [ 9.5140741, 53.5594475 ], [ 9.5141167, 53.5594576 ], [ 9.5141665, 53.559459 ], [ 9.5142142, 53.5594503 ], [ 9.5142543, 53.5594326 ], [ 9.5142819, 53.5594079 ], [ 9.5142938, 53.5593791 ], [ 9.5142887, 53.5593496 ], [ 9.5142672, 53.5593229 ], [ 9.5142317, 53.5593021 ], [ 9.5141864, 53.5592895 ], [ 9.5141367, 53.5592868 ], [ 9.5140922, 53.5592933 ], [ 9.5140533, 53.5593076 ], [ 9.5140237, 53.5593284 ] ] } },
{ "type": "Feature", "properties": { "osm_type": "way", "osm_id": 1287762330, "category": "other", "type_de": "Sonstige Löschwasser-/Wasserstelle", "all_tags": { "man_made": "storage_tank" }, "name": null, "ref": null, "operator": null, "access": null, "description": null, "note": null, "check_date": null, "fire_hydrant_type": null, "fire_hydrant_diameter": null, "fire_hydrant_pressure": null, "fire_hydrant_couplings": null, "fire_hydrant_position": null, "water_source": null, "water_tank_volume": null, "capacity": null, "diameter": null, "pressure": null, "source": null, "lon": 9.513836, "lat": 53.5597324 }, "geometry": { "type": "LineString", "coordinates": [ [ 9.51378, 53.5597405 ], [ 9.5137314, 53.5597589 ], [ 9.5136954, 53.5597856 ], [ 9.5136758, 53.5598178 ], [ 9.5136747, 53.559852 ], [ 9.5136922, 53.5598846 ], [ 9.5137264, 53.5599121 ], [ 9.5137738, 53.5599317 ], [ 9.5138292, 53.5599411 ], [ 9.513888, 53.5599392 ], [ 9.5139426, 53.559926 ], [ 9.5139867, 53.5599028 ], [ 9.5140156, 53.5598722 ], [ 9.5140259, 53.5598378 ], [ 9.5140165, 53.5598032 ], [ 9.5139885, 53.5597724 ], [ 9.5139461, 53.5597492 ], [ 9.5138934, 53.5597354 ], [ 9.513836, 53.5597324 ], [ 9.51378, 53.5597405 ] ] } },
{ "type": "Feature", "properties": { "osm_type": "way", "osm_id": 1300845745, "category": "other", "type_de": "Sonstige Löschwasser-/Wasserstelle", "all_tags": { "man_made": "storage_tank" }, "name": null, "ref": null, "operator": null, "access": null, "description": null, "note": null, "check_date": null, "fire_hydrant_type": null, "fire_hydrant_diameter": null, "fire_hydrant_pressure": null, "fire_hydrant_couplings": null, "fire_hydrant_position": null, "water_source": null, "water_tank_volume": null, "capacity": null, "diameter": null, "pressure": null, "source": null, "lon": 9.5103387, "lat": 53.5693439 }, "geometry": { "type": "LineString", "coordinates": [ [ 9.5105054, 53.5691913 ], [ 9.5104612, 53.569173 ], [ 9.5102913, 53.5693252 ], [ 9.5103387, 53.5693439 ], [ 9.5105054, 53.5691913 ] ] } },
{ "type": "Feature", "properties": { "osm_type": "way", "osm_id": 1300845746, "category": "other", "type_de": "Sonstige Löschwasser-/Wasserstelle", "all_tags": { "man_made": "storage_tank" }, "name": null, "ref": null, "operator": null, "access": null, "description": null, "note": null, "check_date": null, "fire_hydrant_type": null, "fire_hydrant_diameter": null, "fire_hydrant_pressure": null, "fire_hydrant_couplings": null, "fire_hydrant_position": null, "water_source": null, "water_tank_volume": null, "capacity": null, "diameter": null, "pressure": null, "source": null, "lon": 9.5103982, "lat": 53.5693664 }, "geometry": { "type": "LineString", "coordinates": [ [ 9.5105649, 53.5692138 ], [ 9.5105208, 53.5691955 ], [ 9.5103509, 53.5693477 ], [ 9.5103982, 53.5693664 ], [ 9.5105649, 53.5692138 ] ] } },
{ "type": "Feature", "properties": { "osm_type": "way", "osm_id": 1300845747, "category": "other", "type_de": "Sonstige Löschwasser-/Wasserstelle", "all_tags": { "man_made": "storage_tank" }, "name": null, "ref": null, "operator": null, "access": null, "description": null, "note": null, "check_date": null, "fire_hydrant_type": null, "fire_hydrant_diameter": null, "fire_hydrant_pressure": null, "fire_hydrant_couplings": null, "fire_hydrant_position": null, "water_source": null, "water_tank_volume": null, "capacity": null, "diameter": null, "pressure": null, "source": null, "lon": 9.5104537, "lat": 53.5693915 }, "geometry": { "type": "LineString", "coordinates": [ [ 9.5106204, 53.569239 ], [ 9.5105762, 53.5692207 ], [ 9.5104063, 53.5693728 ], [ 9.5104537, 53.5693915 ], [ 9.5106204, 53.569239 ] ] } },
{ "type": "Feature", "properties": { "osm_type": "way", "osm_id": 1300845748, "category": "other", "type_de": "Sonstige Löschwasser-/Wasserstelle", "all_tags": { "man_made": "storage_tank" }, "name": null, "ref": null, "operator": null, "access": null, "description": null, "note": null, "check_date": null, "fire_hydrant_type": null, "fire_hydrant_diameter": null, "fire_hydrant_pressure": null, "fire_hydrant_couplings": null, "fire_hydrant_position": null, "water_source": null, "water_tank_volume": null, "capacity": null, "diameter": null, "pressure": null, "source": null, "lon": 9.5105122, "lat": 53.5694139 }, "geometry": { "type": "LineString", "coordinates": [ [ 9.5106789, 53.5692614 ], [ 9.5106348, 53.5692431 ], [ 9.5104649, 53.5693952 ], [ 9.5105122, 53.5694139 ], [ 9.5106789, 53.5692614 ] ] } },
{ "type": "Feature", "properties": { "osm_type": "way", "osm_id": 1300845749, "category": "other", "type_de": "Sonstige Löschwasser-/Wasserstelle", "all_tags": { "man_made": "storage_tank" }, "name": null, "ref": null, "operator": null, "access": null, "description": null, "note": null, "check_date": null, "fire_hydrant_type": null, "fire_hydrant_diameter": null, "fire_hydrant_pressure": null, "fire_hydrant_couplings": null, "fire_hydrant_position": null, "water_source": null, "water_tank_volume": null, "capacity": null, "diameter": null, "pressure": null, "source": null, "lon": 9.5105723, "lat": 53.5694359 }, "geometry": { "type": "LineString", "coordinates": [ [ 9.510739, 53.5692833 ], [ 9.5106948, 53.5692651 ], [ 9.5105249, 53.5694172 ], [ 9.5105723, 53.5694359 ], [ 9.510739, 53.5692833 ] ] } },
{ "type": "Feature", "properties": { "osm_type": "way", "osm_id": 1300845750, "category": "other", "type_de": "Sonstige Löschwasser-/Wasserstelle", "all_tags": { "man_made": "storage_tank" }, "name": null, "ref": null, "operator": null, "access": null, "description": null, "note": null, "check_date": null, "fire_hydrant_type": null, "fire_hydrant_diameter": null, "fire_hydrant_pressure": null, "fire_hydrant_couplings": null, "fire_hydrant_position": null, "water_source": null, "water_tank_volume": null, "capacity": null, "diameter": null, "pressure": null, "source": null, "lon": 9.5106316, "lat": 53.5694606 }, "geometry": { "type": "LineString", "coordinates": [ [ 9.5107983, 53.569308 ], [ 9.5107542, 53.5692898 ], [ 9.5105842, 53.5694419 ], [ 9.5106316, 53.5694606 ], [ 9.5107983, 53.569308 ] ] } },
{ "type": "Feature", "properties": { "osm_type": "way", "osm_id": 1300845751, "category": "other", "type_de": "Sonstige Löschwasser-/Wasserstelle", "all_tags": { "man_made": "storage_tank" }, "name": null, "ref": null, "operator": null, "access": null, "description": null, "note": null, "check_date": null, "fire_hydrant_type": null, "fire_hydrant_diameter": null, "fire_hydrant_pressure": null, "fire_hydrant_couplings": null, "fire_hydrant_position": null, "water_source": null, "water_tank_volume": null, "capacity": null, "diameter": null, "pressure": null, "source": null, "lon": 9.5106917, "lat": 53.5694821 }, "geometry": { "type": "LineString", "coordinates": [ [ 9.5108584, 53.5693295 ], [ 9.5108142, 53.5693113 ], [ 9.5106443, 53.5694634 ], [ 9.5106917, 53.5694821 ], [ 9.5108584, 53.5693295 ] ] } },
{ "type": "Feature", "properties": { "osm_type": "way", "osm_id": 1300845752, "category": "other", "type_de": "Sonstige Löschwasser-/Wasserstelle", "all_tags": { "man_made": "storage_tank" }, "name": null, "ref": null, "operator": null, "access": null, "description": null, "note": null, "check_date": null, "fire_hydrant_type": null, "fire_hydrant_diameter": null, "fire_hydrant_pressure": null, "fire_hydrant_couplings": null, "fire_hydrant_position": null, "water_source": null, "water_tank_volume": null, "capacity": null, "diameter": null, "pressure": null, "source": null, "lon": 9.5107487, "lat": 53.569505 }, "geometry": { "type": "LineString", "coordinates": [ [ 9.5109154, 53.5693524 ], [ 9.5108712, 53.5693341 ], [ 9.5107013, 53.5694863 ], [ 9.5107487, 53.569505 ], [ 9.5109154, 53.5693524 ] ] } },
{ "type": "Feature", "properties": { "osm_type": "way", "osm_id": 1300845753, "category": "other", "type_de": "Sonstige Löschwasser-/Wasserstelle", "all_tags": { "man_made": "storage_tank" }, "name": null, "ref": null, "operator": null, "access": null, "description": null, "note": null, "check_date": null, "fire_hydrant_type": null, "fire_hydrant_diameter": null, "fire_hydrant_pressure": null, "fire_hydrant_couplings": null, "fire_hydrant_position": null, "water_source": null, "water_tank_volume": null, "capacity": null, "diameter": null, "pressure": null, "source": null, "lon": 9.5108049, "lat": 53.5695274 }, "geometry": { "type": "LineString", "coordinates": [ [ 9.5109716, 53.5693748 ], [ 9.5109275, 53.5693565 ], [ 9.5107575, 53.5695087 ], [ 9.5108049, 53.5695274 ], [ 9.5109716, 53.5693748 ] ] } },
{ "type": "Feature", "properties": { "osm_type": "way", "osm_id": 1300845754, "category": "other", "type_de": "Sonstige Löschwasser-/Wasserstelle", "all_tags": { "man_made": "storage_tank" }, "name": null, "ref": null, "operator": null, "access": null, "description": null, "note": null, "check_date": null, "fire_hydrant_type": null, "fire_hydrant_diameter": null, "fire_hydrant_pressure": null, "fire_hydrant_couplings": null, "fire_hydrant_position": null, "water_source": null, "water_tank_volume": null, "capacity": null, "diameter": null, "pressure": null, "source": null, "lon": 9.5108604, "lat": 53.5695493 }, "geometry": { "type": "LineString", "coordinates": [ [ 9.5110271, 53.5693968 ], [ 9.5109829, 53.5693785 ], [ 9.510813, 53.5695306 ], [ 9.5108604, 53.5695493 ], [ 9.5110271, 53.5693968 ] ] } },
{ "type": "Feature", "properties": { "osm_type": "way", "osm_id": 1300845755, "category": "other", "type_de": "Sonstige Löschwasser-/Wasserstelle", "all_tags": { "man_made": "storage_tank" }, "name": null, "ref": null, "operator": null, "access": null, "description": null, "note": null, "check_date": null, "fire_hydrant_type": null, "fire_hydrant_diameter": null, "fire_hydrant_pressure": null, "fire_hydrant_couplings": null, "fire_hydrant_position": null, "water_source": null, "water_tank_volume": null, "capacity": null, "diameter": null, "pressure": null, "source": null, "lon": 9.5109228, "lat": 53.5695695 }, "geometry": { "type": "LineString", "coordinates": [ [ 9.5110895, 53.5694169 ], [ 9.5110453, 53.5693986 ], [ 9.5108754, 53.5695508 ], [ 9.5109228, 53.5695695 ], [ 9.5110895, 53.5694169 ] ] } },
{ "type": "Feature", "properties": { "osm_type": "way", "osm_id": 1300845756, "category": "other", "type_de": "Sonstige Löschwasser-/Wasserstelle", "all_tags": { "man_made": "storage_tank" }, "name": null, "ref": null, "operator": null, "access": null, "description": null, "note": null, "check_date": null, "fire_hydrant_type": null, "fire_hydrant_diameter": null, "fire_hydrant_pressure": null, "fire_hydrant_couplings": null, "fire_hydrant_position": null, "water_source": null, "water_tank_volume": null, "capacity": null, "diameter": null, "pressure": null, "source": null, "lon": 9.5109767, "lat": 53.5695937 }, "geometry": { "type": "LineString", "coordinates": [ [ 9.5111434, 53.5694411 ], [ 9.5110992, 53.5694229 ], [ 9.5109293, 53.569575 ], [ 9.5109767, 53.5695937 ], [ 9.5111434, 53.5694411 ] ] } },
{ "type": "Feature", "properties": { "osm_type": "way", "osm_id": 1300845757, "category": "other", "type_de": "Sonstige Löschwasser-/Wasserstelle", "all_tags": { "man_made": "storage_tank" }, "name": null, "ref": null, "operator": null, "access": null, "description": null, "note": null, "check_date": null, "fire_hydrant_type": null, "fire_hydrant_diameter": null, "fire_hydrant_pressure": null, "fire_hydrant_couplings": null, "fire_hydrant_position": null, "water_source": null, "water_tank_volume": null, "capacity": null, "diameter": null, "pressure": null, "source": null, "lon": 9.5110368, "lat": 53.569617 }, "geometry": { "type": "LineString", "coordinates": [ [ 9.5112035, 53.5694645 ], [ 9.5111593, 53.5694462 ], [ 9.5109894, 53.5695983 ], [ 9.5110368, 53.569617 ], [ 9.5112035, 53.5694645 ] ] } },
{ "type": "Feature", "properties": { "osm_type": "way", "osm_id": 1300845758, "category": "other", "type_de": "Sonstige Löschwasser-/Wasserstelle", "all_tags": { "man_made": "storage_tank" }, "name": null, "ref": null, "operator": null, "access": null, "description": null, "note": null, "check_date": null, "fire_hydrant_type": null, "fire_hydrant_diameter": null, "fire_hydrant_pressure": null, "fire_hydrant_couplings": null, "fire_hydrant_position": null, "water_source": null, "water_tank_volume": null, "capacity": null, "diameter": null, "pressure": null, "source": null, "lon": 9.5110946, "lat": 53.5696385 }, "geometry": { "type": "LineString", "coordinates": [ [ 9.5112612, 53.569486 ], [ 9.5112171, 53.5694677 ], [ 9.5110472, 53.5696198 ], [ 9.5110946, 53.5696385 ], [ 9.5112612, 53.569486 ] ] } },
{ "type": "Feature", "properties": { "osm_type": "way", "osm_id": 1300845759, "category": "other", "type_de": "Sonstige Löschwasser-/Wasserstelle", "all_tags": { "man_made": "storage_tank" }, "name": null, "ref": null, "operator": null, "access": null, "description": null, "note": null, "check_date": null, "fire_hydrant_type": null, "fire_hydrant_diameter": null, "fire_hydrant_pressure": null, "fire_hydrant_couplings": null, "fire_hydrant_position": null, "water_source": null, "water_tank_volume": null, "capacity": null, "diameter": null, "pressure": null, "source": null, "lon": 9.5111554, "lat": 53.5696619 }, "geometry": { "type": "LineString", "coordinates": [ [ 9.5113221, 53.5695093 ], [ 9.5112779, 53.569491 ], [ 9.511108, 53.5696432 ], [ 9.5111554, 53.5696619 ], [ 9.5113221, 53.5695093 ] ] } },
{ "type": "Feature", "properties": { "osm_type": "way", "osm_id": 1300901103, "category": "other", "type_de": "Sonstige Löschwasser-/Wasserstelle", "all_tags": { "man_made": "storage_tank" }, "name": null, "ref": null, "operator": null, "access": null, "description": null, "note": null, "check_date": null, "fire_hydrant_type": null, "fire_hydrant_diameter": null, "fire_hydrant_pressure": null, "fire_hydrant_couplings": null, "fire_hydrant_position": null, "water_source": null, "water_tank_volume": null, "capacity": null, "diameter": null, "pressure": null, "source": null, "lon": 9.5101508, "lat": 53.5721709 }, "geometry": { "type": "LineString", "coordinates": [ [ 9.5099535, 53.5720932 ], [ 9.5099845, 53.5720653 ], [ 9.5101835, 53.5721436 ], [ 9.5101508, 53.5721709 ], [ 9.5099535, 53.5720932 ] ] } },
{ "type": "Feature", "properties": { "osm_type": "way", "osm_id": 1300901106, "category": "other", "type_de": "Sonstige Löschwasser-/Wasserstelle", "all_tags": { "man_made": "storage_tank" }, "name": null, "ref": null, "operator": null, "access": null, "description": null, "note": null, "check_date": null, "fire_hydrant_type": null, "fire_hydrant_diameter": null, "fire_hydrant_pressure": null, "fire_hydrant_couplings": null, "fire_hydrant_position": null, "water_source": null, "water_tank_volume": null, "capacity": null, "diameter": null, "pressure": null, "source": null, "lon": 9.5112183, "lat": 53.5696857 }, "geometry": { "type": "LineString", "coordinates": [ [ 9.511385, 53.5695331 ], [ 9.5113408, 53.5695148 ], [ 9.5111709, 53.569667 ], [ 9.5112183, 53.5696857 ], [ 9.511385, 53.5695331 ] ] } },
{ "type": "Feature", "properties": { "osm_type": "way", "osm_id": 1364018369, "category": "other", "type_de": "Sonstige Löschwasser-/Wasserstelle", "all_tags": { "content": "water", "man_made": "storage_tank", "material": "concrete" }, "name": null, "ref": null, "operator": null, "access": null, "description": null, "note": null, "check_date": null, "fire_hydrant_type": null, "fire_hydrant_diameter": null, "fire_hydrant_pressure": null, "fire_hydrant_couplings": null, "fire_hydrant_position": null, "water_source": null, "water_tank_volume": null, "capacity": null, "diameter": null, "pressure": null, "source": null, "lon": 9.4362211, "lat": 53.4960675 }, "geometry": { "type": "LineString", "coordinates": [ [ 9.4361769, 53.4959293 ], [ 9.4361422, 53.4959428 ], [ 9.4361173, 53.4959625 ], [ 9.4361049, 53.495986 ], [ 9.4361066, 53.4960106 ], [ 9.4361222, 53.4960335 ], [ 9.4361497, 53.4960519 ], [ 9.4361833, 53.4960631 ], [ 9.4362211, 53.4960675 ], [ 9.4362593, 53.4960646 ], [ 9.436294, 53.4960547 ], [ 9.4363218, 53.4960389 ], [ 9.4363398, 53.4960186 ], [ 9.4363463, 53.495996 ], [ 9.4363405, 53.4959734 ], [ 9.436323, 53.495953 ], [ 9.4362957, 53.4959368 ], [ 9.4362584, 53.4959261 ], [ 9.4362171, 53.4959235 ], [ 9.4361769, 53.4959293 ] ] } },
{ "type": "Feature", "properties": { "osm_type": "way", "osm_id": 1365860346, "category": "other", "type_de": "Sonstige Löschwasser-/Wasserstelle", "all_tags": { "building": "barn", "content": "slurry", "man_made": "storage_tank" }, "name": null, "ref": null, "operator": null, "access": null, "description": null, "note": null, "check_date": null, "fire_hydrant_type": null, "fire_hydrant_diameter": null, "fire_hydrant_pressure": null, "fire_hydrant_couplings": null, "fire_hydrant_position": null, "water_source": null, "water_tank_volume": null, "capacity": null, "diameter": null, "pressure": null, "source": null, "lon": 9.6388617, "lat": 53.395178 }, "geometry": { "type": "LineString", "coordinates": [ [ 9.6387593, 53.3953163 ], [ 9.6387331, 53.395286 ], [ 9.6387269, 53.3952538 ], [ 9.63875, 53.3952171 ], [ 9.6387916, 53.3951937 ], [ 9.6388617, 53.395178 ], [ 9.6389303, 53.3951872 ], [ 9.6389819, 53.3952157 ], [ 9.6390042, 53.3952534 ], [ 9.6389996, 53.3952864 ], [ 9.6389657, 53.395319 ], [ 9.6389125, 53.3953402 ], [ 9.6388247, 53.3953425 ], [ 9.6387593, 53.3953163 ] ] } },
{ "type": "Feature", "properties": { "osm_type": "way", "osm_id": 1451602462, "category": "other", "type_de": "Sonstige Löschwasser-/Wasserstelle", "all_tags": { "building": "farm_auxiliary", "man_made": "storage_tank" }, "name": null, "ref": null, "operator": null, "access": null, "description": null, "note": null, "check_date": null, "fire_hydrant_type": null, "fire_hydrant_diameter": null, "fire_hydrant_pressure": null, "fire_hydrant_couplings": null, "fire_hydrant_position": null, "water_source": null, "water_tank_volume": null, "capacity": null, "diameter": null, "pressure": null, "source": null, "lon": 9.1874577, "lat": 53.5908942 }, "geometry": { "type": "LineString", "coordinates": [ [ 9.1874617, 53.5906086 ], [ 9.1875446, 53.5906122 ], [ 9.1876275, 53.590641 ], [ 9.1876861, 53.5906806 ], [ 9.1877043, 53.5907238 ], [ 9.1877043, 53.5907766 ], [ 9.187676, 53.5908246 ], [ 9.1876295, 53.5908606 ], [ 9.1875547, 53.590887 ], [ 9.1874577, 53.5908942 ], [ 9.1873728, 53.5908894 ], [ 9.1872858, 53.5908534 ], [ 9.1872313, 53.5907898 ], [ 9.1872212, 53.5907322 ], [ 9.1872535, 53.5906782 ], [ 9.187302, 53.5906398 ], [ 9.1873748, 53.5906134 ], [ 9.1874617, 53.5906086 ] ] } },
{ "type": "Feature", "properties": { "osm_type": "way", "osm_id": 1458793271, "category": "other", "type_de": "Sonstige Löschwasser-/Wasserstelle", "all_tags": { "building": "farm_auxiliary", "content": "slurry", "man_made": "storage_tank" }, "name": null, "ref": null, "operator": null, "access": null, "description": null, "note": null, "check_date": null, "fire_hydrant_type": null, "fire_hydrant_diameter": null, "fire_hydrant_pressure": null, "fire_hydrant_couplings": null, "fire_hydrant_position": null, "water_source": null, "water_tank_volume": null, "capacity": null, "diameter": null, "pressure": null, "source": null, "lon": 9.5087905, "lat": 53.4077376 }, "geometry": { "type": "LineString", "coordinates": [ [ 9.5086066, 53.407873 ], [ 9.5086255, 53.4079101 ], [ 9.5086632, 53.4079417 ], [ 9.5087159, 53.4079645 ], [ 9.5087809, 53.4079763 ], [ 9.5088487, 53.4079746 ], [ 9.5089117, 53.4079595 ], [ 9.5089627, 53.4079328 ], [ 9.5089959, 53.4078975 ], [ 9.5090075, 53.4078576 ], [ 9.5089963, 53.4078177 ], [ 9.5089634, 53.4077823 ], [ 9.5089151, 53.4077563 ], [ 9.5088553, 53.4077409 ], [ 9.5087905, 53.4077376 ], [ 9.5087272, 53.4077468 ], [ 9.5086723, 53.4077676 ], [ 9.5086313, 53.4077978 ], [ 9.5086086, 53.4078342 ], [ 9.5086066, 53.407873 ] ] } },
{ "type": "Feature", "properties": { "osm_type": "way", "osm_id": 1463737470, "category": "other", "type_de": "Sonstige Löschwasser-/Wasserstelle", "all_tags": { "building": "yes", "content": "slurry", "man_made": "storage_tank" }, "name": null, "ref": null, "operator": null, "access": null, "description": null, "note": null, "check_date": null, "fire_hydrant_type": null, "fire_hydrant_diameter": null, "fire_hydrant_pressure": null, "fire_hydrant_couplings": null, "fire_hydrant_position": null, "water_source": null, "water_tank_volume": null, "capacity": null, "diameter": null, "pressure": null, "source": null, "lon": 9.4550463, "lat": 53.4678219 }, "geometry": { "type": "LineString", "coordinates": [ [ 9.4548703, 53.4676951 ], [ 9.4548721, 53.4677305 ], [ 9.4548923, 53.4677638 ], [ 9.4549288, 53.4677918 ], [ 9.4549831, 53.4678129 ], [ 9.4550463, 53.4678219 ], [ 9.4551108, 53.4678177 ], [ 9.4551691, 53.4678008 ], [ 9.4552144, 53.4677731 ], [ 9.4552414, 53.4677379 ], [ 9.4552468, 53.4676994 ], [ 9.45523, 53.4676621 ], [ 9.4551931, 53.4676303 ], [ 9.4551402, 53.4676078 ], [ 9.4550833, 53.4675977 ], [ 9.4550238, 53.4675986 ], [ 9.4549678, 53.4676104 ], [ 9.4549206, 53.4676319 ], [ 9.454887, 53.4676612 ], [ 9.4548703, 53.4676951 ] ] } },
{ "type": "Feature", "properties": { "osm_type": "way", "osm_id": 1463737471, "category": "other", "type_de": "Sonstige Löschwasser-/Wasserstelle", "all_tags": { "building": "yes", "content": "slurry", "man_made": "storage_tank" }, "name": null, "ref": null, "operator": null, "access": null, "description": null, "note": null, "check_date": null, "fire_hydrant_type": null, "fire_hydrant_diameter": null, "fire_hydrant_pressure": null, "fire_hydrant_couplings": null, "fire_hydrant_position": null, "water_source": null, "water_tank_volume": null, "capacity": null, "diameter": null, "pressure": null, "source": null, "lon": 9.4551325, "lat": 53.468085 }, "geometry": { "type": "LineString", "coordinates": [ [ 9.4549566, 53.4679582 ], [ 9.4549584, 53.4679936 ], [ 9.4549785, 53.4680269 ], [ 9.4550151, 53.4680548 ], [ 9.4550694, 53.468076 ], [ 9.4551325, 53.468085 ], [ 9.455197, 53.4680808 ], [ 9.4552554, 53.4680638 ], [ 9.4553007, 53.4680362 ], [ 9.4553276, 53.468001 ], [ 9.455333, 53.4679625 ], [ 9.4553163, 53.4679252 ], [ 9.4552793, 53.4678934 ], [ 9.4552265, 53.4678709 ], [ 9.4551695, 53.4678608 ], [ 9.4551101, 53.4678616 ], [ 9.455054, 53.4678735 ], [ 9.4550069, 53.467895 ], [ 9.4549733, 53.4679242 ], [ 9.4549566, 53.4679582 ] ] } },
{ "type": "Feature", "properties": { "osm_type": "way", "osm_id": 1463737472, "category": "other", "type_de": "Sonstige Löschwasser-/Wasserstelle", "all_tags": { "building": "yes", "content": "gas", "man_made": "storage_tank" }, "name": null, "ref": null, "operator": null, "access": null, "description": null, "note": null, "check_date": null, "fire_hydrant_type": null, "fire_hydrant_diameter": null, "fire_hydrant_pressure": null, "fire_hydrant_couplings": null, "fire_hydrant_position": null, "water_source": null, "water_tank_volume": null, "capacity": null, "diameter": null, "pressure": null, "source": null, "lon": 9.455321, "lat": 53.468204 }, "geometry": { "type": "LineString", "coordinates": [ [ 9.4552168, 53.4682344 ], [ 9.4551985, 53.4682556 ], [ 9.4551924, 53.4682791 ], [ 9.4551991, 53.4683026 ], [ 9.4552178, 53.4683236 ], [ 9.4552467, 53.4683401 ], [ 9.4552855, 53.4683507 ], [ 9.4553279, 53.468353 ], [ 9.4553692, 53.4683466 ], [ 9.4554046, 53.4683324 ], [ 9.4554298, 53.468312 ], [ 9.4554422, 53.4682877 ], [ 9.4554401, 53.4682623 ], [ 9.4554238, 53.4682389 ], [ 9.4553953, 53.46822 ], [ 9.4553603, 53.4682084 ], [ 9.455321, 53.468204 ], [ 9.4552813, 53.4682072 ], [ 9.4552454, 53.4682177 ], [ 9.4552168, 53.4682344 ] ] } },
{ "type": "Feature", "properties": { "osm_type": "way", "osm_id": 1463737473, "category": "other", "type_de": "Sonstige Löschwasser-/Wasserstelle", "all_tags": { "building": "yes", "content": "gas", "man_made": "storage_tank" }, "name": null, "ref": null, "operator": null, "access": null, "description": null, "note": null, "check_date": null, "fire_hydrant_type": null, "fire_hydrant_diameter": null, "fire_hydrant_pressure": null, "fire_hydrant_couplings": null, "fire_hydrant_position": null, "water_source": null, "water_tank_volume": null, "capacity": null, "diameter": null, "pressure": null, "source": null, "lon": 9.4553827, "lat": 53.4683786 }, "geometry": { "type": "LineString", "coordinates": [ [ 9.455156, 53.4684951 ], [ 9.4551541, 53.4685429 ], [ 9.4551786, 53.4685885 ], [ 9.4552268, 53.4686267 ], [ 9.4552921, 53.4686532 ], [ 9.4553682, 53.4686656 ], [ 9.4554471, 53.4686629 ], [ 9.4555202, 53.4686451 ], [ 9.4555798, 53.4686143 ], [ 9.4556196, 53.4685737 ], [ 9.4556353, 53.4685276 ], [ 9.4556252, 53.468481 ], [ 9.4555904, 53.4684388 ], [ 9.4555346, 53.4684055 ], [ 9.4554624, 53.4683844 ], [ 9.4553827, 53.4683786 ], [ 9.4553041, 53.4683886 ], [ 9.4552354, 53.4684135 ], [ 9.4551842, 53.4684503 ], [ 9.455156, 53.4684951 ] ] } },
{ "type": "Feature", "properties": { "osm_type": "way", "osm_id": 1463737474, "category": "other", "type_de": "Sonstige Löschwasser-/Wasserstelle", "all_tags": { "building": "yes", "content": "gas", "man_made": "storage_tank" }, "name": null, "ref": null, "operator": null, "access": null, "description": null, "note": null, "check_date": null, "fire_hydrant_type": null, "fire_hydrant_diameter": null, "fire_hydrant_pressure": null, "fire_hydrant_couplings": null, "fire_hydrant_position": null, "water_source": null, "water_tank_volume": null, "capacity": null, "diameter": null, "pressure": null, "source": null, "lon": 9.4554922, "lat": 53.4686915 }, "geometry": { "type": "LineString", "coordinates": [ [ 9.4552656, 53.468808 ], [ 9.4552636, 53.4688559 ], [ 9.4552881, 53.4689014 ], [ 9.4553363, 53.4689397 ], [ 9.4554016, 53.4689661 ], [ 9.4554778, 53.4689786 ], [ 9.4555566, 53.4689758 ], [ 9.4556297, 53.4689581 ], [ 9.4556894, 53.4689272 ], [ 9.4557291, 53.4688866 ], [ 9.4557448, 53.4688405 ], [ 9.4557347, 53.4687939 ], [ 9.4556999, 53.4687517 ], [ 9.4556441, 53.4687184 ], [ 9.455572, 53.4686974 ], [ 9.4554922, 53.4686915 ], [ 9.4554137, 53.4687016 ], [ 9.455345, 53.4687264 ], [ 9.4552937, 53.4687632 ], [ 9.4552656, 53.468808 ] ] } },
{ "type": "Feature", "properties": { "osm_type": "way", "osm_id": 1472760613, "category": "other", "type_de": "Sonstige Löschwasser-/Wasserstelle", "all_tags": { "content": "silage", "man_made": "storage_tank" }, "name": null, "ref": null, "operator": null, "access": null, "description": null, "note": null, "check_date": null, "fire_hydrant_type": null, "fire_hydrant_diameter": null, "fire_hydrant_pressure": null, "fire_hydrant_couplings": null, "fire_hydrant_position": null, "water_source": null, "water_tank_volume": null, "capacity": null, "diameter": null, "pressure": null, "source": null, "lon": 9.4684336, "lat": 53.545934 }, "geometry": { "type": "LineString", "coordinates": [ [ 9.4686036, 53.5458445 ], [ 9.4685818, 53.5458781 ], [ 9.4685435, 53.5459059 ], [ 9.4684923, 53.5459252 ], [ 9.4684336, 53.545934 ], [ 9.4683732, 53.5459315 ], [ 9.4683135, 53.5459164 ], [ 9.4682656, 53.5458903 ], [ 9.4682353, 53.5458562 ], [ 9.468226, 53.545818 ], [ 9.4682387, 53.5457802 ], [ 9.468272, 53.5457471 ], [ 9.4683221, 53.5457225 ], [ 9.4683831, 53.5457093 ], [ 9.468448, 53.5457091 ], [ 9.4685093, 53.5457218 ], [ 9.468557, 53.545744 ], [ 9.4685906, 53.5457739 ], [ 9.4686066, 53.5458086 ], [ 9.4686036, 53.5458445 ] ] } },
{ "type": "Feature", "properties": { "osm_type": "way", "osm_id": 1472760614, "category": "other", "type_de": "Sonstige Löschwasser-/Wasserstelle", "all_tags": { "content": "silage", "man_made": "storage_tank" }, "name": null, "ref": null, "operator": null, "access": null, "description": null, "note": null, "check_date": null, "fire_hydrant_type": null, "fire_hydrant_diameter": null, "fire_hydrant_pressure": null, "fire_hydrant_couplings": null, "fire_hydrant_position": null, "water_source": null, "water_tank_volume": null, "capacity": null, "diameter": null, "pressure": null, "source": null, "lon": 9.4679965, "lat": 53.5455499 }, "geometry": { "type": "LineString", "coordinates": [ [ 9.4681777, 53.5456784 ], [ 9.4681586, 53.5457142 ], [ 9.4681207, 53.5457444 ], [ 9.4680683, 53.5457654 ], [ 9.4680071, 53.5457751 ], [ 9.467944, 53.5457722 ], [ 9.4678873, 53.5457577 ], [ 9.4678415, 53.5457333 ], [ 9.4678112, 53.5457013 ], [ 9.4677998, 53.5456653 ], [ 9.4678084, 53.5456291 ], [ 9.467836, 53.5455963 ], [ 9.4678799, 53.5455706 ], [ 9.4679353, 53.5455546 ], [ 9.4679965, 53.5455499 ], [ 9.4680585, 53.5455575 ], [ 9.4681128, 53.5455768 ], [ 9.4681535, 53.5456056 ], [ 9.468176, 53.5456408 ], [ 9.4681777, 53.5456784 ] ] } },
{ "type": "Feature", "properties": { "osm_type": "way", "osm_id": 1078916706, "category": "other", "type_de": "Sonstige Löschwasser-/Wasserstelle", "all_tags": { "area": "yes", "man_made": "storage_tank" }, "name": null, "ref": null, "operator": null, "access": null, "description": null, "note": null, "check_date": null, "fire_hydrant_type": null, "fire_hydrant_diameter": null, "fire_hydrant_pressure": null, "fire_hydrant_couplings": null, "fire_hydrant_position": null, "water_source": null, "water_tank_volume": null, "capacity": null, "diameter": null, "pressure": null, "source": null, "lon": 9.6579880999647898, "lat": 53.41131095 }, "geometry": { "type": "Polygon", "coordinates": [ [ [ 9.6578358, 53.4112948 ], [ 9.657856, 53.4112409 ], [ 9.657935, 53.4112065 ], [ 9.658057, 53.411215 ], [ 9.6581298, 53.4112598 ], [ 9.6581391, 53.4113308 ], [ 9.6580664, 53.4113778 ], [ 9.6579908, 53.4113926 ], [ 9.6579328, 53.4113875 ], [ 9.6578931, 53.4113738 ], [ 9.6578668, 53.411352 ], [ 9.6578436, 53.4113271 ], [ 9.6578358, 53.4112948 ] ] ] } }
]
}
